response_id,injected_profile,injected_issues,issue_count,expected_high_quality_complete,notes
R00001,good,,0,Yes,No injected defect; may still contain naturally suspicious-looking patterns.
R00002,good,,0,Yes,No injected defect; may still contain naturally suspicious-looking patterns.
R00003,good,,0,Yes,No injected defect; may still contain naturally suspicious-looking patterns.
R00004,good,,0,Yes,No injected defect; may still contain naturally suspicious-looking patterns.
R00005,good,,0,Yes,No injected defect; may still contain naturally suspicious-looking patterns.
R00006,good,,0,Yes,No injected defect; may still contain naturally suspicious-looking patterns.
R00007,good,,0,Yes,No injected defect; may still contain naturally suspicious-looking patterns.
R00008,good,,0,Yes,No injected defect; may still contain naturally suspicious-looking patterns.
R00009,inconsistent,logical_inconsistency,1,No,
R00010,attention_fail,attention_fail,1,No,
R00011,good,,0,Yes,No injected defect; may still contain naturally suspicious-looking patterns.
R00012,good,,0,Yes,No injected defect; may still contain naturally suspicious-looking patterns.
R00013,good,,0,Yes,No injected defect; may still contain naturally suspicious-looking patterns.
R00014,good,,0,Yes,No injected defect; may still contain naturally suspicious-looking patterns.
R00015,good,,0,Yes,No injected defect; may still contain naturally suspicious-looking patterns.
R00016,good,,0,Yes,No injected defect; may still contain naturally suspicious-looking patterns.
R00017,good,,0,Yes,No injected defect; may still contain naturally suspicious-looking patterns.
R00018,good,,0,Yes,No injected defect; may still contain naturally suspicious-looking patterns.
R00019,good,,0,Yes,No injected defect; may still contain naturally suspicious-looking patterns.
R00020,good,,0,Yes,No injected defect; may still contain naturally suspicious-looking patterns.
R00021,good,,0,Yes,No injected defect; may still contain naturally suspicious-looking patterns.
R00022,good,,0,Yes,No injected defect; may still contain naturally suspicious-looking patterns.
R00023,good,,0,Yes,No injected defect; may still contain naturally suspicious-looking patterns.
R00024,good,,0,Yes,No injected defect; may still contain naturally suspicious-looking patterns.
R00025,good,,0,Yes,No injected defect; may still contain naturally suspicious-looking patterns.
R00026,good,,0,Yes,No injected defect; may still contain naturally suspicious-looking patterns.
R00027,good,,0,Yes,No injected defect; may still contain naturally suspicious-looking patterns.
R00028,speeder,speeder,1,No,
R00029,good,,0,Yes,No injected defect; may still contain naturally suspicious-looking patterns.
R00030,straightliner,straightliner,1,No,
R00031,good,,0,Yes,No injected defect; may still contain naturally suspicious-looking patterns.
R00032,good,,0,Yes,No injected defect; may still contain naturally suspicious-looking patterns.
R00033,good,,0,Yes,No injected defect; may still contain naturally suspicious-looking patterns.
R00034,good,,0,Yes,No injected defect; may still contain naturally suspicious-looking patterns.
R00035,good,,0,Yes,No injected defect; may still contain naturally suspicious-looking patterns.
R00036,good,,0,Yes,No injected defect; may still contain naturally suspicious-looking patterns.
R00037,good,,0,Yes,No injected defect; may still contain naturally suspicious-looking patterns.
R00038,good,,0,Yes,No injected defect; may still contain naturally suspicious-looking patterns.
R00039,good,,0,Yes,No injected defect; may still contain naturally suspicious-looking patterns.
R00040,good,,0,Yes,No injected defect; may still contain naturally suspicious-looking patterns.
R00041,good,,0,Yes,No injected defect; may still contain naturally suspicious-looking patterns.
R00042,good,,0,Yes,No injected defect; may still contain naturally suspicious-looking patterns.
R00043,attention_fail,attention_fail,1,No,
R00044,good,,0,Yes,No injected defect; may still contain naturally suspicious-looking patterns.
R00045,multi_issue,straightliner; low_quality_open_text,2,No,
R00046,attention_fail,attention_fail,1,No,
R00047,good,,0,Yes,No injected defect; may still contain naturally suspicious-looking patterns.
R00048,good,,0,Yes,No injected defect; may still contain naturally suspicious-looking patterns.
R00049,good,,0,Yes,No injected defect; may still contain naturally suspicious-looking patterns.
R00050,good,,0,Yes,No injected defect; may still contain naturally suspicious-looking patterns.
R00051,good,,0,Yes,No injected defect; may still contain naturally suspicious-looking patterns.
R00052,duplicate,duplicate_like_submission,1,No,Copied substantive answers from R00409 and reused IP/fingerprint.
R00053,good,,0,Yes,No injected defect; may still contain naturally suspicious-looking patterns.
R00054,good,,0,Yes,No injected defect; may still contain naturally suspicious-looking patterns.
R00055,good,,0,Yes,No injected defect; may still contain naturally suspicious-looking patterns.
R00056,good,,0,Yes,No injected defect; may still contain naturally suspicious-looking patterns.
R00057,good,,0,Yes,No injected defect; may still contain naturally suspicious-looking patterns.
R00058,good,,0,Yes,No injected defect; may still contain naturally suspicious-looking patterns.
R00059,good,,0,Yes,No injected defect; may still contain naturally suspicious-looking patterns.
R00060,good,,0,Yes,No injected defect; may still contain naturally suspicious-looking patterns.
R00061,good,,0,Yes,No injected defect; may still contain naturally suspicious-looking patterns.
R00062,inconsistent,logical_inconsistency,1,No,
R00063,good,,0,Yes,No injected defect; may still contain naturally suspicious-looking patterns.
R00064,good,,0,Yes,No injected defect; may still contain naturally suspicious-looking patterns.
R00065,good,,0,Yes,No injected defect; may still contain naturally suspicious-looking patterns.
R00066,good,,0,Yes,No injected defect; may still contain naturally suspicious-looking patterns.
R00067,good,,0,Yes,No injected defect; may still contain naturally suspicious-looking patterns.
R00068,good,,0,Yes,No injected defect; may still contain naturally suspicious-looking patterns.
R00069,good,,0,Yes,No injected defect; may still contain naturally suspicious-looking patterns.
R00070,good,,0,Yes,No injected defect; may still contain naturally suspicious-looking patterns.
R00071,speeder,speeder,1,No,
R00072,good,,0,Yes,No injected defect; may still contain naturally suspicious-looking patterns.
R00073,good,,0,Yes,No injected defect; may still contain naturally suspicious-looking patterns.
R00074,inconsistent,logical_inconsistency,1,No,
R00075,good,,0,Yes,No injected defect; may still contain naturally suspicious-looking patterns.
R00076,good,,0,Yes,No injected defect; may still contain naturally suspicious-looking patterns.
R00077,multi_issue,logical_inconsistency; speeder,2,No,
R00078,good,,0,Yes,No injected defect; may still contain naturally suspicious-looking patterns.
R00079,good,,0,Yes,No injected defect; may still contain naturally suspicious-looking patterns.
R00080,straightliner,straightliner,1,No,
R00081,speeder,speeder,1,No,
R00082,duplicate,duplicate_like_submission,1,No,Copied substantive answers from R00354 and reused IP/fingerprint.
R00083,good,,0,Yes,No injected defect; may still contain naturally suspicious-looking patterns.
R00084,good,,0,Yes,No injected defect; may still contain naturally suspicious-looking patterns.
R00085,duplicate,duplicate_like_submission,1,No,Copied substantive answers from R00189 and reused IP/fingerprint.
R00086,good,,0,Yes,No injected defect; may still contain naturally suspicious-looking patterns.
R00087,good,,0,Yes,No injected defect; may still contain naturally suspicious-looking patterns.
R00088,good,,0,Yes,No injected defect; may still contain naturally suspicious-looking patterns.
R00089,good,,0,Yes,No injected defect; may still contain naturally suspicious-looking patterns.
R00090,good,,0,Yes,No injected defect; may still contain naturally suspicious-looking patterns.
R00091,good,,0,Yes,No injected defect; may still contain naturally suspicious-looking patterns.
R00092,good,,0,Yes,No injected defect; may still contain naturally suspicious-looking patterns.
R00093,low_quality_open,low_quality_open_text,1,No,
R00094,good,,0,Yes,No injected defect; may still contain naturally suspicious-looking patterns.
R00095,good,,0,Yes,No injected defect; may still contain naturally suspicious-looking patterns.
R00096,good,,0,Yes,No injected defect; may still contain naturally suspicious-looking patterns.
R00097,good,,0,Yes,No injected defect; may still contain naturally suspicious-looking patterns.
R00098,good,,0,Yes,No injected defect; may still contain naturally suspicious-looking patterns.
R00099,good,,0,Yes,No injected defect; may still contain naturally suspicious-looking patterns.
R00100,good,,0,Yes,No injected defect; may still contain naturally suspicious-looking patterns.
R00101,good,,0,Yes,No injected defect; may still contain naturally suspicious-looking patterns.
R00102,good,,0,Yes,No injected defect; may still contain naturally suspicious-looking patterns.
R00103,good,,0,Yes,No injected defect; may still contain naturally suspicious-looking patterns.
R00104,attention_fail,attention_fail,1,No,
R00105,good,,0,Yes,No injected defect; may still contain naturally suspicious-looking patterns.
R00106,good,,0,Yes,No injected defect; may still contain naturally suspicious-looking patterns.
R00107,good,,0,Yes,No injected defect; may still contain naturally suspicious-looking patterns.
R00108,attention_fail,attention_fail,1,No,
R00109,good,,0,Yes,No injected defect; may still contain naturally suspicious-looking patterns.
R00110,good,,0,Yes,No injected defect; may still contain naturally suspicious-looking patterns.
R00111,multi_issue,straightliner; speeder,2,No,
R00112,good,,0,Yes,No injected defect; may still contain naturally suspicious-looking patterns.
R00113,good,,0,Yes,No injected defect; may still contain naturally suspicious-looking patterns.
R00114,good,,0,Yes,No injected defect; may still contain naturally suspicious-looking patterns.
R00115,good,,0,Yes,No injected defect; may still contain naturally suspicious-looking patterns.
R00116,good,,0,Yes,No injected defect; may still contain naturally suspicious-looking patterns.
R00117,good,,0,Yes,No injected defect; may still contain naturally suspicious-looking patterns.
R00118,attention_fail,attention_fail,1,No,
R00119,good,,0,Yes,No injected defect; may still contain naturally suspicious-looking patterns.
R00120,good,,0,Yes,No injected defect; may still contain naturally suspicious-looking patterns.
R00121,good,,0,Yes,No injected defect; may still contain naturally suspicious-looking patterns.
R00122,good,,0,Yes,No injected defect; may still contain naturally suspicious-looking patterns.
R00123,low_quality_open,low_quality_open_text,1,No,
R00124,good,,0,Yes,No injected defect; may still contain naturally suspicious-looking patterns.
R00125,good,,0,Yes,No injected defect; may still contain naturally suspicious-looking patterns.
R00126,good,,0,Yes,No injected defect; may still contain naturally suspicious-looking patterns.
R00127,good,,0,Yes,No injected defect; may still contain naturally suspicious-looking patterns.
R00128,good,,0,Yes,No injected defect; may still contain naturally suspicious-looking patterns.
R00129,good,,0,Yes,No injected defect; may still contain naturally suspicious-looking patterns.
R00130,good,,0,Yes,No injected defect; may still contain naturally suspicious-looking patterns.
R00131,speeder,speeder,1,No,
R00132,good,,0,Yes,No injected defect; may still contain naturally suspicious-looking patterns.
R00133,inconsistent,logical_inconsistency,1,No,
R00134,good,,0,Yes,No injected defect; may still contain naturally suspicious-looking patterns.
R00135,good,,0,Yes,No injected defect; may still contain naturally suspicious-looking patterns.
R00136,good,,0,Yes,No injected defect; may still contain naturally suspicious-looking patterns.
R00137,good,,0,Yes,No injected defect; may still contain naturally suspicious-looking patterns.
R00138,good,,0,Yes,No injected defect; may still contain naturally suspicious-looking patterns.
R00139,good,,0,Yes,No injected defect; may still contain naturally suspicious-looking patterns.
R00140,speeder,speeder,1,No,
R00141,good,,0,Yes,No injected defect; may still contain naturally suspicious-looking patterns.
R00142,good,,0,Yes,No injected defect; may still contain naturally suspicious-looking patterns.
R00143,good,,0,Yes,No injected defect; may still contain naturally suspicious-looking patterns.
R00144,good,,0,Yes,No injected defect; may still contain naturally suspicious-looking patterns.
R00145,multi_issue,attention_fail; logical_inconsistency,2,No,
R00146,duplicate,duplicate_like_submission,1,No,Copied substantive answers from R00904 and reused IP/fingerprint.
R00147,good,,0,Yes,No injected defect; may still contain naturally suspicious-looking patterns.
R00148,good,,0,Yes,No injected defect; may still contain naturally suspicious-looking patterns.
R00149,multi_issue,attention_fail; logical_inconsistency,2,No,
R00150,good,,0,Yes,No injected defect; may still contain naturally suspicious-looking patterns.
R00151,good,,0,Yes,No injected defect; may still contain naturally suspicious-looking patterns.
R00152,good,,0,Yes,No injected defect; may still contain naturally suspicious-looking patterns.
R00153,straightliner,straightliner,1,No,
R00154,good,,0,Yes,No injected defect; may still contain naturally suspicious-looking patterns.
R00155,good,,0,Yes,No injected defect; may still contain naturally suspicious-looking patterns.
R00156,inconsistent,logical_inconsistency,1,No,
R00157,attention_fail,attention_fail,1,No,
R00158,good,,0,Yes,No injected defect; may still contain naturally suspicious-looking patterns.
R00159,good,,0,Yes,No injected defect; may still contain naturally suspicious-looking patterns.
R00160,good,,0,Yes,No injected defect; may still contain naturally suspicious-looking patterns.
R00161,good,,0,Yes,No injected defect; may still contain naturally suspicious-looking patterns.
R00162,good,,0,Yes,No injected defect; may still contain naturally suspicious-looking patterns.
R00163,good,,0,Yes,No injected defect; may still contain naturally suspicious-looking patterns.
R00164,good,,0,Yes,No injected defect; may still contain naturally suspicious-looking patterns.
R00165,good,,0,Yes,No injected defect; may still contain naturally suspicious-looking patterns.
R00166,good,,0,Yes,No injected defect; may still contain naturally suspicious-looking patterns.
R00167,good,,0,Yes,No injected defect; may still contain naturally suspicious-looking patterns.
R00168,good,,0,Yes,No injected defect; may still contain naturally suspicious-looking patterns.
R00169,good,,0,Yes,No injected defect; may still contain naturally suspicious-looking patterns.
R00170,good,,0,Yes,No injected defect; may still contain naturally suspicious-looking patterns.
R00171,attention_fail,attention_fail,1,No,
R00172,good,,0,Yes,No injected defect; may still contain naturally suspicious-looking patterns.
R00173,good,,0,Yes,No injected defect; may still contain naturally suspicious-looking patterns.
R00174,good,,0,Yes,No injected defect; may still contain naturally suspicious-looking patterns.
R00175,good,,0,Yes,No injected defect; may still contain naturally suspicious-looking patterns.
R00176,good,,0,Yes,No injected defect; may still contain naturally suspicious-looking patterns.
R00177,good,,0,Yes,No injected defect; may still contain naturally suspicious-looking patterns.
R00178,good,,0,Yes,No injected defect; may still contain naturally suspicious-looking patterns.
R00179,good,,0,Yes,No injected defect; may still contain naturally suspicious-looking patterns.
R00180,multi_issue,speeder; logical_inconsistency,2,No,
R00181,good,,0,Yes,No injected defect; may still contain naturally suspicious-looking patterns.
R00182,good,,0,Yes,No injected defect; may still contain naturally suspicious-looking patterns.
R00183,good,,0,Yes,No injected defect; may still contain naturally suspicious-looking patterns.
R00184,multi_issue,logical_inconsistency; attention_fail,2,No,
R00185,good,,0,Yes,No injected defect; may still contain naturally suspicious-looking patterns.
R00186,good,,0,Yes,No injected defect; may still contain naturally suspicious-looking patterns.
R00187,speeder,speeder,1,No,
R00188,good,,0,Yes,No injected defect; may still contain naturally suspicious-looking patterns.
R00189,good,,0,Yes,No injected defect; may still contain naturally suspicious-looking patterns.
R00190,good,,0,Yes,No injected defect; may still contain naturally suspicious-looking patterns.
R00191,good,,0,Yes,No injected defect; may still contain naturally suspicious-looking patterns.
R00192,good,,0,Yes,No injected defect; may still contain naturally suspicious-looking patterns.
R00193,good,,0,Yes,No injected defect; may still contain naturally suspicious-looking patterns.
R00194,good,,0,Yes,No injected defect; may still contain naturally suspicious-looking patterns.
R00195,good,,0,Yes,No injected defect; may still contain naturally suspicious-looking patterns.
R00196,good,,0,Yes,No injected defect; may still contain naturally suspicious-looking patterns.
R00197,straightliner,straightliner,1,No,
R00198,good,,0,Yes,No injected defect; may still contain naturally suspicious-looking patterns.
R00199,good,,0,Yes,No injected defect; may still contain naturally suspicious-looking patterns.
R00200,good,,0,Yes,No injected defect; may still contain naturally suspicious-looking patterns.
R00201,good,,0,Yes,No injected defect; may still contain naturally suspicious-looking patterns.
R00202,good,,0,Yes,No injected defect; may still contain naturally suspicious-looking patterns.
R00203,speeder,speeder,1,No,
R00204,good,,0,Yes,No injected defect; may still contain naturally suspicious-looking patterns.
R00205,inconsistent,logical_inconsistency,1,No,
R00206,good,,0,Yes,No injected defect; may still contain naturally suspicious-looking patterns.
R00207,good,,0,Yes,No injected defect; may still contain naturally suspicious-looking patterns.
R00208,good,,0,Yes,No injected defect; may still contain naturally suspicious-looking patterns.
R00209,good,,0,Yes,No injected defect; may still contain naturally suspicious-looking patterns.
R00210,good,,0,Yes,No injected defect; may still contain naturally suspicious-looking patterns.
R00211,good,,0,Yes,No injected defect; may still contain naturally suspicious-looking patterns.
R00212,good,,0,Yes,No injected defect; may still contain naturally suspicious-looking patterns.
R00213,attention_fail,attention_fail,1,No,
R00214,good,,0,Yes,No injected defect; may still contain naturally suspicious-looking patterns.
R00215,good,,0,Yes,No injected defect; may still contain naturally suspicious-looking patterns.
R00216,good,,0,Yes,No injected defect; may still contain naturally suspicious-looking patterns.
R00217,good,,0,Yes,No injected defect; may still contain naturally suspicious-looking patterns.
R00218,good,,0,Yes,No injected defect; may still contain naturally suspicious-looking patterns.
R00219,good,,0,Yes,No injected defect; may still contain naturally suspicious-looking patterns.
R00220,good,,0,Yes,No injected defect; may still contain naturally suspicious-looking patterns.
R00221,speeder,speeder,1,No,
R00222,attention_fail,attention_fail,1,No,
R00223,attention_fail,attention_fail,1,No,
R00224,good,,0,Yes,No injected defect; may still contain naturally suspicious-looking patterns.
R00225,good,,0,Yes,No injected defect; may still contain naturally suspicious-looking patterns.
R00226,good,,0,Yes,No injected defect; may still contain naturally suspicious-looking patterns.
R00227,good,,0,Yes,No injected defect; may still contain naturally suspicious-looking patterns.
R00228,good,,0,Yes,No injected defect; may still contain naturally suspicious-looking patterns.
R00229,attention_fail,attention_fail,1,No,
R00230,inconsistent,logical_inconsistency,1,No,
R00231,good,,0,Yes,No injected defect; may still contain naturally suspicious-looking patterns.
R00232,good,,0,Yes,No injected defect; may still contain naturally suspicious-looking patterns.
R00233,good,,0,Yes,No injected defect; may still contain naturally suspicious-looking patterns.
R00234,good,,0,Yes,No injected defect; may still contain naturally suspicious-looking patterns.
R00235,good,,0,Yes,No injected defect; may still contain naturally suspicious-looking patterns.
R00236,good,,0,Yes,No injected defect; may still contain naturally suspicious-looking patterns.
R00237,good,,0,Yes,No injected defect; may still contain naturally suspicious-looking patterns.
R00238,good,,0,Yes,No injected defect; may still contain naturally suspicious-looking patterns.
R00239,good,,0,Yes,No injected defect; may still contain naturally suspicious-looking patterns.
R00240,speeder,speeder,1,No,
R00241,good,,0,Yes,No injected defect; may still contain naturally suspicious-looking patterns.
R00242,good,,0,Yes,No injected defect; may still contain naturally suspicious-looking patterns.
R00243,good,,0,Yes,No injected defect; may still contain naturally suspicious-looking patterns.
R00244,good,,0,Yes,No injected defect; may still contain naturally suspicious-looking patterns.
R00245,low_quality_open,low_quality_open_text,1,No,
R00246,good,,0,Yes,No injected defect; may still contain naturally suspicious-looking patterns.
R00247,good,,0,Yes,No injected defect; may still contain naturally suspicious-looking patterns.
R00248,good,,0,Yes,No injected defect; may still contain naturally suspicious-looking patterns.
R00249,good,,0,Yes,No injected defect; may still contain naturally suspicious-looking patterns.
R00250,good,,0,Yes,No injected defect; may still contain naturally suspicious-looking patterns.
R00251,good,,0,Yes,No injected defect; may still contain naturally suspicious-looking patterns.
R00252,good,,0,Yes,No injected defect; may still contain naturally suspicious-looking patterns.
R00253,low_quality_open,low_quality_open_text,1,No,
R00254,good,,0,Yes,No injected defect; may still contain naturally suspicious-looking patterns.
R00255,good,,0,Yes,No injected defect; may still contain naturally suspicious-looking patterns.
R00256,good,,0,Yes,No injected defect; may still contain naturally suspicious-looking patterns.
R00257,good,,0,Yes,No injected defect; may still contain naturally suspicious-looking patterns.
R00258,good,,0,Yes,No injected defect; may still contain naturally suspicious-looking patterns.
R00259,good,,0,Yes,No injected defect; may still contain naturally suspicious-looking patterns.
R00260,good,,0,Yes,No injected defect; may still contain naturally suspicious-looking patterns.
R00261,straightliner,straightliner,1,No,
R00262,good,,0,Yes,No injected defect; may still contain naturally suspicious-looking patterns.
R00263,good,,0,Yes,No injected defect; may still contain naturally suspicious-looking patterns.
R00264,good,,0,Yes,No injected defect; may still contain naturally suspicious-looking patterns.
R00265,good,,0,Yes,No injected defect; may still contain naturally suspicious-looking patterns.
R00266,good,,0,Yes,No injected defect; may still contain naturally suspicious-looking patterns.
R00267,good,,0,Yes,No injected defect; may still contain naturally suspicious-looking patterns.
R00268,good,,0,Yes,No injected defect; may still contain naturally suspicious-looking patterns.
R00269,good,,0,Yes,No injected defect; may still contain naturally suspicious-looking patterns.
R00270,good,,0,Yes,No injected defect; may still contain naturally suspicious-looking patterns.
R00271,good,,0,Yes,No injected defect; may still contain naturally suspicious-looking patterns.
R00272,good,,0,Yes,No injected defect; may still contain naturally suspicious-looking patterns.
R00273,good,,0,Yes,No injected defect; may still contain naturally suspicious-looking patterns.
R00274,good,,0,Yes,No injected defect; may still contain naturally suspicious-looking patterns.
R00275,good,,0,Yes,No injected defect; may still contain naturally suspicious-looking patterns.
R00276,good,,0,Yes,No injected defect; may still contain naturally suspicious-looking patterns.
R00277,good,,0,Yes,No injected defect; may still contain naturally suspicious-looking patterns.
R00278,good,,0,Yes,No injected defect; may still contain naturally suspicious-looking patterns.
R00279,good,,0,Yes,No injected defect; may still contain naturally suspicious-looking patterns.
R00280,multi_issue,speeder; attention_fail,2,No,
R00281,low_quality_open,low_quality_open_text,1,No,
R00282,good,,0,Yes,No injected defect; may still contain naturally suspicious-looking patterns.
R00283,multi_issue,low_quality_open_text; speeder,2,No,
R00284,speeder,speeder,1,No,
R00285,good,,0,Yes,No injected defect; may still contain naturally suspicious-looking patterns.
R00286,good,,0,Yes,No injected defect; may still contain naturally suspicious-looking patterns.
R00287,speeder,speeder,1,No,
R00288,good,,0,Yes,No injected defect; may still contain naturally suspicious-looking patterns.
R00289,good,,0,Yes,No injected defect; may still contain naturally suspicious-looking patterns.
R00290,good,,0,Yes,No injected defect; may still contain naturally suspicious-looking patterns.
R00291,good,,0,Yes,No injected defect; may still contain naturally suspicious-looking patterns.
R00292,good,,0,Yes,No injected defect; may still contain naturally suspicious-looking patterns.
R00293,good,,0,Yes,No injected defect; may still contain naturally suspicious-looking patterns.
R00294,good,,0,Yes,No injected defect; may still contain naturally suspicious-looking patterns.
R00295,good,,0,Yes,No injected defect; may still contain naturally suspicious-looking patterns.
R00296,straightliner,straightliner,1,No,
R00297,good,,0,Yes,No injected defect; may still contain naturally suspicious-looking patterns.
R00298,good,,0,Yes,No injected defect; may still contain naturally suspicious-looking patterns.
R00299,good,,0,Yes,No injected defect; may still contain naturally suspicious-looking patterns.
R00300,good,,0,Yes,No injected defect; may still contain naturally suspicious-looking patterns.
R00301,good,,0,Yes,No injected defect; may still contain naturally suspicious-looking patterns.
R00302,good,,0,Yes,No injected defect; may still contain naturally suspicious-looking patterns.
R00303,good,,0,Yes,No injected defect; may still contain naturally suspicious-looking patterns.
R00304,invalid_value,out_of_range_nps,1,No,
R00305,good,,0,Yes,No injected defect; may still contain naturally suspicious-looking patterns.
R00306,good,,0,Yes,No injected defect; may still contain naturally suspicious-looking patterns.
R00307,good,,0,Yes,No injected defect; may still contain naturally suspicious-looking patterns.
R00308,low_quality_open,low_quality_open_text,1,No,
R00309,good,,0,Yes,No injected defect; may still contain naturally suspicious-looking patterns.
R00310,speeder,speeder,1,No,
R00311,good,,0,Yes,No injected defect; may still contain naturally suspicious-looking patterns.
R00312,good,,0,Yes,No injected defect; may still contain naturally suspicious-looking patterns.
R00313,good,,0,Yes,No injected defect; may still contain naturally suspicious-looking patterns.
R00314,good,,0,Yes,No injected defect; may still contain naturally suspicious-looking patterns.
R00315,good,,0,Yes,No injected defect; may still contain naturally suspicious-looking patterns.
R00316,good,,0,Yes,No injected defect; may still contain naturally suspicious-looking patterns.
R00317,good,,0,Yes,No injected defect; may still contain naturally suspicious-looking patterns.
R00318,good,,0,Yes,No injected defect; may still contain naturally suspicious-looking patterns.
R00319,good,,0,Yes,No injected defect; may still contain naturally suspicious-looking patterns.
R00320,good,,0,Yes,No injected defect; may still contain naturally suspicious-looking patterns.
R00321,good,,0,Yes,No injected defect; may still contain naturally suspicious-looking patterns.
R00322,good,,0,Yes,No injected defect; may still contain naturally suspicious-looking patterns.
R00323,good,,0,Yes,No injected defect; may still contain naturally suspicious-looking patterns.
R00324,good,,0,Yes,No injected defect; may still contain naturally suspicious-looking patterns.
R00325,good,,0,Yes,No injected defect; may still contain naturally suspicious-looking patterns.
R00326,good,,0,Yes,No injected defect; may still contain naturally suspicious-looking patterns.
R00327,good,,0,Yes,No injected defect; may still contain naturally suspicious-looking patterns.
R00328,good,,0,Yes,No injected defect; may still contain naturally suspicious-looking patterns.
R00329,good,,0,Yes,No injected defect; may still contain naturally suspicious-looking patterns.
R00330,good,,0,Yes,No injected defect; may still contain naturally suspicious-looking patterns.
R00331,low_quality_open,low_quality_open_text,1,No,
R00332,straightliner,straightliner,1,No,
R00333,attention_fail,attention_fail,1,No,
R00334,speeder,speeder,1,No,
R00335,speeder,speeder,1,No,
R00336,good,,0,Yes,No injected defect; may still contain naturally suspicious-looking patterns.
R00337,multi_issue,logical_inconsistency; low_quality_open_text,2,No,
R00338,good,,0,Yes,No injected defect; may still contain naturally suspicious-looking patterns.
R00339,good,,0,Yes,No injected defect; may still contain naturally suspicious-looking patterns.
R00340,duplicate,duplicate_like_submission,1,No,Copied substantive answers from R00034 and reused IP/fingerprint.
R00341,speeder,speeder,1,No,
R00342,low_quality_open,low_quality_open_text,1,No,
R00343,good,,0,Yes,No injected defect; may still contain naturally suspicious-looking patterns.
R00344,good,,0,Yes,No injected defect; may still contain naturally suspicious-looking patterns.
R00345,good,,0,Yes,No injected defect; may still contain naturally suspicious-looking patterns.
R00346,good,,0,Yes,No injected defect; may still contain naturally suspicious-looking patterns.
R00347,good,,0,Yes,No injected defect; may still contain naturally suspicious-looking patterns.
R00348,good,,0,Yes,No injected defect; may still contain naturally suspicious-looking patterns.
R00349,attention_fail,attention_fail,1,No,
R00350,straightliner,straightliner,1,No,
R00351,good,,0,Yes,No injected defect; may still contain naturally suspicious-looking patterns.
R00352,good,,0,Yes,No injected defect; may still contain naturally suspicious-looking patterns.
R00353,good,,0,Yes,No injected defect; may still contain naturally suspicious-looking patterns.
R00354,good,,0,Yes,No injected defect; may still contain naturally suspicious-looking patterns.
R00355,good,,0,Yes,No injected defect; may still contain naturally suspicious-looking patterns.
R00356,good,,0,Yes,No injected defect; may still contain naturally suspicious-looking patterns.
R00357,good,,0,Yes,No injected defect; may still contain naturally suspicious-looking patterns.
R00358,good,,0,Yes,No injected defect; may still contain naturally suspicious-looking patterns.
R00359,good,,0,Yes,No injected defect; may still contain naturally suspicious-looking patterns.
R00360,good,,0,Yes,No injected defect; may still contain naturally suspicious-looking patterns.
R00361,multi_issue,straightliner; logical_inconsistency,2,No,
R00362,good,,0,Yes,No injected defect; may still contain naturally suspicious-looking patterns.
R00363,good,,0,Yes,No injected defect; may still contain naturally suspicious-looking patterns.
R00364,good,,0,Yes,No injected defect; may still contain naturally suspicious-looking patterns.
R00365,good,,0,Yes,No injected defect; may still contain naturally suspicious-looking patterns.
R00366,good,,0,Yes,No injected defect; may still contain naturally suspicious-looking patterns.
R00367,good,,0,Yes,No injected defect; may still contain naturally suspicious-looking patterns.
R00368,good,,0,Yes,No injected defect; may still contain naturally suspicious-looking patterns.
R00369,good,,0,Yes,No injected defect; may still contain naturally suspicious-looking patterns.
R00370,good,,0,Yes,No injected defect; may still contain naturally suspicious-looking patterns.
R00371,good,,0,Yes,No injected defect; may still contain naturally suspicious-looking patterns.
R00372,good,,0,Yes,No injected defect; may still contain naturally suspicious-looking patterns.
R00373,good,,0,Yes,No injected defect; may still contain naturally suspicious-looking patterns.
R00374,good,,0,Yes,No injected defect; may still contain naturally suspicious-looking patterns.
R00375,good,,0,Yes,No injected defect; may still contain naturally suspicious-looking patterns.
R00376,good,,0,Yes,No injected defect; may still contain naturally suspicious-looking patterns.
R00377,good,,0,Yes,No injected defect; may still contain naturally suspicious-looking patterns.
R00378,good,,0,Yes,No injected defect; may still contain naturally suspicious-looking patterns.
R00379,good,,0,Yes,No injected defect; may still contain naturally suspicious-looking patterns.
R00380,good,,0,Yes,No injected defect; may still contain naturally suspicious-looking patterns.
R00381,good,,0,Yes,No injected defect; may still contain naturally suspicious-looking patterns.
R00382,good,,0,Yes,No injected defect; may still contain naturally suspicious-looking patterns.
R00383,good,,0,Yes,No injected defect; may still contain naturally suspicious-looking patterns.
R00384,attention_fail,attention_fail,1,No,
R00385,good,,0,Yes,No injected defect; may still contain naturally suspicious-looking patterns.
R00386,good,,0,Yes,No injected defect; may still contain naturally suspicious-looking patterns.
R00387,good,,0,Yes,No injected defect; may still contain naturally suspicious-looking patterns.
R00388,good,,0,Yes,No injected defect; may still contain naturally suspicious-looking patterns.
R00389,low_quality_open,low_quality_open_text,1,No,
R00390,good,,0,Yes,No injected defect; may still contain naturally suspicious-looking patterns.
R00391,good,,0,Yes,No injected defect; may still contain naturally suspicious-looking patterns.
R00392,good,,0,Yes,No injected defect; may still contain naturally suspicious-looking patterns.
R00393,good,,0,Yes,No injected defect; may still contain naturally suspicious-looking patterns.
R00394,good,,0,Yes,No injected defect; may still contain naturally suspicious-looking patterns.
R00395,good,,0,Yes,No injected defect; may still contain naturally suspicious-looking patterns.
R00396,good,,0,Yes,No injected defect; may still contain naturally suspicious-looking patterns.
R00397,speeder,speeder,1,No,
R00398,attention_fail,attention_fail,1,No,
R00399,good,,0,Yes,No injected defect; may still contain naturally suspicious-looking patterns.
R00400,invalid_value,invalid_eligible_age,1,No,
R00401,good,,0,Yes,No injected defect; may still contain naturally suspicious-looking patterns.
R00402,speeder,speeder,1,No,
R00403,multi_issue,speeder; logical_inconsistency,2,No,
R00404,good,,0,Yes,No injected defect; may still contain naturally suspicious-looking patterns.
R00405,good,,0,Yes,No injected defect; may still contain naturally suspicious-looking patterns.
R00406,good,,0,Yes,No injected defect; may still contain naturally suspicious-looking patterns.
R00407,good,,0,Yes,No injected defect; may still contain naturally suspicious-looking patterns.
R00408,straightliner,straightliner,1,No,
R00409,good,,0,Yes,No injected defect; may still contain naturally suspicious-looking patterns.
R00410,good,,0,Yes,No injected defect; may still contain naturally suspicious-looking patterns.
R00411,multi_issue,speeder; low_quality_open_text,2,No,
R00412,good,,0,Yes,No injected defect; may still contain naturally suspicious-looking patterns.
R00413,good,,0,Yes,No injected defect; may still contain naturally suspicious-looking patterns.
R00414,good,,0,Yes,No injected defect; may still contain naturally suspicious-looking patterns.
R00415,good,,0,Yes,No injected defect; may still contain naturally suspicious-looking patterns.
R00416,good,,0,Yes,No injected defect; may still contain naturally suspicious-looking patterns.
R00417,good,,0,Yes,No injected defect; may still contain naturally suspicious-looking patterns.
R00418,good,,0,Yes,No injected defect; may still contain naturally suspicious-looking patterns.
R00419,good,,0,Yes,No injected defect; may still contain naturally suspicious-looking patterns.
R00420,good,,0,Yes,No injected defect; may still contain naturally suspicious-looking patterns.
R00421,good,,0,Yes,No injected defect; may still contain naturally suspicious-looking patterns.
R00422,good,,0,Yes,No injected defect; may still contain naturally suspicious-looking patterns.
R00423,good,,0,Yes,No injected defect; may still contain naturally suspicious-looking patterns.
R00424,good,,0,Yes,No injected defect; may still contain naturally suspicious-looking patterns.
R00425,good,,0,Yes,No injected defect; may still contain naturally suspicious-looking patterns.
R00426,good,,0,Yes,No injected defect; may still contain naturally suspicious-looking patterns.
R00427,good,,0,Yes,No injected defect; may still contain naturally suspicious-looking patterns.
R00428,good,,0,Yes,No injected defect; may still contain naturally suspicious-looking patterns.
R00429,low_quality_open,low_quality_open_text,1,No,
R00430,good,,0,Yes,No injected defect; may still contain naturally suspicious-looking patterns.
R00431,good,,0,Yes,No injected defect; may still contain naturally suspicious-looking patterns.
R00432,speeder,speeder,1,No,
R00433,straightliner,straightliner,1,No,
R00434,good,,0,Yes,No injected defect; may still contain naturally suspicious-looking patterns.
R00435,good,,0,Yes,No injected defect; may still contain naturally suspicious-looking patterns.
R00436,good,,0,Yes,No injected defect; may still contain naturally suspicious-looking patterns.
R00437,good,,0,Yes,No injected defect; may still contain naturally suspicious-looking patterns.
R00438,good,,0,Yes,No injected defect; may still contain naturally suspicious-looking patterns.
R00439,good,,0,Yes,No injected defect; may still contain naturally suspicious-looking patterns.
R00440,good,,0,Yes,No injected defect; may still contain naturally suspicious-looking patterns.
R00441,good,,0,Yes,No injected defect; may still contain naturally suspicious-looking patterns.
R00442,good,,0,Yes,No injected defect; may still contain naturally suspicious-looking patterns.
R00443,good,,0,Yes,No injected defect; may still contain naturally suspicious-looking patterns.
R00444,low_quality_open,low_quality_open_text,1,No,
R00445,good,,0,Yes,No injected defect; may still contain naturally suspicious-looking patterns.
R00446,low_quality_open,low_quality_open_text,1,No,
R00447,attention_fail,attention_fail,1,No,
R00448,inconsistent,logical_inconsistency,1,No,
R00449,good,,0,Yes,No injected defect; may still contain naturally suspicious-looking patterns.
R00450,good,,0,Yes,No injected defect; may still contain naturally suspicious-looking patterns.
R00451,attention_fail,attention_fail,1,No,
R00452,good,,0,Yes,No injected defect; may still contain naturally suspicious-looking patterns.
R00453,attention_fail,attention_fail,1,No,
R00454,low_quality_open,low_quality_open_text,1,No,
R00455,good,,0,Yes,No injected defect; may still contain naturally suspicious-looking patterns.
R00456,good,,0,Yes,No injected defect; may still contain naturally suspicious-looking patterns.
R00457,good,,0,Yes,No injected defect; may still contain naturally suspicious-looking patterns.
R00458,straightliner,straightliner,1,No,
R00459,good,,0,Yes,No injected defect; may still contain naturally suspicious-looking patterns.
R00460,duplicate,duplicate_like_submission,1,No,Copied substantive answers from R00346 and reused IP/fingerprint.
R00461,good,,0,Yes,No injected defect; may still contain naturally suspicious-looking patterns.
R00462,good,,0,Yes,No injected defect; may still contain naturally suspicious-looking patterns.
R00463,good,,0,Yes,No injected defect; may still contain naturally suspicious-looking patterns.
R00464,good,,0,Yes,No injected defect; may still contain naturally suspicious-looking patterns.
R00465,good,,0,Yes,No injected defect; may still contain naturally suspicious-looking patterns.
R00466,good,,0,Yes,No injected defect; may still contain naturally suspicious-looking patterns.
R00467,good,,0,Yes,No injected defect; may still contain naturally suspicious-looking patterns.
R00468,good,,0,Yes,No injected defect; may still contain naturally suspicious-looking patterns.
R00469,multi_issue,straightliner; attention_fail,2,No,
R00470,good,,0,Yes,No injected defect; may still contain naturally suspicious-looking patterns.
R00471,good,,0,Yes,No injected defect; may still contain naturally suspicious-looking patterns.
R00472,good,,0,Yes,No injected defect; may still contain naturally suspicious-looking patterns.
R00473,good,,0,Yes,No injected defect; may still contain naturally suspicious-looking patterns.
R00474,multi_issue,attention_fail; logical_inconsistency,2,No,
R00475,good,,0,Yes,No injected defect; may still contain naturally suspicious-looking patterns.
R00476,good,,0,Yes,No injected defect; may still contain naturally suspicious-looking patterns.
R00477,good,,0,Yes,No injected defect; may still contain naturally suspicious-looking patterns.
R00478,multi_issue,speeder; low_quality_open_text,2,No,
R00479,speeder,speeder,1,No,
R00480,good,,0,Yes,No injected defect; may still contain naturally suspicious-looking patterns.
R00481,straightliner,straightliner,1,No,
R00482,good,,0,Yes,No injected defect; may still contain naturally suspicious-looking patterns.
R00483,good,,0,Yes,No injected defect; may still contain naturally suspicious-looking patterns.
R00484,good,,0,Yes,No injected defect; may still contain naturally suspicious-looking patterns.
R00485,good,,0,Yes,No injected defect; may still contain naturally suspicious-looking patterns.
R00486,attention_fail,attention_fail,1,No,
R00487,good,,0,Yes,No injected defect; may still contain naturally suspicious-looking patterns.
R00488,good,,0,Yes,No injected defect; may still contain naturally suspicious-looking patterns.
R00489,duplicate,duplicate_like_submission,1,No,Copied substantive answers from R00217 and reused IP/fingerprint.
R00490,good,,0,Yes,No injected defect; may still contain naturally suspicious-looking patterns.
R00491,good,,0,Yes,No injected defect; may still contain naturally suspicious-looking patterns.
R00492,good,,0,Yes,No injected defect; may still contain naturally suspicious-looking patterns.
R00493,speeder,speeder,1,No,
R00494,good,,0,Yes,No injected defect; may still contain naturally suspicious-looking patterns.
R00495,good,,0,Yes,No injected defect; may still contain naturally suspicious-looking patterns.
R00496,good,,0,Yes,No injected defect; may still contain naturally suspicious-looking patterns.
R00497,good,,0,Yes,No injected defect; may still contain naturally suspicious-looking patterns.
R00498,good,,0,Yes,No injected defect; may still contain naturally suspicious-looking patterns.
R00499,good,,0,Yes,No injected defect; may still contain naturally suspicious-looking patterns.
R00500,good,,0,Yes,No injected defect; may still contain naturally suspicious-looking patterns.
R00501,good,,0,Yes,No injected defect; may still contain naturally suspicious-looking patterns.
R00502,speeder,speeder,1,No,
R00503,good,,0,Yes,No injected defect; may still contain naturally suspicious-looking patterns.
R00504,good,,0,Yes,No injected defect; may still contain naturally suspicious-looking patterns.
R00505,good,,0,Yes,No injected defect; may still contain naturally suspicious-looking patterns.
R00506,good,,0,Yes,No injected defect; may still contain naturally suspicious-looking patterns.
R00507,good,,0,Yes,No injected defect; may still contain naturally suspicious-looking patterns.
R00508,good,,0,Yes,No injected defect; may still contain naturally suspicious-looking patterns.
R00509,good,,0,Yes,No injected defect; may still contain naturally suspicious-looking patterns.
R00510,good,,0,Yes,No injected defect; may still contain naturally suspicious-looking patterns.
R00511,good,,0,Yes,No injected defect; may still contain naturally suspicious-looking patterns.
R00512,good,,0,Yes,No injected defect; may still contain naturally suspicious-looking patterns.
R00513,good,,0,Yes,No injected defect; may still contain naturally suspicious-looking patterns.
R00514,good,,0,Yes,No injected defect; may still contain naturally suspicious-looking patterns.
R00515,good,,0,Yes,No injected defect; may still contain naturally suspicious-looking patterns.
R00516,good,,0,Yes,No injected defect; may still contain naturally suspicious-looking patterns.
R00517,straightliner,straightliner,1,No,
R00518,good,,0,Yes,No injected defect; may still contain naturally suspicious-looking patterns.
R00519,good,,0,Yes,No injected defect; may still contain naturally suspicious-looking patterns.
R00520,good,,0,Yes,No injected defect; may still contain naturally suspicious-looking patterns.
R00521,good,,0,Yes,No injected defect; may still contain naturally suspicious-looking patterns.
R00522,good,,0,Yes,No injected defect; may still contain naturally suspicious-looking patterns.
R00523,straightliner,straightliner,1,No,
R00524,good,,0,Yes,No injected defect; may still contain naturally suspicious-looking patterns.
R00525,good,,0,Yes,No injected defect; may still contain naturally suspicious-looking patterns.
R00526,good,,0,Yes,No injected defect; may still contain naturally suspicious-looking patterns.
R00527,good,,0,Yes,No injected defect; may still contain naturally suspicious-looking patterns.
R00528,good,,0,Yes,No injected defect; may still contain naturally suspicious-looking patterns.
R00529,good,,0,Yes,No injected defect; may still contain naturally suspicious-looking patterns.
R00530,good,,0,Yes,No injected defect; may still contain naturally suspicious-looking patterns.
R00531,good,,0,Yes,No injected defect; may still contain naturally suspicious-looking patterns.
R00532,good,,0,Yes,No injected defect; may still contain naturally suspicious-looking patterns.
R00533,good,,0,Yes,No injected defect; may still contain naturally suspicious-looking patterns.
R00534,good,,0,Yes,No injected defect; may still contain naturally suspicious-looking patterns.
R00535,good,,0,Yes,No injected defect; may still contain naturally suspicious-looking patterns.
R00536,good,,0,Yes,No injected defect; may still contain naturally suspicious-looking patterns.
R00537,good,,0,Yes,No injected defect; may still contain naturally suspicious-looking patterns.
R00538,good,,0,Yes,No injected defect; may still contain naturally suspicious-looking patterns.
R00539,good,,0,Yes,No injected defect; may still contain naturally suspicious-looking patterns.
R00540,good,,0,Yes,No injected defect; may still contain naturally suspicious-looking patterns.
R00541,good,,0,Yes,No injected defect; may still contain naturally suspicious-looking patterns.
R00542,good,,0,Yes,No injected defect; may still contain naturally suspicious-looking patterns.
R00543,good,,0,Yes,No injected defect; may still contain naturally suspicious-looking patterns.
R00544,speeder,speeder,1,No,
R00545,attention_fail,attention_fail,1,No,
R00546,good,,0,Yes,No injected defect; may still contain naturally suspicious-looking patterns.
R00547,good,,0,Yes,No injected defect; may still contain naturally suspicious-looking patterns.
R00548,good,,0,Yes,No injected defect; may still contain naturally suspicious-looking patterns.
R00549,good,,0,Yes,No injected defect; may still contain naturally suspicious-looking patterns.
R00550,good,,0,Yes,No injected defect; may still contain naturally suspicious-looking patterns.
R00551,good,,0,Yes,No injected defect; may still contain naturally suspicious-looking patterns.
R00552,good,,0,Yes,No injected defect; may still contain naturally suspicious-looking patterns.
R00553,good,,0,Yes,No injected defect; may still contain naturally suspicious-looking patterns.
R00554,duplicate,duplicate_like_submission,1,No,Copied substantive answers from R00327 and reused IP/fingerprint.
R00555,good,,0,Yes,No injected defect; may still contain naturally suspicious-looking patterns.
R00556,good,,0,Yes,No injected defect; may still contain naturally suspicious-looking patterns.
R00557,good,,0,Yes,No injected defect; may still contain naturally suspicious-looking patterns.
R00558,good,,0,Yes,No injected defect; may still contain naturally suspicious-looking patterns.
R00559,good,,0,Yes,No injected defect; may still contain naturally suspicious-looking patterns.
R00560,inconsistent,logical_inconsistency,1,No,
R00561,good,,0,Yes,No injected defect; may still contain naturally suspicious-looking patterns.
R00562,good,,0,Yes,No injected defect; may still contain naturally suspicious-looking patterns.
R00563,good,,0,Yes,No injected defect; may still contain naturally suspicious-looking patterns.
R00564,good,,0,Yes,No injected defect; may still contain naturally suspicious-looking patterns.
R00565,good,,0,Yes,No injected defect; may still contain naturally suspicious-looking patterns.
R00566,good,,0,Yes,No injected defect; may still contain naturally suspicious-looking patterns.
R00567,good,,0,Yes,No injected defect; may still contain naturally suspicious-looking patterns.
R00568,good,,0,Yes,No injected defect; may still contain naturally suspicious-looking patterns.
R00569,good,,0,Yes,No injected defect; may still contain naturally suspicious-looking patterns.
R00570,good,,0,Yes,No injected defect; may still contain naturally suspicious-looking patterns.
R00571,good,,0,Yes,No injected defect; may still contain naturally suspicious-looking patterns.
R00572,good,,0,Yes,No injected defect; may still contain naturally suspicious-looking patterns.
R00573,good,,0,Yes,No injected defect; may still contain naturally suspicious-looking patterns.
R00574,good,,0,Yes,No injected defect; may still contain naturally suspicious-looking patterns.
R00575,good,,0,Yes,No injected defect; may still contain naturally suspicious-looking patterns.
R00576,good,,0,Yes,No injected defect; may still contain naturally suspicious-looking patterns.
R00577,duplicate,duplicate_like_submission,1,No,Copied substantive answers from R00300 and reused IP/fingerprint.
R00578,straightliner,straightliner,1,No,
R00579,good,,0,Yes,No injected defect; may still contain naturally suspicious-looking patterns.
R00580,good,,0,Yes,No injected defect; may still contain naturally suspicious-looking patterns.
R00581,good,,0,Yes,No injected defect; may still contain naturally suspicious-looking patterns.
R00582,good,,0,Yes,No injected defect; may still contain naturally suspicious-looking patterns.
R00583,good,,0,Yes,No injected defect; may still contain naturally suspicious-looking patterns.
R00584,good,,0,Yes,No injected defect; may still contain naturally suspicious-looking patterns.
R00585,good,,0,Yes,No injected defect; may still contain naturally suspicious-looking patterns.
R00586,good,,0,Yes,No injected defect; may still contain naturally suspicious-looking patterns.
R00587,good,,0,Yes,No injected defect; may still contain naturally suspicious-looking patterns.
R00588,good,,0,Yes,No injected defect; may still contain naturally suspicious-looking patterns.
R00589,good,,0,Yes,No injected defect; may still contain naturally suspicious-looking patterns.
R00590,good,,0,Yes,No injected defect; may still contain naturally suspicious-looking patterns.
R00591,good,,0,Yes,No injected defect; may still contain naturally suspicious-looking patterns.
R00592,good,,0,Yes,No injected defect; may still contain naturally suspicious-looking patterns.
R00593,good,,0,Yes,No injected defect; may still contain naturally suspicious-looking patterns.
R00594,good,,0,Yes,No injected defect; may still contain naturally suspicious-looking patterns.
R00595,good,,0,Yes,No injected defect; may still contain naturally suspicious-looking patterns.
R00596,good,,0,Yes,No injected defect; may still contain naturally suspicious-looking patterns.
R00597,good,,0,Yes,No injected defect; may still contain naturally suspicious-looking patterns.
R00598,good,,0,Yes,No injected defect; may still contain naturally suspicious-looking patterns.
R00599,good,,0,Yes,No injected defect; may still contain naturally suspicious-looking patterns.
R00600,good,,0,Yes,No injected defect; may still contain naturally suspicious-looking patterns.
R00601,straightliner,straightliner,1,No,
R00602,speeder,speeder,1,No,
R00603,good,,0,Yes,No injected defect; may still contain naturally suspicious-looking patterns.
R00604,good,,0,Yes,No injected defect; may still contain naturally suspicious-looking patterns.
R00605,good,,0,Yes,No injected defect; may still contain naturally suspicious-looking patterns.
R00606,good,,0,Yes,No injected defect; may still contain naturally suspicious-looking patterns.
R00607,good,,0,Yes,No injected defect; may still contain naturally suspicious-looking patterns.
R00608,good,,0,Yes,No injected defect; may still contain naturally suspicious-looking patterns.
R00609,good,,0,Yes,No injected defect; may still contain naturally suspicious-looking patterns.
R00610,good,,0,Yes,No injected defect; may still contain naturally suspicious-looking patterns.
R00611,good,,0,Yes,No injected defect; may still contain naturally suspicious-looking patterns.
R00612,straightliner,straightliner,1,No,
R00613,good,,0,Yes,No injected defect; may still contain naturally suspicious-looking patterns.
R00614,good,,0,Yes,No injected defect; may still contain naturally suspicious-looking patterns.
R00615,good,,0,Yes,No injected defect; may still contain naturally suspicious-looking patterns.
R00616,good,,0,Yes,No injected defect; may still contain naturally suspicious-looking patterns.
R00617,good,,0,Yes,No injected defect; may still contain naturally suspicious-looking patterns.
R00618,good,,0,Yes,No injected defect; may still contain naturally suspicious-looking patterns.
R00619,good,,0,Yes,No injected defect; may still contain naturally suspicious-looking patterns.
R00620,straightliner,straightliner,1,No,
R00621,good,,0,Yes,No injected defect; may still contain naturally suspicious-looking patterns.
R00622,straightliner,straightliner,1,No,
R00623,duplicate,duplicate_like_submission,1,No,Copied substantive answers from R01139 and reused IP/fingerprint.
R00624,good,,0,Yes,No injected defect; may still contain naturally suspicious-looking patterns.
R00625,good,,0,Yes,No injected defect; may still contain naturally suspicious-looking patterns.
R00626,good,,0,Yes,No injected defect; may still contain naturally suspicious-looking patterns.
R00627,inconsistent,logical_inconsistency,1,No,
R00628,straightliner,straightliner,1,No,
R00629,good,,0,Yes,No injected defect; may still contain naturally suspicious-looking patterns.
R00630,speeder,speeder,1,No,
R00631,good,,0,Yes,No injected defect; may still contain naturally suspicious-looking patterns.
R00632,good,,0,Yes,No injected defect; may still contain naturally suspicious-looking patterns.
R00633,good,,0,Yes,No injected defect; may still contain naturally suspicious-looking patterns.
R00634,good,,0,Yes,No injected defect; may still contain naturally suspicious-looking patterns.
R00635,good,,0,Yes,No injected defect; may still contain naturally suspicious-looking patterns.
R00636,good,,0,Yes,No injected defect; may still contain naturally suspicious-looking patterns.
R00637,speeder,speeder,1,No,
R00638,good,,0,Yes,No injected defect; may still contain naturally suspicious-looking patterns.
R00639,inconsistent,logical_inconsistency,1,No,
R00640,good,,0,Yes,No injected defect; may still contain naturally suspicious-looking patterns.
R00641,good,,0,Yes,No injected defect; may still contain naturally suspicious-looking patterns.
R00642,good,,0,Yes,No injected defect; may still contain naturally suspicious-looking patterns.
R00643,good,,0,Yes,No injected defect; may still contain naturally suspicious-looking patterns.
R00644,good,,0,Yes,No injected defect; may still contain naturally suspicious-looking patterns.
R00645,straightliner,straightliner,1,No,
R00646,good,,0,Yes,No injected defect; may still contain naturally suspicious-looking patterns.
R00647,good,,0,Yes,No injected defect; may still contain naturally suspicious-looking patterns.
R00648,straightliner,straightliner,1,No,
R00649,good,,0,Yes,No injected defect; may still contain naturally suspicious-looking patterns.
R00650,good,,0,Yes,No injected defect; may still contain naturally suspicious-looking patterns.
R00651,multi_issue,speeder; low_quality_open_text,2,No,
R00652,good,,0,Yes,No injected defect; may still contain naturally suspicious-looking patterns.
R00653,good,,0,Yes,No injected defect; may still contain naturally suspicious-looking patterns.
R00654,good,,0,Yes,No injected defect; may still contain naturally suspicious-looking patterns.
R00655,good,,0,Yes,No injected defect; may still contain naturally suspicious-looking patterns.
R00656,good,,0,Yes,No injected defect; may still contain naturally suspicious-looking patterns.
R00657,good,,0,Yes,No injected defect; may still contain naturally suspicious-looking patterns.
R00658,good,,0,Yes,No injected defect; may still contain naturally suspicious-looking patterns.
R00659,good,,0,Yes,No injected defect; may still contain naturally suspicious-looking patterns.
R00660,good,,0,Yes,No injected defect; may still contain naturally suspicious-looking patterns.
R00661,good,,0,Yes,No injected defect; may still contain naturally suspicious-looking patterns.
R00662,good,,0,Yes,No injected defect; may still contain naturally suspicious-looking patterns.
R00663,straightliner,straightliner,1,No,
R00664,good,,0,Yes,No injected defect; may still contain naturally suspicious-looking patterns.
R00665,good,,0,Yes,No injected defect; may still contain naturally suspicious-looking patterns.
R00666,good,,0,Yes,No injected defect; may still contain naturally suspicious-looking patterns.
R00667,good,,0,Yes,No injected defect; may still contain naturally suspicious-looking patterns.
R00668,good,,0,Yes,No injected defect; may still contain naturally suspicious-looking patterns.
R00669,good,,0,Yes,No injected defect; may still contain naturally suspicious-looking patterns.
R00670,good,,0,Yes,No injected defect; may still contain naturally suspicious-looking patterns.
R00671,good,,0,Yes,No injected defect; may still contain naturally suspicious-looking patterns.
R00672,good,,0,Yes,No injected defect; may still contain naturally suspicious-looking patterns.
R00673,good,,0,Yes,No injected defect; may still contain naturally suspicious-looking patterns.
R00674,good,,0,Yes,No injected defect; may still contain naturally suspicious-looking patterns.
R00675,good,,0,Yes,No injected defect; may still contain naturally suspicious-looking patterns.
R00676,low_quality_open,low_quality_open_text,1,No,
R00677,speeder,speeder,1,No,
R00678,good,,0,Yes,No injected defect; may still contain naturally suspicious-looking patterns.
R00679,good,,0,Yes,No injected defect; may still contain naturally suspicious-looking patterns.
R00680,good,,0,Yes,No injected defect; may still contain naturally suspicious-looking patterns.
R00681,good,,0,Yes,No injected defect; may still contain naturally suspicious-looking patterns.
R00682,good,,0,Yes,No injected defect; may still contain naturally suspicious-looking patterns.
R00683,good,,0,Yes,No injected defect; may still contain naturally suspicious-looking patterns.
R00684,good,,0,Yes,No injected defect; may still contain naturally suspicious-looking patterns.
R00685,good,,0,Yes,No injected defect; may still contain naturally suspicious-looking patterns.
R00686,good,,0,Yes,No injected defect; may still contain naturally suspicious-looking patterns.
R00687,good,,0,Yes,No injected defect; may still contain naturally suspicious-looking patterns.
R00688,attention_fail,attention_fail,1,No,
R00689,good,,0,Yes,No injected defect; may still contain naturally suspicious-looking patterns.
R00690,good,,0,Yes,No injected defect; may still contain naturally suspicious-looking patterns.
R00691,good,,0,Yes,No injected defect; may still contain naturally suspicious-looking patterns.
R00692,good,,0,Yes,No injected defect; may still contain naturally suspicious-looking patterns.
R00693,inconsistent,logical_inconsistency,1,No,
R00694,good,,0,Yes,No injected defect; may still contain naturally suspicious-looking patterns.
R00695,good,,0,Yes,No injected defect; may still contain naturally suspicious-looking patterns.
R00696,low_quality_open,low_quality_open_text,1,No,
R00697,good,,0,Yes,No injected defect; may still contain naturally suspicious-looking patterns.
R00698,speeder,speeder,1,No,
R00699,good,,0,Yes,No injected defect; may still contain naturally suspicious-looking patterns.
R00700,good,,0,Yes,No injected defect; may still contain naturally suspicious-looking patterns.
R00701,good,,0,Yes,No injected defect; may still contain naturally suspicious-looking patterns.
R00702,good,,0,Yes,No injected defect; may still contain naturally suspicious-looking patterns.
R00703,good,,0,Yes,No injected defect; may still contain naturally suspicious-looking patterns.
R00704,good,,0,Yes,No injected defect; may still contain naturally suspicious-looking patterns.
R00705,invalid_value,invalid_eligible_age,1,No,
R00706,good,,0,Yes,No injected defect; may still contain naturally suspicious-looking patterns.
R00707,good,,0,Yes,No injected defect; may still contain naturally suspicious-looking patterns.
R00708,good,,0,Yes,No injected defect; may still contain naturally suspicious-looking patterns.
R00709,good,,0,Yes,No injected defect; may still contain naturally suspicious-looking patterns.
R00710,good,,0,Yes,No injected defect; may still contain naturally suspicious-looking patterns.
R00711,good,,0,Yes,No injected defect; may still contain naturally suspicious-looking patterns.
R00712,good,,0,Yes,No injected defect; may still contain naturally suspicious-looking patterns.
R00713,straightliner,straightliner,1,No,
R00714,good,,0,Yes,No injected defect; may still contain naturally suspicious-looking patterns.
R00715,good,,0,Yes,No injected defect; may still contain naturally suspicious-looking patterns.
R00716,good,,0,Yes,No injected defect; may still contain naturally suspicious-looking patterns.
R00717,good,,0,Yes,No injected defect; may still contain naturally suspicious-looking patterns.
R00718,invalid_value,out_of_range_nps,1,No,
R00719,inconsistent,logical_inconsistency,1,No,
R00720,inconsistent,logical_inconsistency,1,No,
R00721,good,,0,Yes,No injected defect; may still contain naturally suspicious-looking patterns.
R00722,good,,0,Yes,No injected defect; may still contain naturally suspicious-looking patterns.
R00723,good,,0,Yes,No injected defect; may still contain naturally suspicious-looking patterns.
R00724,low_quality_open,low_quality_open_text,1,No,
R00725,good,,0,Yes,No injected defect; may still contain naturally suspicious-looking patterns.
R00726,good,,0,Yes,No injected defect; may still contain naturally suspicious-looking patterns.
R00727,good,,0,Yes,No injected defect; may still contain naturally suspicious-looking patterns.
R00728,good,,0,Yes,No injected defect; may still contain naturally suspicious-looking patterns.
R00729,good,,0,Yes,No injected defect; may still contain naturally suspicious-looking patterns.
R00730,good,,0,Yes,No injected defect; may still contain naturally suspicious-looking patterns.
R00731,good,,0,Yes,No injected defect; may still contain naturally suspicious-looking patterns.
R00732,good,,0,Yes,No injected defect; may still contain naturally suspicious-looking patterns.
R00733,good,,0,Yes,No injected defect; may still contain naturally suspicious-looking patterns.
R00734,good,,0,Yes,No injected defect; may still contain naturally suspicious-looking patterns.
R00735,good,,0,Yes,No injected defect; may still contain naturally suspicious-looking patterns.
R00736,speeder,speeder,1,No,
R00737,speeder,speeder,1,No,
R00738,speeder,speeder,1,No,
R00739,good,,0,Yes,No injected defect; may still contain naturally suspicious-looking patterns.
R00740,good,,0,Yes,No injected defect; may still contain naturally suspicious-looking patterns.
R00741,good,,0,Yes,No injected defect; may still contain naturally suspicious-looking patterns.
R00742,good,,0,Yes,No injected defect; may still contain naturally suspicious-looking patterns.
R00743,good,,0,Yes,No injected defect; may still contain naturally suspicious-looking patterns.
R00744,good,,0,Yes,No injected defect; may still contain naturally suspicious-looking patterns.
R00745,good,,0,Yes,No injected defect; may still contain naturally suspicious-looking patterns.
R00746,good,,0,Yes,No injected defect; may still contain naturally suspicious-looking patterns.
R00747,good,,0,Yes,No injected defect; may still contain naturally suspicious-looking patterns.
R00748,good,,0,Yes,No injected defect; may still contain naturally suspicious-looking patterns.
R00749,good,,0,Yes,No injected defect; may still contain naturally suspicious-looking patterns.
R00750,good,,0,Yes,No injected defect; may still contain naturally suspicious-looking patterns.
R00751,good,,0,Yes,No injected defect; may still contain naturally suspicious-looking patterns.
R00752,good,,0,Yes,No injected defect; may still contain naturally suspicious-looking patterns.
R00753,duplicate,duplicate_like_submission,1,No,Copied substantive answers from R00997 and reused IP/fingerprint.
R00754,good,,0,Yes,No injected defect; may still contain naturally suspicious-looking patterns.
R00755,good,,0,Yes,No injected defect; may still contain naturally suspicious-looking patterns.
R00756,speeder,speeder,1,No,
R00757,invalid_value,invalid_eligible_age,1,No,
R00758,speeder,speeder,1,No,
R00759,good,,0,Yes,No injected defect; may still contain naturally suspicious-looking patterns.
R00760,good,,0,Yes,No injected defect; may still contain naturally suspicious-looking patterns.
R00761,invalid_value,out_of_range_nps,1,No,
R00762,good,,0,Yes,No injected defect; may still contain naturally suspicious-looking patterns.
R00763,good,,0,Yes,No injected defect; may still contain naturally suspicious-looking patterns.
R00764,good,,0,Yes,No injected defect; may still contain naturally suspicious-looking patterns.
R00765,good,,0,Yes,No injected defect; may still contain naturally suspicious-looking patterns.
R00766,good,,0,Yes,No injected defect; may still contain naturally suspicious-looking patterns.
R00767,inconsistent,logical_inconsistency,1,No,
R00768,good,,0,Yes,No injected defect; may still contain naturally suspicious-looking patterns.
R00769,low_quality_open,low_quality_open_text,1,No,
R00770,good,,0,Yes,No injected defect; may still contain naturally suspicious-looking patterns.
R00771,low_quality_open,low_quality_open_text,1,No,
R00772,good,,0,Yes,No injected defect; may still contain naturally suspicious-looking patterns.
R00773,good,,0,Yes,No injected defect; may still contain naturally suspicious-looking patterns.
R00774,good,,0,Yes,No injected defect; may still contain naturally suspicious-looking patterns.
R00775,good,,0,Yes,No injected defect; may still contain naturally suspicious-looking patterns.
R00776,good,,0,Yes,No injected defect; may still contain naturally suspicious-looking patterns.
R00777,attention_fail,attention_fail,1,No,
R00778,good,,0,Yes,No injected defect; may still contain naturally suspicious-looking patterns.
R00779,good,,0,Yes,No injected defect; may still contain naturally suspicious-looking patterns.
R00780,good,,0,Yes,No injected defect; may still contain naturally suspicious-looking patterns.
R00781,good,,0,Yes,No injected defect; may still contain naturally suspicious-looking patterns.
R00782,good,,0,Yes,No injected defect; may still contain naturally suspicious-looking patterns.
R00783,attention_fail,attention_fail,1,No,
R00784,good,,0,Yes,No injected defect; may still contain naturally suspicious-looking patterns.
R00785,good,,0,Yes,No injected defect; may still contain naturally suspicious-looking patterns.
R00786,good,,0,Yes,No injected defect; may still contain naturally suspicious-looking patterns.
R00787,good,,0,Yes,No injected defect; may still contain naturally suspicious-looking patterns.
R00788,invalid_value,out_of_range_nps,1,No,
R00789,good,,0,Yes,No injected defect; may still contain naturally suspicious-looking patterns.
R00790,multi_issue,straightliner; attention_fail,2,No,
R00791,good,,0,Yes,No injected defect; may still contain naturally suspicious-looking patterns.
R00792,low_quality_open,low_quality_open_text,1,No,
R00793,good,,0,Yes,No injected defect; may still contain naturally suspicious-looking patterns.
R00794,inconsistent,logical_inconsistency,1,No,
R00795,good,,0,Yes,No injected defect; may still contain naturally suspicious-looking patterns.
R00796,good,,0,Yes,No injected defect; may still contain naturally suspicious-looking patterns.
R00797,good,,0,Yes,No injected defect; may still contain naturally suspicious-looking patterns.
R00798,good,,0,Yes,No injected defect; may still contain naturally suspicious-looking patterns.
R00799,good,,0,Yes,No injected defect; may still contain naturally suspicious-looking patterns.
R00800,good,,0,Yes,No injected defect; may still contain naturally suspicious-looking patterns.
R00801,good,,0,Yes,No injected defect; may still contain naturally suspicious-looking patterns.
R00802,good,,0,Yes,No injected defect; may still contain naturally suspicious-looking patterns.
R00803,good,,0,Yes,No injected defect; may still contain naturally suspicious-looking patterns.
R00804,good,,0,Yes,No injected defect; may still contain naturally suspicious-looking patterns.
R00805,straightliner,straightliner,1,No,
R00806,good,,0,Yes,No injected defect; may still contain naturally suspicious-looking patterns.
R00807,good,,0,Yes,No injected defect; may still contain naturally suspicious-looking patterns.
R00808,straightliner,straightliner,1,No,
R00809,good,,0,Yes,No injected defect; may still contain naturally suspicious-looking patterns.
R00810,speeder,speeder,1,No,
R00811,good,,0,Yes,No injected defect; may still contain naturally suspicious-looking patterns.
R00812,good,,0,Yes,No injected defect; may still contain naturally suspicious-looking patterns.
R00813,good,,0,Yes,No injected defect; may still contain naturally suspicious-looking patterns.
R00814,good,,0,Yes,No injected defect; may still contain naturally suspicious-looking patterns.
R00815,duplicate,duplicate_like_submission,1,No,Copied substantive answers from R00670 and reused IP/fingerprint.
R00816,good,,0,Yes,No injected defect; may still contain naturally suspicious-looking patterns.
R00817,good,,0,Yes,No injected defect; may still contain naturally suspicious-looking patterns.
R00818,good,,0,Yes,No injected defect; may still contain naturally suspicious-looking patterns.
R00819,good,,0,Yes,No injected defect; may still contain naturally suspicious-looking patterns.
R00820,duplicate,duplicate_like_submission,1,No,Copied substantive answers from R00279 and reused IP/fingerprint.
R00821,good,,0,Yes,No injected defect; may still contain naturally suspicious-looking patterns.
R00822,good,,0,Yes,No injected defect; may still contain naturally suspicious-looking patterns.
R00823,good,,0,Yes,No injected defect; may still contain naturally suspicious-looking patterns.
R00824,good,,0,Yes,No injected defect; may still contain naturally suspicious-looking patterns.
R00825,low_quality_open,low_quality_open_text,1,No,
R00826,good,,0,Yes,No injected defect; may still contain naturally suspicious-looking patterns.
R00827,good,,0,Yes,No injected defect; may still contain naturally suspicious-looking patterns.
R00828,good,,0,Yes,No injected defect; may still contain naturally suspicious-looking patterns.
R00829,good,,0,Yes,No injected defect; may still contain naturally suspicious-looking patterns.
R00830,good,,0,Yes,No injected defect; may still contain naturally suspicious-looking patterns.
R00831,good,,0,Yes,No injected defect; may still contain naturally suspicious-looking patterns.
R00832,good,,0,Yes,No injected defect; may still contain naturally suspicious-looking patterns.
R00833,good,,0,Yes,No injected defect; may still contain naturally suspicious-looking patterns.
R00834,good,,0,Yes,No injected defect; may still contain naturally suspicious-looking patterns.
R00835,good,,0,Yes,No injected defect; may still contain naturally suspicious-looking patterns.
R00836,good,,0,Yes,No injected defect; may still contain naturally suspicious-looking patterns.
R00837,good,,0,Yes,No injected defect; may still contain naturally suspicious-looking patterns.
R00838,good,,0,Yes,No injected defect; may still contain naturally suspicious-looking patterns.
R00839,good,,0,Yes,No injected defect; may still contain naturally suspicious-looking patterns.
R00840,speeder,speeder,1,No,
R00841,straightliner,straightliner,1,No,
R00842,good,,0,Yes,No injected defect; may still contain naturally suspicious-looking patterns.
R00843,good,,0,Yes,No injected defect; may still contain naturally suspicious-looking patterns.
R00844,good,,0,Yes,No injected defect; may still contain naturally suspicious-looking patterns.
R00845,good,,0,Yes,No injected defect; may still contain naturally suspicious-looking patterns.
R00846,good,,0,Yes,No injected defect; may still contain naturally suspicious-looking patterns.
R00847,attention_fail,attention_fail,1,No,
R00848,good,,0,Yes,No injected defect; may still contain naturally suspicious-looking patterns.
R00849,speeder,speeder,1,No,
R00850,good,,0,Yes,No injected defect; may still contain naturally suspicious-looking patterns.
R00851,good,,0,Yes,No injected defect; may still contain naturally suspicious-looking patterns.
R00852,good,,0,Yes,No injected defect; may still contain naturally suspicious-looking patterns.
R00853,good,,0,Yes,No injected defect; may still contain naturally suspicious-looking patterns.
R00854,good,,0,Yes,No injected defect; may still contain naturally suspicious-looking patterns.
R00855,good,,0,Yes,No injected defect; may still contain naturally suspicious-looking patterns.
R00856,good,,0,Yes,No injected defect; may still contain naturally suspicious-looking patterns.
R00857,good,,0,Yes,No injected defect; may still contain naturally suspicious-looking patterns.
R00858,good,,0,Yes,No injected defect; may still contain naturally suspicious-looking patterns.
R00859,duplicate,duplicate_like_submission,1,No,Copied substantive answers from R00285 and reused IP/fingerprint.
R00860,inconsistent,logical_inconsistency,1,No,
R00861,good,,0,Yes,No injected defect; may still contain naturally suspicious-looking patterns.
R00862,straightliner,straightliner,1,No,
R00863,low_quality_open,low_quality_open_text,1,No,
R00864,good,,0,Yes,No injected defect; may still contain naturally suspicious-looking patterns.
R00865,good,,0,Yes,No injected defect; may still contain naturally suspicious-looking patterns.
R00866,duplicate,duplicate_like_submission,1,No,Copied substantive answers from R00899 and reused IP/fingerprint.
R00867,good,,0,Yes,No injected defect; may still contain naturally suspicious-looking patterns.
R00868,good,,0,Yes,No injected defect; may still contain naturally suspicious-looking patterns.
R00869,good,,0,Yes,No injected defect; may still contain naturally suspicious-looking patterns.
R00870,good,,0,Yes,No injected defect; may still contain naturally suspicious-looking patterns.
R00871,good,,0,Yes,No injected defect; may still contain naturally suspicious-looking patterns.
R00872,good,,0,Yes,No injected defect; may still contain naturally suspicious-looking patterns.
R00873,good,,0,Yes,No injected defect; may still contain naturally suspicious-looking patterns.
R00874,good,,0,Yes,No injected defect; may still contain naturally suspicious-looking patterns.
R00875,attention_fail,attention_fail,1,No,
R00876,good,,0,Yes,No injected defect; may still contain naturally suspicious-looking patterns.
R00877,good,,0,Yes,No injected defect; may still contain naturally suspicious-looking patterns.
R00878,good,,0,Yes,No injected defect; may still contain naturally suspicious-looking patterns.
R00879,good,,0,Yes,No injected defect; may still contain naturally suspicious-looking patterns.
R00880,good,,0,Yes,No injected defect; may still contain naturally suspicious-looking patterns.
R00881,good,,0,Yes,No injected defect; may still contain naturally suspicious-looking patterns.
R00882,good,,0,Yes,No injected defect; may still contain naturally suspicious-looking patterns.
R00883,good,,0,Yes,No injected defect; may still contain naturally suspicious-looking patterns.
R00884,good,,0,Yes,No injected defect; may still contain naturally suspicious-looking patterns.
R00885,good,,0,Yes,No injected defect; may still contain naturally suspicious-looking patterns.
R00886,good,,0,Yes,No injected defect; may still contain naturally suspicious-looking patterns.
R00887,good,,0,Yes,No injected defect; may still contain naturally suspicious-looking patterns.
R00888,good,,0,Yes,No injected defect; may still contain naturally suspicious-looking patterns.
R00889,good,,0,Yes,No injected defect; may still contain naturally suspicious-looking patterns.
R00890,good,,0,Yes,No injected defect; may still contain naturally suspicious-looking patterns.
R00891,inconsistent,logical_inconsistency,1,No,
R00892,good,,0,Yes,No injected defect; may still contain naturally suspicious-looking patterns.
R00893,good,,0,Yes,No injected defect; may still contain naturally suspicious-looking patterns.
R00894,good,,0,Yes,No injected defect; may still contain naturally suspicious-looking patterns.
R00895,good,,0,Yes,No injected defect; may still contain naturally suspicious-looking patterns.
R00896,good,,0,Yes,No injected defect; may still contain naturally suspicious-looking patterns.
R00897,good,,0,Yes,No injected defect; may still contain naturally suspicious-looking patterns.
R00898,good,,0,Yes,No injected defect; may still contain naturally suspicious-looking patterns.
R00899,good,,0,Yes,No injected defect; may still contain naturally suspicious-looking patterns.
R00900,good,,0,Yes,No injected defect; may still contain naturally suspicious-looking patterns.
R00901,good,,0,Yes,No injected defect; may still contain naturally suspicious-looking patterns.
R00902,good,,0,Yes,No injected defect; may still contain naturally suspicious-looking patterns.
R00903,good,,0,Yes,No injected defect; may still contain naturally suspicious-looking patterns.
R00904,good,,0,Yes,No injected defect; may still contain naturally suspicious-looking patterns.
R00905,good,,0,Yes,No injected defect; may still contain naturally suspicious-looking patterns.
R00906,good,,0,Yes,No injected defect; may still contain naturally suspicious-looking patterns.
R00907,good,,0,Yes,No injected defect; may still contain naturally suspicious-looking patterns.
R00908,good,,0,Yes,No injected defect; may still contain naturally suspicious-looking patterns.
R00909,good,,0,Yes,No injected defect; may still contain naturally suspicious-looking patterns.
R00910,good,,0,Yes,No injected defect; may still contain naturally suspicious-looking patterns.
R00911,good,,0,Yes,No injected defect; may still contain naturally suspicious-looking patterns.
R00912,duplicate,duplicate_like_submission,1,No,Copied substantive answers from R00801 and reused IP/fingerprint.
R00913,straightliner,straightliner,1,No,
R00914,good,,0,Yes,No injected defect; may still contain naturally suspicious-looking patterns.
R00915,good,,0,Yes,No injected defect; may still contain naturally suspicious-looking patterns.
R00916,good,,0,Yes,No injected defect; may still contain naturally suspicious-looking patterns.
R00917,good,,0,Yes,No injected defect; may still contain naturally suspicious-looking patterns.
R00918,attention_fail,attention_fail,1,No,
R00919,good,,0,Yes,No injected defect; may still contain naturally suspicious-looking patterns.
R00920,good,,0,Yes,No injected defect; may still contain naturally suspicious-looking patterns.
R00921,good,,0,Yes,No injected defect; may still contain naturally suspicious-looking patterns.
R00922,good,,0,Yes,No injected defect; may still contain naturally suspicious-looking patterns.
R00923,good,,0,Yes,No injected defect; may still contain naturally suspicious-looking patterns.
R00924,good,,0,Yes,No injected defect; may still contain naturally suspicious-looking patterns.
R00925,good,,0,Yes,No injected defect; may still contain naturally suspicious-looking patterns.
R00926,good,,0,Yes,No injected defect; may still contain naturally suspicious-looking patterns.
R00927,good,,0,Yes,No injected defect; may still contain naturally suspicious-looking patterns.
R00928,good,,0,Yes,No injected defect; may still contain naturally suspicious-looking patterns.
R00929,good,,0,Yes,No injected defect; may still contain naturally suspicious-looking patterns.
R00930,good,,0,Yes,No injected defect; may still contain naturally suspicious-looking patterns.
R00931,good,,0,Yes,No injected defect; may still contain naturally suspicious-looking patterns.
R00932,good,,0,Yes,No injected defect; may still contain naturally suspicious-looking patterns.
R00933,good,,0,Yes,No injected defect; may still contain naturally suspicious-looking patterns.
R00934,good,,0,Yes,No injected defect; may still contain naturally suspicious-looking patterns.
R00935,good,,0,Yes,No injected defect; may still contain naturally suspicious-looking patterns.
R00936,good,,0,Yes,No injected defect; may still contain naturally suspicious-looking patterns.
R00937,good,,0,Yes,No injected defect; may still contain naturally suspicious-looking patterns.
R00938,good,,0,Yes,No injected defect; may still contain naturally suspicious-looking patterns.
R00939,good,,0,Yes,No injected defect; may still contain naturally suspicious-looking patterns.
R00940,good,,0,Yes,No injected defect; may still contain naturally suspicious-looking patterns.
R00941,good,,0,Yes,No injected defect; may still contain naturally suspicious-looking patterns.
R00942,good,,0,Yes,No injected defect; may still contain naturally suspicious-looking patterns.
R00943,good,,0,Yes,No injected defect; may still contain naturally suspicious-looking patterns.
R00944,good,,0,Yes,No injected defect; may still contain naturally suspicious-looking patterns.
R00945,good,,0,Yes,No injected defect; may still contain naturally suspicious-looking patterns.
R00946,good,,0,Yes,No injected defect; may still contain naturally suspicious-looking patterns.
R00947,speeder,speeder,1,No,
R00948,good,,0,Yes,No injected defect; may still contain naturally suspicious-looking patterns.
R00949,good,,0,Yes,No injected defect; may still contain naturally suspicious-looking patterns.
R00950,good,,0,Yes,No injected defect; may still contain naturally suspicious-looking patterns.
R00951,good,,0,Yes,No injected defect; may still contain naturally suspicious-looking patterns.
R00952,speeder,speeder,1,No,
R00953,good,,0,Yes,No injected defect; may still contain naturally suspicious-looking patterns.
R00954,good,,0,Yes,No injected defect; may still contain naturally suspicious-looking patterns.
R00955,low_quality_open,low_quality_open_text,1,No,
R00956,good,,0,Yes,No injected defect; may still contain naturally suspicious-looking patterns.
R00957,good,,0,Yes,No injected defect; may still contain naturally suspicious-looking patterns.
R00958,good,,0,Yes,No injected defect; may still contain naturally suspicious-looking patterns.
R00959,good,,0,Yes,No injected defect; may still contain naturally suspicious-looking patterns.
R00960,good,,0,Yes,No injected defect; may still contain naturally suspicious-looking patterns.
R00961,good,,0,Yes,No injected defect; may still contain naturally suspicious-looking patterns.
R00962,good,,0,Yes,No injected defect; may still contain naturally suspicious-looking patterns.
R00963,good,,0,Yes,No injected defect; may still contain naturally suspicious-looking patterns.
R00964,good,,0,Yes,No injected defect; may still contain naturally suspicious-looking patterns.
R00965,good,,0,Yes,No injected defect; may still contain naturally suspicious-looking patterns.
R00966,inconsistent,logical_inconsistency,1,No,
R00967,good,,0,Yes,No injected defect; may still contain naturally suspicious-looking patterns.
R00968,good,,0,Yes,No injected defect; may still contain naturally suspicious-looking patterns.
R00969,good,,0,Yes,No injected defect; may still contain naturally suspicious-looking patterns.
R00970,good,,0,Yes,No injected defect; may still contain naturally suspicious-looking patterns.
R00971,good,,0,Yes,No injected defect; may still contain naturally suspicious-looking patterns.
R00972,good,,0,Yes,No injected defect; may still contain naturally suspicious-looking patterns.
R00973,good,,0,Yes,No injected defect; may still contain naturally suspicious-looking patterns.
R00974,good,,0,Yes,No injected defect; may still contain naturally suspicious-looking patterns.
R00975,good,,0,Yes,No injected defect; may still contain naturally suspicious-looking patterns.
R00976,good,,0,Yes,No injected defect; may still contain naturally suspicious-looking patterns.
R00977,good,,0,Yes,No injected defect; may still contain naturally suspicious-looking patterns.
R00978,good,,0,Yes,No injected defect; may still contain naturally suspicious-looking patterns.
R00979,good,,0,Yes,No injected defect; may still contain naturally suspicious-looking patterns.
R00980,good,,0,Yes,No injected defect; may still contain naturally suspicious-looking patterns.
R00981,good,,0,Yes,No injected defect; may still contain naturally suspicious-looking patterns.
R00982,good,,0,Yes,No injected defect; may still contain naturally suspicious-looking patterns.
R00983,good,,0,Yes,No injected defect; may still contain naturally suspicious-looking patterns.
R00984,speeder,speeder,1,No,
R00985,multi_issue,speeder; attention_fail,2,No,
R00986,good,,0,Yes,No injected defect; may still contain naturally suspicious-looking patterns.
R00987,good,,0,Yes,No injected defect; may still contain naturally suspicious-looking patterns.
R00988,good,,0,Yes,No injected defect; may still contain naturally suspicious-looking patterns.
R00989,good,,0,Yes,No injected defect; may still contain naturally suspicious-looking patterns.
R00990,good,,0,Yes,No injected defect; may still contain naturally suspicious-looking patterns.
R00991,good,,0,Yes,No injected defect; may still contain naturally suspicious-looking patterns.
R00992,duplicate,duplicate_like_submission,1,No,Copied substantive answers from R00495 and reused IP/fingerprint.
R00993,good,,0,Yes,No injected defect; may still contain naturally suspicious-looking patterns.
R00994,good,,0,Yes,No injected defect; may still contain naturally suspicious-looking patterns.
R00995,straightliner,straightliner,1,No,
R00996,good,,0,Yes,No injected defect; may still contain naturally suspicious-looking patterns.
R00997,good,,0,Yes,No injected defect; may still contain naturally suspicious-looking patterns.
R00998,good,,0,Yes,No injected defect; may still contain naturally suspicious-looking patterns.
R00999,good,,0,Yes,No injected defect; may still contain naturally suspicious-looking patterns.
R01000,good,,0,Yes,No injected defect; may still contain naturally suspicious-looking patterns.
R01001,good,,0,Yes,No injected defect; may still contain naturally suspicious-looking patterns.
R01002,straightliner,straightliner,1,No,
R01003,good,,0,Yes,No injected defect; may still contain naturally suspicious-looking patterns.
R01004,good,,0,Yes,No injected defect; may still contain naturally suspicious-looking patterns.
R01005,good,,0,Yes,No injected defect; may still contain naturally suspicious-looking patterns.
R01006,good,,0,Yes,No injected defect; may still contain naturally suspicious-looking patterns.
R01007,good,,0,Yes,No injected defect; may still contain naturally suspicious-looking patterns.
R01008,good,,0,Yes,No injected defect; may still contain naturally suspicious-looking patterns.
R01009,good,,0,Yes,No injected defect; may still contain naturally suspicious-looking patterns.
R01010,good,,0,Yes,No injected defect; may still contain naturally suspicious-looking patterns.
R01011,good,,0,Yes,No injected defect; may still contain naturally suspicious-looking patterns.
R01012,low_quality_open,low_quality_open_text,1,No,
R01013,good,,0,Yes,No injected defect; may still contain naturally suspicious-looking patterns.
R01014,good,,0,Yes,No injected defect; may still contain naturally suspicious-looking patterns.
R01015,good,,0,Yes,No injected defect; may still contain naturally suspicious-looking patterns.
R01016,good,,0,Yes,No injected defect; may still contain naturally suspicious-looking patterns.
R01017,good,,0,Yes,No injected defect; may still contain naturally suspicious-looking patterns.
R01018,inconsistent,logical_inconsistency,1,No,
R01019,good,,0,Yes,No injected defect; may still contain naturally suspicious-looking patterns.
R01020,good,,0,Yes,No injected defect; may still contain naturally suspicious-looking patterns.
R01021,good,,0,Yes,No injected defect; may still contain naturally suspicious-looking patterns.
R01022,good,,0,Yes,No injected defect; may still contain naturally suspicious-looking patterns.
R01023,good,,0,Yes,No injected defect; may still contain naturally suspicious-looking patterns.
R01024,good,,0,Yes,No injected defect; may still contain naturally suspicious-looking patterns.
R01025,attention_fail,attention_fail,1,No,
R01026,good,,0,Yes,No injected defect; may still contain naturally suspicious-looking patterns.
R01027,good,,0,Yes,No injected defect; may still contain naturally suspicious-looking patterns.
R01028,good,,0,Yes,No injected defect; may still contain naturally suspicious-looking patterns.
R01029,good,,0,Yes,No injected defect; may still contain naturally suspicious-looking patterns.
R01030,inconsistent,logical_inconsistency,1,No,
R01031,good,,0,Yes,No injected defect; may still contain naturally suspicious-looking patterns.
R01032,speeder,speeder,1,No,
R01033,good,,0,Yes,No injected defect; may still contain naturally suspicious-looking patterns.
R01034,good,,0,Yes,No injected defect; may still contain naturally suspicious-looking patterns.
R01035,good,,0,Yes,No injected defect; may still contain naturally suspicious-looking patterns.
R01036,attention_fail,attention_fail,1,No,
R01037,good,,0,Yes,No injected defect; may still contain naturally suspicious-looking patterns.
R01038,good,,0,Yes,No injected defect; may still contain naturally suspicious-looking patterns.
R01039,attention_fail,attention_fail,1,No,
R01040,good,,0,Yes,No injected defect; may still contain naturally suspicious-looking patterns.
R01041,good,,0,Yes,No injected defect; may still contain naturally suspicious-looking patterns.
R01042,good,,0,Yes,No injected defect; may still contain naturally suspicious-looking patterns.
R01043,speeder,speeder,1,No,
R01044,good,,0,Yes,No injected defect; may still contain naturally suspicious-looking patterns.
R01045,good,,0,Yes,No injected defect; may still contain naturally suspicious-looking patterns.
R01046,good,,0,Yes,No injected defect; may still contain naturally suspicious-looking patterns.
R01047,good,,0,Yes,No injected defect; may still contain naturally suspicious-looking patterns.
R01048,speeder,speeder,1,No,
R01049,good,,0,Yes,No injected defect; may still contain naturally suspicious-looking patterns.
R01050,good,,0,Yes,No injected defect; may still contain naturally suspicious-looking patterns.
R01051,good,,0,Yes,No injected defect; may still contain naturally suspicious-looking patterns.
R01052,good,,0,Yes,No injected defect; may still contain naturally suspicious-looking patterns.
R01053,good,,0,Yes,No injected defect; may still contain naturally suspicious-looking patterns.
R01054,good,,0,Yes,No injected defect; may still contain naturally suspicious-looking patterns.
R01055,good,,0,Yes,No injected defect; may still contain naturally suspicious-looking patterns.
R01056,good,,0,Yes,No injected defect; may still contain naturally suspicious-looking patterns.
R01057,attention_fail,attention_fail,1,No,
R01058,good,,0,Yes,No injected defect; may still contain naturally suspicious-looking patterns.
R01059,good,,0,Yes,No injected defect; may still contain naturally suspicious-looking patterns.
R01060,good,,0,Yes,No injected defect; may still contain naturally suspicious-looking patterns.
R01061,good,,0,Yes,No injected defect; may still contain naturally suspicious-looking patterns.
R01062,good,,0,Yes,No injected defect; may still contain naturally suspicious-looking patterns.
R01063,good,,0,Yes,No injected defect; may still contain naturally suspicious-looking patterns.
R01064,good,,0,Yes,No injected defect; may still contain naturally suspicious-looking patterns.
R01065,good,,0,Yes,No injected defect; may still contain naturally suspicious-looking patterns.
R01066,good,,0,Yes,No injected defect; may still contain naturally suspicious-looking patterns.
R01067,good,,0,Yes,No injected defect; may still contain naturally suspicious-looking patterns.
R01068,good,,0,Yes,No injected defect; may still contain naturally suspicious-looking patterns.
R01069,good,,0,Yes,No injected defect; may still contain naturally suspicious-looking patterns.
R01070,attention_fail,attention_fail,1,No,
R01071,good,,0,Yes,No injected defect; may still contain naturally suspicious-looking patterns.
R01072,good,,0,Yes,No injected defect; may still contain naturally suspicious-looking patterns.
R01073,good,,0,Yes,No injected defect; may still contain naturally suspicious-looking patterns.
R01074,good,,0,Yes,No injected defect; may still contain naturally suspicious-looking patterns.
R01075,good,,0,Yes,No injected defect; may still contain naturally suspicious-looking patterns.
R01076,good,,0,Yes,No injected defect; may still contain naturally suspicious-looking patterns.
R01077,speeder,speeder,1,No,
R01078,good,,0,Yes,No injected defect; may still contain naturally suspicious-looking patterns.
R01079,good,,0,Yes,No injected defect; may still contain naturally suspicious-looking patterns.
R01080,good,,0,Yes,No injected defect; may still contain naturally suspicious-looking patterns.
R01081,good,,0,Yes,No injected defect; may still contain naturally suspicious-looking patterns.
R01082,good,,0,Yes,No injected defect; may still contain naturally suspicious-looking patterns.
R01083,good,,0,Yes,No injected defect; may still contain naturally suspicious-looking patterns.
R01084,straightliner,straightliner,1,No,
R01085,good,,0,Yes,No injected defect; may still contain naturally suspicious-looking patterns.
R01086,good,,0,Yes,No injected defect; may still contain naturally suspicious-looking patterns.
R01087,good,,0,Yes,No injected defect; may still contain naturally suspicious-looking patterns.
R01088,good,,0,Yes,No injected defect; may still contain naturally suspicious-looking patterns.
R01089,good,,0,Yes,No injected defect; may still contain naturally suspicious-looking patterns.
R01090,good,,0,Yes,No injected defect; may still contain naturally suspicious-looking patterns.
R01091,good,,0,Yes,No injected defect; may still contain naturally suspicious-looking patterns.
R01092,good,,0,Yes,No injected defect; may still contain naturally suspicious-looking patterns.
R01093,good,,0,Yes,No injected defect; may still contain naturally suspicious-looking patterns.
R01094,good,,0,Yes,No injected defect; may still contain naturally suspicious-looking patterns.
R01095,good,,0,Yes,No injected defect; may still contain naturally suspicious-looking patterns.
R01096,duplicate,duplicate_like_submission,1,No,Copied substantive answers from R01128 and reused IP/fingerprint.
R01097,speeder,speeder,1,No,
R01098,good,,0,Yes,No injected defect; may still contain naturally suspicious-looking patterns.
R01099,good,,0,Yes,No injected defect; may still contain naturally suspicious-looking patterns.
R01100,good,,0,Yes,No injected defect; may still contain naturally suspicious-looking patterns.
R01101,good,,0,Yes,No injected defect; may still contain naturally suspicious-looking patterns.
R01102,good,,0,Yes,No injected defect; may still contain naturally suspicious-looking patterns.
R01103,good,,0,Yes,No injected defect; may still contain naturally suspicious-looking patterns.
R01104,good,,0,Yes,No injected defect; may still contain naturally suspicious-looking patterns.
R01105,inconsistent,logical_inconsistency,1,No,
R01106,good,,0,Yes,No injected defect; may still contain naturally suspicious-looking patterns.
R01107,good,,0,Yes,No injected defect; may still contain naturally suspicious-looking patterns.
R01108,good,,0,Yes,No injected defect; may still contain naturally suspicious-looking patterns.
R01109,good,,0,Yes,No injected defect; may still contain naturally suspicious-looking patterns.
R01110,good,,0,Yes,No injected defect; may still contain naturally suspicious-looking patterns.
R01111,multi_issue,attention_fail; low_quality_open_text,2,No,
R01112,speeder,speeder,1,No,
R01113,good,,0,Yes,No injected defect; may still contain naturally suspicious-looking patterns.
R01114,good,,0,Yes,No injected defect; may still contain naturally suspicious-looking patterns.
R01115,good,,0,Yes,No injected defect; may still contain naturally suspicious-looking patterns.
R01116,good,,0,Yes,No injected defect; may still contain naturally suspicious-looking patterns.
R01117,good,,0,Yes,No injected defect; may still contain naturally suspicious-looking patterns.
R01118,attention_fail,attention_fail,1,No,
R01119,speeder,speeder,1,No,
R01120,good,,0,Yes,No injected defect; may still contain naturally suspicious-looking patterns.
R01121,good,,0,Yes,No injected defect; may still contain naturally suspicious-looking patterns.
R01122,good,,0,Yes,No injected defect; may still contain naturally suspicious-looking patterns.
R01123,good,,0,Yes,No injected defect; may still contain naturally suspicious-looking patterns.
R01124,straightliner,straightliner,1,No,
R01125,good,,0,Yes,No injected defect; may still contain naturally suspicious-looking patterns.
R01126,good,,0,Yes,No injected defect; may still contain naturally suspicious-looking patterns.
R01127,good,,0,Yes,No injected defect; may still contain naturally suspicious-looking patterns.
R01128,good,,0,Yes,No injected defect; may still contain naturally suspicious-looking patterns.
R01129,good,,0,Yes,No injected defect; may still contain naturally suspicious-looking patterns.
R01130,low_quality_open,low_quality_open_text,1,No,
R01131,good,,0,Yes,No injected defect; may still contain naturally suspicious-looking patterns.
R01132,good,,0,Yes,No injected defect; may still contain naturally suspicious-looking patterns.
R01133,good,,0,Yes,No injected defect; may still contain naturally suspicious-looking patterns.
R01134,inconsistent,logical_inconsistency,1,No,
R01135,good,,0,Yes,No injected defect; may still contain naturally suspicious-looking patterns.
R01136,good,,0,Yes,No injected defect; may still contain naturally suspicious-looking patterns.
R01137,good,,0,Yes,No injected defect; may still contain naturally suspicious-looking patterns.
R01138,inconsistent,logical_inconsistency,1,No,
R01139,good,,0,Yes,No injected defect; may still contain naturally suspicious-looking patterns.
R01140,attention_fail,attention_fail,1,No,
R01141,good,,0,Yes,No injected defect; may still contain naturally suspicious-looking patterns.
R01142,good,,0,Yes,No injected defect; may still contain naturally suspicious-looking patterns.
R01143,good,,0,Yes,No injected defect; may still contain naturally suspicious-looking patterns.
R01144,good,,0,Yes,No injected defect; may still contain naturally suspicious-looking patterns.
R01145,good,,0,Yes,No injected defect; may still contain naturally suspicious-looking patterns.
R01146,good,,0,Yes,No injected defect; may still contain naturally suspicious-looking patterns.
R01147,good,,0,Yes,No injected defect; may still contain naturally suspicious-looking patterns.
R01148,good,,0,Yes,No injected defect; may still contain naturally suspicious-looking patterns.
R01149,good,,0,Yes,No injected defect; may still contain naturally suspicious-looking patterns.
R01150,good,,0,Yes,No injected defect; may still contain naturally suspicious-looking patterns.
R01151,good,,0,Yes,No injected defect; may still contain naturally suspicious-looking patterns.
R01152,inconsistent,logical_inconsistency,1,No,
R01153,good,,0,Yes,No injected defect; may still contain naturally suspicious-looking patterns.
R01154,good,,0,Yes,No injected defect; may still contain naturally suspicious-looking patterns.
R01155,good,,0,Yes,No injected defect; may still contain naturally suspicious-looking patterns.
R01156,good,,0,Yes,No injected defect; may still contain naturally suspicious-looking patterns.
R01157,good,,0,Yes,No injected defect; may still contain naturally suspicious-looking patterns.
R01158,attention_fail,attention_fail,1,No,
R01159,good,,0,Yes,No injected defect; may still contain naturally suspicious-looking patterns.
R01160,good,,0,Yes,No injected defect; may still contain naturally suspicious-looking patterns.
R01161,good,,0,Yes,No injected defect; may still contain naturally suspicious-looking patterns.
R01162,good,,0,Yes,No injected defect; may still contain naturally suspicious-looking patterns.
R01163,good,,0,Yes,No injected defect; may still contain naturally suspicious-looking patterns.
R01164,good,,0,Yes,No injected defect; may still contain naturally suspicious-looking patterns.
R01165,good,,0,Yes,No injected defect; may still contain naturally suspicious-looking patterns.
R01166,good,,0,Yes,No injected defect; may still contain naturally suspicious-looking patterns.
R01167,good,,0,Yes,No injected defect; may still contain naturally suspicious-looking patterns.
R01168,good,,0,Yes,No injected defect; may still contain naturally suspicious-looking patterns.
R01169,good,,0,Yes,No injected defect; may still contain naturally suspicious-looking patterns.
R01170,good,,0,Yes,No injected defect; may still contain naturally suspicious-looking patterns.
R01171,good,,0,Yes,No injected defect; may still contain naturally suspicious-looking patterns.
R01172,good,,0,Yes,No injected defect; may still contain naturally suspicious-looking patterns.
R01173,good,,0,Yes,No injected defect; may still contain naturally suspicious-looking patterns.
R01174,good,,0,Yes,No injected defect; may still contain naturally suspicious-looking patterns.
R01175,good,,0,Yes,No injected defect; may still contain naturally suspicious-looking patterns.
R01176,good,,0,Yes,No injected defect; may still contain naturally suspicious-looking patterns.
R01177,good,,0,Yes,No injected defect; may still contain naturally suspicious-looking patterns.
R01178,good,,0,Yes,No injected defect; may still contain naturally suspicious-looking patterns.
R01179,low_quality_open,low_quality_open_text,1,No,
R01180,good,,0,Yes,No injected defect; may still contain naturally suspicious-looking patterns.
R01181,good,,0,Yes,No injected defect; may still contain naturally suspicious-looking patterns.
R01182,good,,0,Yes,No injected defect; may still contain naturally suspicious-looking patterns.
R01183,straightliner,straightliner,1,No,
R01184,good,,0,Yes,No injected defect; may still contain naturally suspicious-looking patterns.
R01185,good,,0,Yes,No injected defect; may still contain naturally suspicious-looking patterns.
R01186,good,,0,Yes,No injected defect; may still contain naturally suspicious-looking patterns.
R01187,straightliner,straightliner,1,No,
R01188,good,,0,Yes,No injected defect; may still contain naturally suspicious-looking patterns.
R01189,good,,0,Yes,No injected defect; may still contain naturally suspicious-looking patterns.
R01190,good,,0,Yes,No injected defect; may still contain naturally suspicious-looking patterns.
R01191,good,,0,Yes,No injected defect; may still contain naturally suspicious-looking patterns.
R01192,good,,0,Yes,No injected defect; may still contain naturally suspicious-looking patterns.
R01193,good,,0,Yes,No injected defect; may still contain naturally suspicious-looking patterns.
R01194,good,,0,Yes,No injected defect; may still contain naturally suspicious-looking patterns.
R01195,good,,0,Yes,No injected defect; may still contain naturally suspicious-looking patterns.
R01196,good,,0,Yes,No injected defect; may still contain naturally suspicious-looking patterns.
R01197,good,,0,Yes,No injected defect; may still contain naturally suspicious-looking patterns.
R01198,good,,0,Yes,No injected defect; may still contain naturally suspicious-looking patterns.
R01199,good,,0,Yes,No injected defect; may still contain naturally suspicious-looking patterns.
R01200,good,,0,Yes,No injected defect; may still contain naturally suspicious-looking patterns.
R01201,partial,partial_response,1,No,Intentional partial response with downstream fields blanked according to progress.
R01202,partial,partial_response,1,No,Intentional partial response with downstream fields blanked according to progress.
R01203,partial,partial_response,1,No,Intentional partial response with downstream fields blanked according to progress.
R01204,partial,partial_response,1,No,Intentional partial response with downstream fields blanked according to progress.
R01205,partial,partial_response,1,No,Intentional partial response with downstream fields blanked according to progress.
R01206,partial,partial_response,1,No,Intentional partial response with downstream fields blanked according to progress.
R01207,partial,partial_response,1,No,Intentional partial response with downstream fields blanked according to progress.
R01208,partial,partial_response,1,No,Intentional partial response with downstream fields blanked according to progress.
R01209,partial,partial_response,1,No,Intentional partial response with downstream fields blanked according to progress.
R01210,partial,partial_response,1,No,Intentional partial response with downstream fields blanked according to progress.
R01211,partial,partial_response,1,No,Intentional partial response with downstream fields blanked according to progress.
R01212,partial,partial_response,1,No,Intentional partial response with downstream fields blanked according to progress.
R01213,partial,partial_response,1,No,Intentional partial response with downstream fields blanked according to progress.
R01214,partial,partial_response,1,No,Intentional partial response with downstream fields blanked according to progress.
R01215,partial,partial_response,1,No,Intentional partial response with downstream fields blanked according to progress.
R01216,partial,partial_response,1,No,Intentional partial response with downstream fields blanked according to progress.
R01217,partial,partial_response,1,No,Intentional partial response with downstream fields blanked according to progress.
R01218,partial,partial_response,1,No,Intentional partial response with downstream fields blanked according to progress.
R01219,partial,partial_response,1,No,Intentional partial response with downstream fields blanked according to progress.
R01220,partial,partial_response,1,No,Intentional partial response with downstream fields blanked according to progress.
R01221,partial,partial_response,1,No,Intentional partial response with downstream fields blanked according to progress.
R01222,partial,partial_response,1,No,Intentional partial response with downstream fields blanked according to progress.
R01223,partial,partial_response,1,No,Intentional partial response with downstream fields blanked according to progress.
R01224,partial,partial_response,1,No,Intentional partial response with downstream fields blanked according to progress.
R01225,partial,partial_response,1,No,Intentional partial response with downstream fields blanked according to progress.
R01226,partial,partial_response,1,No,Intentional partial response with downstream fields blanked according to progress.
R01227,partial,partial_response,1,No,Intentional partial response with downstream fields blanked according to progress.
R01228,partial,partial_response,1,No,Intentional partial response with downstream fields blanked according to progress.
R01229,partial,partial_response,1,No,Intentional partial response with downstream fields blanked according to progress.
R01230,partial,partial_response,1,No,Intentional partial response with downstream fields blanked according to progress.
R01231,partial,partial_response,1,No,Intentional partial response with downstream fields blanked according to progress.
R01232,partial,partial_response,1,No,Intentional partial response with downstream fields blanked according to progress.
R01233,partial,partial_response,1,No,Intentional partial response with downstream fields blanked according to progress.
R01234,partial,partial_response,1,No,Intentional partial response with downstream fields blanked according to progress.
R01235,partial,partial_response,1,No,Intentional partial response with downstream fields blanked according to progress.
R01236,partial,partial_response,1,No,Intentional partial response with downstream fields blanked according to progress.
R01237,partial,partial_response,1,No,Intentional partial response with downstream fields blanked according to progress.
R01238,partial,partial_response,1,No,Intentional partial response with downstream fields blanked according to progress.
R01239,partial,partial_response,1,No,Intentional partial response with downstream fields blanked according to progress.
R01240,partial,partial_response,1,No,Intentional partial response with downstream fields blanked according to progress.
R01241,partial,partial_response,1,No,Intentional partial response with downstream fields blanked according to progress.
R01242,partial,partial_response,1,No,Intentional partial response with downstream fields blanked according to progress.
R01243,partial,partial_response,1,No,Intentional partial response with downstream fields blanked according to progress.
R01244,partial,partial_response,1,No,Intentional partial response with downstream fields blanked according to progress.
R01245,partial,partial_response,1,No,Intentional partial response with downstream fields blanked according to progress.
R01246,partial,partial_response,1,No,Intentional partial response with downstream fields blanked according to progress.
R01247,partial,partial_response,1,No,Intentional partial response with downstream fields blanked according to progress.
R01248,partial,partial_response,1,No,Intentional partial response with downstream fields blanked according to progress.
R01249,partial,partial_response,1,No,Intentional partial response with downstream fields blanked according to progress.
R01250,partial,partial_response,1,No,Intentional partial response with downstream fields blanked according to progress.
