response_id,panelist_id,survey_status,progress_pct,start_time_bst,end_time_bst,duration_sec,device_type,browser_family,traffic_source,ip_hash,browser_fingerprint,age,age_band,gender,region,urbanicity,employment_status,household_income,children_u18,s1_ordered_delivery_3m,q1_orders_past_30d,q2_last_order,q3_primary_service,q4_overall_satisfaction,q5_likelihood_reorder,q6_nps,q7_delivery_speed,q7_order_accuracy,q7_food_quality,q7_value_for_money,q7_app_ease,q7_service_selection,q7_customer_support,q7_promotions,q8_attention_check,q9_delivery_fee_reasonableness,q10_last_order_spend_gbp,q11_problem_last_order,q12_problem_type,q13_contacted_support,q14_support_resolution,q15_subscription_member,q16_open_end,page_screener_sec,page_usage_sec,page_experience_sec,page_grid_sec,page_demographics_sec,page_open_end_sec
R00001,P100001,Complete,100,2026-07-17T09:33:21+01:00,2026-07-17T09:42:35+01:00,554,Mobile,Edge,Panel B,25cd10b5a002,e5f12961da6e,41,35-44,Man,London,Urban,Not currently employed,"£75,000-£99,999",Yes,Yes,2-3,Past week,Restaurant direct,7,7,10,5,7,7,6,7,6,7,7,3,6,29.32,No,,,,Yes,More restaurant choice in my area.,48.1,61.0,81.0,124.6,73.2,58.8
R00002,P100002,Complete,100,2026-07-13T20:44:43+01:00,2026-07-13T20:52:01+01:00,438,Desktop,Edge,Panel B,25cd10b5a002,cd51411b5a97,57,55-64,Woman,Yorkshire and the Humber,Rural,Retired,"Under £20,000",No,Yes,6-9,Past week,MealDash,4,5,8,4,5,4,2,5,5,4,4,3,3,19.04,No,,,,No,Improve the accuracy of map tracking.,49.2,67.3,85.0,74.5,92.8,18
R00003,P100003,Complete,100,2026-07-14T23:20:20+01:00,2026-07-14T23:29:21+01:00,541,Desktop,Chrome,Panel B,849625ac2323,4908215b6c2c,22,18-24,Woman,London,Urban,Retired,"£100,000+",No,Yes,2-3,Past week,FoodGo,6,4,9,6,6,7,5,6,4,5,5,3,4,21.21,No,,,,No,Better tracking when the driver is close.,33.1,72.5,65.8,119.7,102.0,81.4
R00004,P100004,Complete,100,2026-07-13T13:40:20+01:00,2026-07-13T13:48:38+01:00,498,Mobile,Chrome,Panel B,849625ac2323,9c45d25fd992,25,25-34,Woman,East of England,Rural,Employed full-time,"£20,000-£34,999",Yes,Yes,4-5,Past week,MealDash,5,5,5,5,5,5,5,6,4,4,5,3,5,64.05,No,,,,No,Better tracking when the driver is close.,54.2,60.8,70.7,155.5,81.4,19.4
R00005,P100005,Complete,100,2026-07-12T14:51:59+01:00,2026-07-12T15:01:24+01:00,565,Mobile,Safari,Panel A,227a1365cbfe,6c5ce3486e7f,52,45-54,Woman,Yorkshire and the Humber,Rural,Student,"Under £20,000",No,Yes,1,Past week,QuickBite,5,6,5,6,5,5,5,6,6,5,5,3,3,22.79,No,,,,No,"Lower delivery fees, especially on smaller orders.",44.3,85.2,177.7,123.7,74.0,19.4
R00006,P100006,Complete,100,2026-07-15T05:09:33+01:00,2026-07-15T05:19:44+01:00,611,Desktop,Safari,Panel B,227a1365cbfe,22dd7b747946,60,55-64,Woman,West Midlands,Urban,Retired,"£20,000-£34,999",Yes,Yes,2-3,Past week,MealDash,4,3,5,5,3,5,3,4,6,4,4,3,3,23.57,No,,,,Yes,Improve the accuracy of map tracking.,36.3,92.7,109.9,164.0,97.2,57.6
R00007,P100007,Complete,100,2026-07-07T08:44:07+01:00,2026-07-07T08:52:49+01:00,522,Mobile,Safari,Panel A,24eaa6a3c9f0,6b1f3129eff8,56,55-64,Woman,North East,Suburban,Employed full-time,"£35,000-£49,999",Yes,Yes,0,8-30 days ago,MealDash,4,5,4,2,4,4,4,5,4,5,5,3,3,27.71,No,,,,No,Fewer missing items and clearer substitutions.,52.3,65.0,115.1,110.4,41.6,84.7
R00008,P100008,Complete,100,2026-07-07T11:43:54+01:00,2026-07-07T11:52:57+01:00,543,Tablet,Chrome,Panel A,24eaa6a3c9f0,f71e1ff3d4f2,22,18-24,Woman,Scotland,Urban,Employed full-time,"£35,000-£49,999",No,Yes,4-5,Today,MealDash,5,7,8,6,6,6,5,5,5,6,4,3,4,20.47,No,,,,No,More restaurant choice in my area.,48.9,34.1,102.3,78.5,102.1,96.3
R00009,P100009,Complete,100,2026-07-15T19:28:06+01:00,2026-07-15T19:36:45+01:00,519,Desktop,Chrome,Panel B,a158867fe4ca,7d84496412f1,33,25-34,Woman,London,Suburban,Employed full-time,"£50,000-£74,999",No,Yes,0,Past week,Other,4,4,6,4,4,4,4,5,4,4,4,3,3,16.83,No,,,,No,Let customers edit an order for a short time after placing it.,48.6,58.0,66.5,104.1,65.0,76.7
R00010,P100010,Complete,100,2026-07-09T08:48:04+01:00,2026-07-09T08:56:40+01:00,516,Mobile,Safari,Panel B,a158867fe4ca,e6971422cbf0,38,35-44,Non-binary,South West,Urban,Employed part-time,"£20,000-£34,999",No,Yes,2-3,8-30 days ago,FoodGo,5,6,7,5,5,6,5,7,7,6,6,1,5,20.11,Yes,Late delivery,Yes,6,No,Make service charges easier to understand before checkout.,37.1,53.1,125.2,120.2,39.9,84.0
R00011,P100011,Complete,100,2026-07-18T18:58:49+01:00,2026-07-18T19:06:50+01:00,481,Mobile,Safari,Panel B,f47275e91ea6,028ed94244fe,39,35-44,Man,Yorkshire and the Humber,Urban,Employed full-time,"£50,000-£74,999",No,Yes,1,8-30 days ago,MealDash,6,7,10,6,6,7,5,5,7,6,7,3,5,37.74,No,,,,Yes,Fewer missing items and clearer substitutions.,52.7,77.0,71.9,122.5,80.3,35.3
R00012,P100012,Complete,100,2026-07-20T01:19:41+01:00,2026-07-20T01:31:02+01:00,681,Mobile,Safari,Panel A,f47275e91ea6,8f5046c95544,49,45-54,Man,West Midlands,Suburban,Employed full-time,"£50,000-£74,999",Yes,Yes,2-3,Past week,MealDash,5,6,3,5,5,4,5,4,5,5,6,3,3,26.31,No,,,,No,Better tracking when the driver is close.,20.5,73.7,164.1,170.2,92.1,82.0
R00013,P100013,Complete,100,2026-07-15T16:35:26+01:00,2026-07-15T16:46:04+01:00,638,Mobile,Edge,Panel A,8466780e98fa,24f89f59d0e7,50,45-54,Woman,London,Urban,Employed full-time,"Under £20,000",Yes,Yes,4-5,Past week,QuickBite,6,6,6,6,5,5,7,6,6,5,6,3,6,24.24,No,,,,No,Let customers edit an order for a short time after placing it.,50.6,71.2,90.6,166.6,110.6,68.9
R00014,P100014,Complete,100,2026-07-20T04:49:16+01:00,2026-07-20T04:56:45+01:00,449,Mobile,Safari,Panel B,8466780e98fa,3b0a2679bceb,68,65-74,Man,North West,Rural,Self-employed,"£75,000-£99,999",Yes,Yes,1,8-30 days ago,QuickBite,6,6,8,6,6,7,5,6,7,7,6,3,6,17.21,No,,,,No,More restaurant choice in my area.,30.9,86.3,112.2,70.8,81.2,24.2
R00015,P100015,Complete,100,2026-07-07T07:28:53+01:00,2026-07-07T07:38:18+01:00,565,Mobile,Chrome,Panel A,3726c73c2780,55b918057fa5,18,18-24,Woman,Wales,Suburban,Employed part-time,"£100,000+",No,Yes,4-5,Past week,MealDash,4,4,3,4,5,4,3,3,5,5,4,3,4,31.46,Yes,Late delivery,No,,Yes,Improve the accuracy of map tracking.,50.5,87.0,87.7,106.4,82.1,107.5
R00016,P100016,Complete,100,2026-07-18T19:32:10+01:00,2026-07-18T19:40:22+01:00,492,Mobile,Chrome,Panel C,3726c73c2780,d402e2bfea42,44,35-44,Woman,East Midlands,Suburban,Employed full-time,"£20,000-£34,999",No,Yes,2-3,8-30 days ago,MealDash,5,6,7,5,5,5,5,5,4,3,5,3,5,53.18,No,,,,No,Better tracking when the driver is close.,46.9,67.0,126.3,82.6,62.4,43.0
R00017,P100017,Complete,100,2026-07-18T06:53:12+01:00,2026-07-18T07:00:56+01:00,464,Mobile,Chrome,Panel B,051fb3322641,927afc0c5578,74,65-74,Man,West Midlands,Suburban,Employed full-time,"Under £20,000",Yes,Yes,0,8-30 days ago,MealDash,4,6,6,4,4,4,5,4,3,4,4,3,3,30.79,No,,,,Yes,More restaurant choice in my area.,58.5,36.6,114.8,81.1,42.4,52.2
R00018,P100018,Complete,100,2026-07-15T04:55:46+01:00,2026-07-15T05:03:25+01:00,459,Mobile,Firefox,Panel B,051fb3322641,a852a89b6ede,24,18-24,Woman,North East,Urban,Not currently employed,"£35,000-£49,999",No,Yes,0,31-90 days ago,FoodGo,5,5,5,4,5,5,3,4,5,5,5,3,4,34.01,No,,,,No,Show unavailable items before I start ordering.,61.5,56.6,50.7,113.5,85.0,22.9
R00019,P100019,Complete,100,2026-07-18T23:22:17+01:00,2026-07-18T23:30:43+01:00,506,Mobile,Chrome,Panel A,bb6ebfb12207,f7739b5819a6,18,18-24,Woman,East of England,Urban,Employed part-time,"£35,000-£49,999",No,Yes,4-5,Past week,MealDash,4,4,4,6,5,3,4,4,4,4,4,3,4,17.52,Yes,Food arrived cold,Yes,4,Yes,More environmentally friendly packaging options.,38.2,134.2,70.0,74.6,50.3,87.6
R00020,P100020,Complete,100,2026-07-15T19:04:00+01:00,2026-07-15T19:14:43+01:00,643,Mobile,Chrome,Panel C,bb6ebfb12207,a07950144137,36,35-44,Man,East of England,Urban,Employed full-time,"£75,000-£99,999",No,Yes,2-3,8-30 days ago,Other,6,5,6,6,6,6,4,6,5,5,5,3,5,35.27,No,,,,No,More consistent delivery times at weekends.,60.5,65.2,158.4,168.5,76.9,37.7
R00021,P100021,Complete,100,2026-07-17T12:23:38+01:00,2026-07-17T12:32:12+01:00,514,Desktop,Safari,Panel A,4e6fd488931b,f38fc076ca7f,26,25-34,Woman,South West,Urban,Employed full-time,"Under £20,000",Yes,Yes,4-5,Past week,Restaurant direct,4,4,5,4,4,2,3,4,3,5,2,3,6,27.77,Yes,Late delivery,Yes,7,No,Improve the accuracy of map tracking.,54.2,54.0,80.9,107.5,45.6,65.2
R00022,P100022,Complete,100,2026-07-17T06:01:14+01:00,2026-07-17T06:10:41+01:00,567,Desktop,Chrome,Panel A,4e6fd488931b,fe600d817d41,31,25-34,Man,South East,Rural,Employed full-time,Prefer not to say,Yes,Yes,4-5,Past week,QuickBite,6,7,7,6,7,7,7,6,7,5,7,3,6,47.42,No,,,,Yes,More restaurant choice in my area.,34.1,83.8,104.9,148.5,64.8,43.1
R00023,P100023,Complete,100,2026-07-16T14:11:14+01:00,2026-07-16T14:18:01+01:00,407,Mobile,Chrome,Panel B,3e9e8ec3e75a,db88ff49a9d4,34,25-34,Man,West Midlands,Urban,Retired,"£50,000-£74,999",No,Yes,10+,Today,QuickBite,4,6,5,4,4,3,3,4,4,5,3,3,2,51.53,Yes,Late delivery,No,,No,"Lower delivery fees, especially on smaller orders.",45.0,37.9,110.2,44.8,52.9,52.6
R00024,P100024,Complete,100,2026-07-10T22:11:36+01:00,2026-07-10T22:21:00+01:00,564,Mobile,Chrome,Panel C,3e9e8ec3e75a,674462c84385,31,25-34,Man,East of England,Suburban,Self-employed,"£20,000-£34,999",Yes,Yes,10+,Today,QuickBite,6,7,10,7,6,6,6,7,7,7,7,3,6,32.46,No,,,,Yes,Reduce minimum order values.,33.5,83.5,73.5,129.2,83.7,69.4
R00025,P100025,Complete,100,2026-07-15T11:53:30+01:00,2026-07-15T12:03:01+01:00,571,Mobile,Chrome,Panel B,3e72c2ce6c7f,6a01653c560e,52,45-54,Woman,West Midlands,Urban,Employed full-time,"£35,000-£49,999",Yes,Yes,6-9,Today,Restaurant direct,5,6,7,6,3,7,6,7,5,6,4,3,4,30.1,No,,,,No,Fewer missing items and clearer substitutions.,39.9,70.8,91.2,133.5,72.8,87.0
R00026,P100026,Complete,100,2026-07-18T22:48:11+01:00,2026-07-18T22:55:46+01:00,455,Mobile,Chrome,Panel B,241f5f89a62c,72569263ea52,37,35-44,Man,South West,Suburban,Employed full-time,"Under £20,000",Yes,Yes,4-5,Past week,MealDash,4,4,4,4,4,4,4,4,5,5,4,3,5,28.13,No,,,,Yes,More consistent delivery times at weekends.,40.0,73.5,94.5,148.6,54.9,19.4
R00027,P100027,Complete,100,2026-07-17T20:10:20+01:00,2026-07-17T20:16:29+01:00,369,Mobile,Safari,Panel A,380931ade3f9,c9fdab1fd287,37,35-44,Man,West Midlands,Urban,Employed full-time,"£35,000-£49,999",No,Yes,0,31-90 days ago,MealDash,5,6,7,4,5,7,6,5,6,4,4,3,4,31.87,No,,,,No,More consistent delivery times at weekends.,46.0,49.3,48.1,62.2,53.0,51.2
R00028,P100028,Complete,100,2026-07-13T23:09:28+01:00,2026-07-13T23:11:34+01:00,126,Mobile,Safari,Panel A,55e18705ea2a,0a20760f4af2,59,55-64,Woman,London,Suburban,Employed part-time,"Under £20,000",No,Yes,1,8-30 days ago,FoodGo,3,4,3,2,4,4,3,5,4,3,3,3,4,38.7,No,,,,No,Better tracking when the driver is close.,16.9,15.7,16.3,33.4,25.2,6.5
R00029,P100029,Complete,100,2026-07-16T18:21:19+01:00,2026-07-16T18:31:07+01:00,588,Mobile,Chrome,Panel A,0ba8fd98d062,111d8e83cdea,21,18-24,Woman,Northern Ireland,Rural,Not currently employed,"£50,000-£74,999",Yes,Yes,0,31-90 days ago,QuickBite,5,5,5,4,4,5,5,4,5,5,5,3,4,50.03,No,,,,No,More environmentally friendly packaging options.,42.9,90.3,113.4,144.6,87.8,43.3
R00030,P100030,Complete,100,2026-07-11T08:25:27+01:00,2026-07-11T08:35:15+01:00,588,Mobile,Chrome,Panel B,43f0e3bbad44,2d4ab0535453,38,35-44,Man,Yorkshire and the Humber,Urban,Employed full-time,"£50,000-£74,999",Yes,Yes,6-9,Past week,Other,5,5,7,7,7,7,7,7,7,7,7,3,3,28.48,No,,,,Yes,"Better offers for existing customers, not just new users.",23.6,70.9,118.1,129.4,68.7,88.6
R00031,P100031,Complete,100,2026-07-19T07:17:07+01:00,2026-07-19T07:26:46+01:00,579,Desktop,Chrome,Panel A,0d6c6d489a91,45893951e92d,18,18-24,Man,South East,Rural,Self-employed,"£100,000+",No,Yes,1,Past week,Restaurant direct,4,4,5,3,5,5,4,5,6,4,4,3,3,58.58,Yes,Missing or incorrect items,No,,No,Give drivers clearer instructions for flats and apartment buildings.,42.5,86.8,129.6,123.2,47.5,81.6
R00032,P100032,Complete,100,2026-07-08T03:06:17+01:00,2026-07-08T03:14:01+01:00,464,Mobile,Chrome,Panel B,3d4c5530ef4d,167421306c4d,45,45-54,Man,East Midlands,Urban,Employed part-time,"£50,000-£74,999",No,Yes,2-3,Past week,MealDash,6,7,10,6,6,6,5,7,6,4,6,3,6,51.95,No,,,,Yes,Better loyalty rewards.,51.0,66.1,39.7,91.5,47.4,129.6
R00033,P100033,Complete,100,2026-07-10T06:38:20+01:00,2026-07-10T06:48:39+01:00,619,Mobile,Edge,Panel A,0a395c79516a,65b289799ed4,18,18-24,Woman,South East,Suburban,Employed full-time,"£20,000-£34,999",Yes,Yes,10+,Past week,FoodGo,6,5,6,6,5,7,5,7,6,5,6,3,4,55.27,No,,,,Yes,Improve food temperature on longer deliveries.,54.4,60.9,135.3,171.3,94.8,37.8
R00034,P100034,Complete,100,2026-07-12T21:29:16+01:00,2026-07-12T21:38:45+01:00,569,Mobile,Firefox,Panel C,0083ff93470d,ad31f73331e8,44,35-44,Woman,Yorkshire and the Humber,Urban,Employed full-time,"£35,000-£49,999",No,Yes,2-3,8-30 days ago,QuickBite,4,4,6,5,3,4,4,3,5,3,3,3,4,18.94,Yes,Payment or refund issue,Yes,3,No,Better loyalty rewards.,44.1,74.2,128.6,117.2,63.8,35.1
R00035,P100035,Complete,100,2026-07-20T21:31:53+01:00,2026-07-20T21:41:33+01:00,580,Mobile,Safari,Panel A,d0c4cf60e9f1,6f4a2cdf6456,66,65-74,Man,South West,Urban,Employed part-time,Prefer not to say,No,Yes,6-9,Past week,Restaurant direct,5,4,6,6,4,5,5,6,5,5,3,3,4,17.55,Yes,Payment or refund issue,Yes,6,Yes,More restaurant choice in my area.,33.0,67.9,82.6,142.9,101.5,93.1
R00036,P100036,Complete,100,2026-07-18T07:42:18+01:00,2026-07-18T07:50:31+01:00,493,Desktop,Chrome,Panel B,10d298cae448,4d8c34c2225a,20,18-24,Woman,North East,Suburban,Employed full-time,"£50,000-£74,999",Yes,Yes,1,8-30 days ago,Other,5,7,9,7,5,6,3,7,5,6,5,3,4,51.48,No,,,,Yes,More responsive customer support.,40.3,52.6,88.3,109.2,75.0,88.6
R00037,P100037,Complete,100,2026-07-20T15:03:00+01:00,2026-07-20T15:11:53+01:00,533,Mobile,Edge,Panel B,6772244cb2df,444dfef3b67b,29,25-34,Woman,East of England,Suburban,Employed part-time,"£35,000-£49,999",No,Yes,2-3,Past week,Restaurant direct,6,7,9,7,5,5,5,7,5,5,6,3,7,31.36,No,,,,Yes,Better tracking when the driver is close.,42.9,52.1,102.5,93.1,74.3,104.7
R00038,P100038,Complete,100,2026-07-17T11:26:06+01:00,2026-07-17T11:34:27+01:00,501,Tablet,Chrome,Panel B,5fe797c9f6cb,16a3867b6ee6,48,45-54,Woman,North West,Urban,Employed full-time,"£75,000-£99,999",No,Yes,1,8-30 days ago,FoodGo,4,4,5,4,4,3,3,6,4,4,4,3,5,24.4,No,,,,No,Reduce minimum order values.,54.2,57.7,133.5,98.8,47.5,48.8
R00039,P100039,Complete,100,2026-07-14T12:21:43+01:00,2026-07-14T12:29:50+01:00,487,Mobile,Chrome,Panel A,a97592f3027a,d6f1503162a2,20,18-24,Woman,Northern Ireland,Urban,Retired,"£35,000-£49,999",Yes,Yes,1,8-30 days ago,QuickBite,4,3,4,7,4,4,4,4,4,4,5,3,3,26.68,No,,,,Yes,Show unavailable items before I start ordering.,47.2,83.2,77.9,85.0,66.8,72.4
R00040,P100040,Complete,100,2026-07-12T01:05:50+01:00,2026-07-12T01:13:18+01:00,448,Tablet,Other,Panel B,2ded6228cfec,5baf2d401215,29,25-34,Man,London,Suburban,Retired,"£50,000-£74,999",Yes,Yes,10+,Today,Restaurant direct,5,6,5,7,5,5,4,5,5,6,5,3,6,17.07,No,,,,No,More responsive customer support.,33.8,87.6,79.7,56.3,46.7,62.5
R00041,P100041,Complete,100,2026-07-18T20:45:37+01:00,2026-07-18T20:55:47+01:00,610,Mobile,Edge,Panel A,6627f9d1dfb0,e4080b56749d,70,65-74,Man,West Midlands,Rural,Employed part-time,"£100,000+",No,Yes,4-5,Past week,FoodGo,6,7,6,6,5,4,6,7,5,6,6,3,3,36.58,No,,,,No,Show unavailable items before I start ordering.,37.0,123.6,74.8,196.8,75.8,37.7
R00042,P100042,Complete,100,2026-07-20T00:39:39+01:00,2026-07-20T00:49:17+01:00,578,Desktop,Edge,Panel A,eb04e04efe30,ab01c7942476,63,55-64,Woman,East Midlands,Rural,Student,"£35,000-£49,999",No,Yes,6-9,Past week,QuickBite,4,4,5,4,6,4,4,5,5,4,3,3,5,20.5,Yes,Late delivery,No,,No,Improve the accuracy of map tracking.,36.7,45.3,115.9,123.9,118.0,66.3
R00043,P100043,Complete,100,2026-07-11T12:47:45+01:00,2026-07-11T12:55:56+01:00,491,Mobile,Edge,Panel C,607a94c26cc7,6a4ee12dd044,28,25-34,Man,London,Rural,Employed part-time,"£20,000-£34,999",No,Yes,2-3,Past week,MealDash,5,6,7,5,6,4,5,5,6,4,6,5,2,34.14,No,,,,No,Nothing major; the service generally works well for me.,35.2,99.0,96.4,49.7,78.4,60.2
R00044,P100044,Complete,100,2026-07-18T23:53:17+01:00,2026-07-19T00:02:23+01:00,546,Mobile,Safari,Panel A,31b47765004f,3edb8a4c626e,18,18-24,Man,East Midlands,Rural,Employed full-time,"£50,000-£74,999",No,Yes,2-3,Past week,Restaurant direct,4,5,4,4,4,2,4,3,4,3,4,3,3,12.25,Yes,Missing or incorrect items,No,,No,Let customers edit an order for a short time after placing it.,46.2,87.5,111.9,99.6,99.3,53.0
R00045,P100045,Complete,100,2026-07-07T10:53:29+01:00,2026-07-07T11:01:55+01:00,506,Mobile,Chrome,Panel A,b99dc0164afb,0bbd480e63a5,48,45-54,Woman,Yorkshire and the Humber,Rural,Employed full-time,Prefer not to say,Yes,Yes,1,8-30 days ago,MealDash,5,5,6,2,2,2,2,2,2,2,2,3,4,30.01,No,,,,No,blah blah,23.1,86.3,143.2,84.4,57.6,66.8
R00046,P100046,Complete,100,2026-07-16T08:42:23+01:00,2026-07-16T08:50:54+01:00,511,Desktop,Safari,Panel A,c17f7481e8af,1ea015fcb630,44,35-44,Woman,South East,Urban,Employed part-time,"Under £20,000",Yes,Yes,0,31-90 days ago,QuickBite,4,4,6,5,4,4,5,5,4,5,4,6,5,40.94,Yes,Late delivery,Yes,4,No,More consistent delivery times at weekends.,42.7,43.8,110.6,149.7,45.5,66.8
R00047,P100047,Complete,100,2026-07-18T18:25:35+01:00,2026-07-18T18:35:09+01:00,574,Desktop,Chrome,Panel B,4fe7e9840327,a1d306b0d50f,51,45-54,Man,South East,Rural,Employed part-time,"£75,000-£99,999",Yes,Yes,0,31-90 days ago,MealDash,3,4,4,3,3,3,2,3,2,2,3,3,4,36.58,Yes,Late delivery,No,,Yes,More restaurant choice in my area.,51.3,28,112.1,85.6,101.8,96.8
R00048,P100048,Complete,100,2026-07-14T06:28:04+01:00,2026-07-14T06:38:25+01:00,621,Mobile,Chrome,Panel B,f6d905866add,9f08ec6cedc2,51,45-54,Man,East of England,Urban,Employed full-time,"£35,000-£49,999",Yes,Yes,10+,Today,FoodGo,5,6,8,7,6,6,4,4,5,7,4,3,5,31.08,No,,,,Yes,Improve food temperature on longer deliveries.,47.3,73.0,147.2,71.0,82.6,85.5
R00049,P100049,Complete,100,2026-07-13T12:53:33+01:00,2026-07-13T13:01:13+01:00,460,Mobile,Chrome,Panel C,aa8de2469604,14c4c6f0c1eb,71,65-74,Man,East of England,Urban,Retired,"£50,000-£74,999",Yes,Yes,1,Past week,FoodGo,4,4,5,4,3,4,3,5,7,4,4,3,2,72.51,No,,,,No,Fewer missing items and clearer substitutions.,46.2,65.3,106.2,86.7,43.3,52.6
R00050,P100050,Complete,100,2026-07-08T06:04:04+01:00,2026-07-08T06:10:24+01:00,380,Desktop,Chrome,Panel A,a77edef2401e,51d7ba6e6d7a,42,35-44,Woman,West Midlands,Urban,Employed part-time,"£20,000-£34,999",Yes,Yes,2-3,Past week,QuickBite,5,7,6,5,7,5,5,5,6,6,5,3,5,29.1,No,,,,No,Lower prices overall.,18,83.8,103.4,85.5,28,18
R00051,P100051,Complete,100,2026-07-09T12:36:13+01:00,2026-07-09T12:43:53+01:00,460,Mobile,Chrome,Panel C,5d382b1d9f60,eebaafc8a349,25,25-34,Man,South West,Urban,Retired,"£35,000-£49,999",No,Yes,6-9,Past week,MealDash,4,4,7,5,4,4,3,4,3,4,5,3,5,22.45,No,,,,No,Faster refunds when something goes wrong.,50.2,43.1,104.2,100.7,58.5,77.8
R00052,P100052,Complete,100,2026-07-14T16:09:01+01:00,2026-07-14T16:18:20+01:00,559,Mobile,Safari,Panel A,fcdf6a5fb993,e4b69f343d45,29,25-34,Woman,London,Suburban,Retired,"£75,000-£99,999",No,Yes,1,8-30 days ago,FoodGo,4,4,6,4,5,5,2,6,5,5,3,3,5,39.85,Yes,Missing or incorrect items,No,,Yes,Let customers edit an order for a short time after placing it.,51.0,68.2,80.5,197.6,106.0,86.5
R00053,P100053,Complete,100,2026-07-20T09:44:17+01:00,2026-07-20T09:53:21+01:00,544,Mobile,Chrome,Panel A,7831ce13dc08,7b48481cf435,23,18-24,Man,West Midlands,Suburban,Employed full-time,"£35,000-£49,999",No,Yes,1,Past week,FoodGo,7,7,7,7,6,7,5,7,7,6,7,3,6,29.44,No,,,,No,Show unavailable items before I start ordering.,31.1,79.3,111.6,127.6,49.0,61.1
R00054,P100054,Complete,100,2026-07-09T02:40:45+01:00,2026-07-09T02:51:13+01:00,628,Mobile,Other,Panel A,8f2167cfdd68,93da2cdd0183,30,25-34,Woman,South East,Suburban,Self-employed,"£20,000-£34,999",No,Yes,4-5,Today,MealDash,4,6,5,4,6,5,5,4,4,6,3,3,3,35.57,No,,,,Yes,Better loyalty rewards.,57.2,40.7,127.7,139.7,103.9,84.7
R00055,P100055,Complete,100,2026-07-15T17:11:25+01:00,2026-07-15T17:20:26+01:00,541,Desktop,Firefox,Panel B,3abd888c50d7,13f6328fd125,40,35-44,Woman,South East,Urban,Employed full-time,"£35,000-£49,999",No,Yes,4-5,Past week,QuickBite,6,7,8,6,7,5,4,6,5,4,5,3,5,17.92,No,,,,No,Faster refunds when something goes wrong.,39.0,89.9,88.7,126.9,75.4,55.5
R00056,P100056,Complete,100,2026-07-19T11:02:32+01:00,2026-07-19T11:09:41+01:00,429,Mobile,Safari,Panel A,d695bfdf2ce8,f38e4d645954,58,55-64,Man,South East,Urban,Employed part-time,"£50,000-£74,999",Yes,Yes,1,8-30 days ago,MealDash,2,3,4,4,3,1,1,3,2,4,2,3,2,23.61,Yes,Order cancelled,No,,No,More restaurant choice in my area.,29.0,41.1,78.2,108.6,81.2,29.3
R00057,P100057,Complete,100,2026-07-09T08:37:06+01:00,2026-07-09T08:45:49+01:00,523,Mobile,Firefox,Panel B,84a7ed0283cd,b3473758e53c,26,25-34,Man,Scotland,Urban,Employed full-time,Prefer not to say,No,Yes,1,8-30 days ago,QuickBite,5,5,7,6,6,6,5,6,5,5,6,3,6,17.03,No,,,,No,More consistent delivery times at weekends.,51.7,57.0,89.0,102.7,97.7,67.0
R00058,P100058,Complete,100,2026-07-17T20:32:58+01:00,2026-07-17T20:42:24+01:00,566,Mobile,Firefox,Panel C,6b0c28e3dc77,ce78220ff3f2,51,45-54,Man,Wales,Urban,Employed part-time,"Under £20,000",No,Yes,1,8-30 days ago,FoodGo,3,3,3,1,2,2,2,4,1,1,3,3,1,31.24,Yes,Late delivery,Yes,6,Yes,Show unavailable items before I start ordering.,45.3,66.4,124.5,88.4,67.4,86.0
R00059,P100059,Complete,100,2026-07-18T16:29:19+01:00,2026-07-18T16:38:51+01:00,572,Desktop,Safari,Panel A,114c6a06c86d,c782ef18365f,40,35-44,Man,South East,Rural,Student,"£20,000-£34,999",No,Yes,6-9,Past week,MealDash,5,4,6,6,6,6,3,7,4,5,5,3,5,32.26,No,,,,Yes,Let customers edit an order for a short time after placing it.,49.0,113.7,66.5,120.7,67.1,94.7
R00060,P100060,Complete,100,2026-07-20T20:15:45+01:00,2026-07-20T20:26:05+01:00,620,Mobile,Chrome,Panel B,0033f87a669e,cb78c67ec2dd,68,65-74,Man,London,Suburban,Employed full-time,"£35,000-£49,999",No,Yes,0,8-30 days ago,MealDash,6,7,10,6,7,7,6,6,7,7,6,3,5,10.79,No,,,,No,Give drivers clearer instructions for flats and apartment buildings.,63.1,79.6,86.3,105.4,81.1,117.7
R00061,P100061,Complete,100,2026-07-12T16:37:00+01:00,2026-07-12T16:47:24+01:00,624,Mobile,Safari,Panel A,9422b8d4706e,e33246c1d2d1,42,35-44,Woman,South East,Suburban,Employed full-time,"£50,000-£74,999",Yes,Yes,4-5,Today,QuickBite,5,6,6,6,6,6,5,6,5,4,5,3,4,19.6,No,,,,Yes,Nothing major; the service generally works well for me.,54.4,48.1,125.5,157.5,98.7,64.2
R00062,P100062,Complete,100,2026-07-12T05:53:35+01:00,2026-07-12T06:01:51+01:00,496,Mobile,Safari,Panel B,de7c57570857,8bfd743a172c,29,25-34,Woman,Yorkshire and the Humber,Suburban,Employed full-time,"£50,000-£74,999",Yes,Yes,6-9,More than 3 months ago,MealDash,5,5,7,5,6,4,7,7,4,6,5,3,6,23.61,No,,,,No,Let customers edit an order for a short time after placing it.,62.3,41.8,105.4,140.0,74.7,47.3
R00063,P100063,Complete,100,2026-07-09T13:03:33+01:00,2026-07-09T13:13:14+01:00,581,Desktop,Edge,Panel A,42812db35dcc,f6e29fd9f779,62,55-64,Woman,East Midlands,Suburban,Employed full-time,"£50,000-£74,999",Yes,Yes,1,8-30 days ago,MealDash,4,4,6,4,5,4,4,5,4,4,3,3,4,22.37,No,,,,No,Reduce minimum order values.,19.6,82.3,124.7,117.3,92.9,73.7
R00064,P100064,Complete,100,2026-07-18T07:12:32+01:00,2026-07-18T07:20:58+01:00,506,Mobile,Safari,Panel A,0d84e0f2ca4a,9c3594dd7cef,25,25-34,Man,South East,Urban,Employed full-time,"£50,000-£74,999",No,Yes,4-5,Today,QuickBite,5,7,7,7,5,6,5,5,5,5,7,3,5,50.64,No,,,,Yes,Show unavailable items before I start ordering.,35.7,80.4,90.2,115.6,73.4,81.7
R00065,P100065,Complete,100,2026-07-19T09:06:00+01:00,2026-07-19T09:14:56+01:00,536,Mobile,Chrome,Panel B,401c4ba18994,a446b792c809,43,35-44,Man,Scotland,Urban,Employed full-time,"£35,000-£49,999",No,Yes,2-3,Past week,QuickBite,6,7,7,5,7,4,6,6,7,6,4,3,5,20.8,No,,,,No,Make service charges easier to understand before checkout.,45.7,64.6,136.1,125.9,96.7,42.1
R00066,P100066,Complete,100,2026-07-18T10:31:59+01:00,2026-07-18T10:42:43+01:00,644,Mobile,Edge,Panel A,e1e8bb6f0611,54a24bbd4b41,30,25-34,Woman,East of England,Urban,Not currently employed,"Under £20,000",No,Yes,6-9,Past week,MealDash,7,7,10,7,7,6,6,7,5,6,7,3,6,17.77,No,,,,No,Reduce minimum order values.,54.8,89.8,85.7,127.2,104.1,108.5
R00067,P100067,Complete,100,2026-07-19T07:43:20+01:00,2026-07-19T07:52:44+01:00,564,Mobile,Edge,Panel C,c574159f7a8b,7986a70470e6,74,65-74,Man,East of England,Suburban,Employed full-time,"£50,000-£74,999",No,Yes,4-5,Today,FoodGo,5,5,8,6,5,6,5,6,4,4,5,3,4,20.19,No,,,,No,Fewer missing items and clearer substitutions.,33.5,58.9,119.5,175.0,87.4,65.0
R00068,P100068,Complete,100,2026-07-17T00:52:05+01:00,2026-07-17T01:00:30+01:00,505,Tablet,Chrome,Panel B,370a1d186f4e,32e26880cd49,67,65-74,Woman,London,Rural,Employed full-time,"£20,000-£34,999",Yes,Yes,0,31-90 days ago,Restaurant direct,6,6,10,6,6,7,6,6,6,7,7,3,5,28.39,No,,,,Yes,Give drivers clearer instructions for flats and apartment buildings.,25.6,95.4,132.0,96.9,46.9,61.4
R00069,P100069,Complete,100,2026-07-20T12:05:50+01:00,2026-07-20T12:13:13+01:00,443,Desktop,Safari,Panel C,834e30df3b8f,c5f9d72d6c2c,41,35-44,Man,South East,Urban,Employed full-time,"£20,000-£34,999",No,Yes,4-5,Past week,Restaurant direct,5,5,6,5,6,6,4,5,6,4,4,3,3,17.38,No,,,,No,"Better offers for existing customers, not just new users.",51.6,72.6,68.5,124.9,83.4,18
R00070,P100070,Complete,100,2026-07-06T17:34:22+01:00,2026-07-06T17:42:34+01:00,492,Desktop,Safari,Panel A,b238563e8cf0,e5198cd420f0,20,18-24,Woman,North West,Urban,Employed full-time,"£35,000-£49,999",No,Yes,2-3,Past week,Restaurant direct,6,7,8,7,6,6,6,6,6,6,7,3,5,46.45,No,,,,No,Fewer missing items and clearer substitutions.,41.5,92.4,136.9,86.1,55.3,25.5
R00071,P100071,Complete,100,2026-07-16T17:53:22+01:00,2026-07-16T17:54:56+01:00,94,Desktop,Chrome,Panel B,14fb0b7a1db0,17e1c85e401a,41,35-44,Man,East Midlands,Urban,Retired,"£75,000-£99,999",Yes,Yes,1,8-30 days ago,QuickBite,6,6,8,5,6,6,4,5,5,5,6,3,4,31.14,No,,,,No,More consistent delivery times at weekends.,11.0,3,9.1,4.3,8.0,47.3
R00072,P100072,Complete,100,2026-07-16T04:14:37+01:00,2026-07-16T04:23:41+01:00,544,Mobile,Edge,Panel B,fa0d5e3c8051,6b8e246ad87f,50,45-54,Woman,West Midlands,Suburban,Not currently employed,"£20,000-£34,999",Yes,Yes,1,8-30 days ago,Restaurant direct,4,5,4,4,3,2,4,4,4,4,3,3,3,37.11,Yes,Food arrived cold,No,,No,"Lower delivery fees, especially on smaller orders.",38.6,65.9,74.9,124.2,69.8,101.0
R00073,P100073,Complete,100,2026-07-17T22:59:05+01:00,2026-07-17T23:08:40+01:00,575,Desktop,Chrome,Panel A,21d97d6b800b,586bec52043f,22,18-24,Woman,South East,Urban,Employed full-time,"£35,000-£49,999",No,Yes,4-5,Past week,QuickBite,6,7,8,5,6,6,5,5,6,6,6,3,7,31.69,No,,,,No,Make service charges easier to understand before checkout.,80.7,121.8,87.7,103.1,35.1,65.3
R00074,P100074,Complete,100,2026-07-10T12:27:33+01:00,2026-07-10T12:36:14+01:00,521,Mobile,Chrome,Panel A,c0811ea57daa,a5f0e94d874d,36,35-44,Woman,Wales,Suburban,Employed full-time,"£20,000-£34,999",No,Yes,0,Past week,MealDash,7,7,10,6,6,7,6,7,7,6,6,3,5,15.47,No,,,,No,Improve food temperature on longer deliveries.,58.7,82.0,56.4,125.7,101.4,52.5
R00075,P100075,Complete,100,2026-07-13T00:39:52+01:00,2026-07-13T00:48:48+01:00,536,Desktop,Chrome,Panel B,90862b34d67e,4896a5139f35,31,25-34,Man,East Midlands,Urban,Self-employed,"£75,000-£99,999",Yes,Yes,0,31-90 days ago,MealDash,3,4,4,2,3,5,1,2,3,4,4,3,3,19.28,Yes,Missing or incorrect items,Yes,5,No,More accurate delivery time estimates.,44.6,86.7,99.6,67.0,97.0,79.2
R00076,P100076,Complete,100,2026-07-13T05:35:20+01:00,2026-07-13T05:42:57+01:00,457,Mobile,Safari,Panel A,0433abc4248b,4009400c0495,30,25-34,Man,London,Suburban,Self-employed,"£35,000-£49,999",No,Yes,0,8-30 days ago,QuickBite,5,7,8,6,5,4,5,5,6,5,5,3,5,13.48,No,,,,No,Reduce minimum order values.,57.3,56.0,81.9,143.3,55.1,26.4
R00077,P100077,Complete,100,2026-07-16T09:23:22+01:00,2026-07-16T09:24:51+01:00,89,Tablet,Other,Panel A,f2f3df0edd17,26977de6b979,49,45-54,Woman,Wales,Rural,Employed full-time,"£50,000-£74,999",No,Yes,0,Past week,FoodGo,5,5,8,5,7,6,4,5,7,6,4,3,3,28.97,No,,,,No,Improve the accuracy of map tracking.,21.1,6.7,5.0,30.3,3,15.0
R00078,P100078,Complete,100,2026-07-10T07:52:47+01:00,2026-07-10T08:01:59+01:00,552,Mobile,Chrome,Panel A,c4258054afa1,5355764c3410,48,45-54,Woman,London,Urban,Employed full-time,"Under £20,000",No,Yes,10+,Today,MealDash,6,6,6,6,4,5,4,5,6,6,6,3,5,27.71,No,,,,Yes,Faster refunds when something goes wrong.,43.1,79.9,105.7,148.2,66.8,83.8
R00079,P100079,Complete,100,2026-07-08T17:24:04+01:00,2026-07-08T17:30:42+01:00,398,Desktop,Chrome,Panel A,8b62622380c9,d1c46483b2c1,28,25-34,Man,South East,Rural,Employed full-time,"£50,000-£74,999",No,Yes,4-5,Past week,FoodGo,6,6,9,5,6,6,6,7,6,4,7,3,6,46.98,No,,,,No,"Better offers for existing customers, not just new users.",18.6,60.5,37.8,100.1,50.5,82.2
R00080,P100080,Complete,100,2026-07-12T13:34:05+01:00,2026-07-12T13:43:28+01:00,563,Desktop,Other,Panel A,107c9ac1dc01,61692d64ef43,29,25-34,Man,West Midlands,Rural,Employed full-time,"£35,000-£49,999",No,Yes,4-5,Past week,QuickBite,5,5,8,4,4,4,4,4,4,4,4,3,3,60.01,No,,,,No,Faster refunds when something goes wrong.,67.1,53.6,168.8,77.9,76.8,55.9
R00081,P100081,Complete,100,2026-07-13T23:02:40+01:00,2026-07-13T23:05:04+01:00,144,Mobile,Safari,Panel A,a564486c2a61,0c53b515dd17,35,35-44,Man,London,Urban,Employed full-time,Prefer not to say,No,Yes,4-5,Past week,QuickBite,4,3,5,3,4,4,3,4,3,4,2,3,2,23.97,Yes,Missing or incorrect items,No,,No,More accurate delivery time estimates.,21.6,6.7,67.6,11.2,11.4,13.6
R00082,P100082,Complete,100,2026-07-11T19:29:08+01:00,2026-07-11T19:37:33+01:00,505,Desktop,Safari,Panel B,547202900f60,d48ad70b5ba8,24,18-24,Woman,South West,Rural,Employed full-time,"Under £20,000",No,Yes,4-5,Past week,QuickBite,4,5,4,4,4,2,3,6,3,4,4,3,2,9.68,No,,,,No,"Better offers for existing customers, not just new users.",56.3,61.2,130.2,81.4,85.6,70.7
R00083,P100083,Complete,100,2026-07-06T12:19:25+01:00,2026-07-06T12:28:36+01:00,551,Mobile,Safari,Panel A,e157fbb01c8c,cf4b0f09a097,43,35-44,Woman,East Midlands,Suburban,Employed full-time,Prefer not to say,Yes,Yes,2-3,8-30 days ago,MealDash,5,5,7,5,5,5,4,5,5,6,4,3,3,18.98,Yes,Other,Yes,7,No,More responsive customer support.,43.9,71.3,154.5,122.7,60.3,73.4
R00084,P100084,Complete,100,2026-07-07T18:28:38+01:00,2026-07-07T18:36:45+01:00,487,Desktop,Chrome,Panel B,b51991497021,bea7eb5627de,57,55-64,Woman,South East,Suburban,Student,"£20,000-£34,999",Yes,Yes,0,8-30 days ago,MealDash,5,5,8,6,5,6,5,7,4,5,4,3,6,21.56,No,,,,Yes,Make service charges easier to understand before checkout.,36.3,62.2,115.2,111.7,29.4,74.6
R00085,P100085,Complete,100,2026-07-11T18:38:02+01:00,2026-07-11T18:45:09+01:00,427,Desktop,Chrome,Panel A,c28a22b481c7,f0e767920c09,64,55-64,Woman,North West,Urban,Employed full-time,"£20,000-£34,999",Yes,Yes,4-5,Today,Restaurant direct,5,5,6,5,6,6,2,7,7,5,4,3,4,40.12,Yes,Food arrived cold,Yes,4,Yes,More environmentally friendly packaging options.,49.5,85.4,104.1,123.4,80.8,47.6
R00086,P100086,Complete,100,2026-07-10T16:59:50+01:00,2026-07-10T17:10:30+01:00,640,Mobile,Firefox,Panel A,10087eead66f,be593738695c,37,35-44,Man,North West,Urban,Retired,"£100,000+",No,Yes,4-5,Past week,MealDash,4,5,4,3,4,3,4,5,1,4,2,3,2,54.41,No,,,,No,Reduce minimum order values.,34.3,78.2,139.7,161.9,104.7,66.0
R00087,P100087,Complete,100,2026-07-14T02:34:06+01:00,2026-07-14T02:44:21+01:00,615,Mobile,Edge,Panel C,d2798ae7a157,e557e277438a,24,18-24,Woman,Wales,Urban,Self-employed,"£20,000-£34,999",No,Yes,10+,Past week,FoodGo,5,6,6,5,5,5,5,6,7,5,5,3,5,19.17,Yes,Order cancelled,No,,No,"Lower delivery fees, especially on smaller orders.",54.1,54.1,140.4,160.9,90.0,79.3
R00088,P100088,Complete,100,2026-07-08T18:05:50+01:00,2026-07-08T18:14:47+01:00,537,Desktop,Safari,Panel C,7b272cfb6417,cb68808d12c6,61,55-64,Woman,East of England,Urban,Self-employed,"£50,000-£74,999",No,Yes,2-3,Past week,QuickBite,4,5,6,3,5,4,4,2,6,3,4,3,3,8.5,Yes,Food arrived cold,No,,No,Lower prices overall.,68.1,72.5,91.5,106.2,48.9,58.9
R00089,P100089,Complete,100,2026-07-20T14:30:45+01:00,2026-07-20T14:40:46+01:00,601,Desktop,Chrome,Panel B,f4b638926d2b,192d5ea491c5,49,45-54,Man,Yorkshire and the Humber,Urban,Employed full-time,"£100,000+",No,Yes,2-3,8-30 days ago,Restaurant direct,5,5,8,6,5,5,5,5,7,5,3,3,3,47.62,No,,,,No,Better loyalty rewards.,42.3,47.3,145.2,122.8,85.4,80.7
R00090,P100090,Complete,100,2026-07-09T07:41:07+01:00,2026-07-09T07:51:17+01:00,610,Mobile,Chrome,Panel A,4e9956186038,aabd9f56fc4b,52,45-54,Man,North West,Urban,Employed full-time,"Under £20,000",Yes,Yes,2-3,8-30 days ago,QuickBite,4,6,5,4,5,5,2,4,4,2,3,3,2,34.58,Yes,Food arrived cold,Yes,1,Yes,Show unavailable items before I start ordering.,36.4,68.3,105.3,132.4,85.3,85.7
R00091,P100091,Complete,100,2026-07-06T20:16:37+01:00,2026-07-06T20:25:26+01:00,529,Desktop,Edge,Panel A,72cd1d2a7483,7c91c10a0b00,59,55-64,Woman,London,Rural,Not currently employed,Prefer not to say,No,Yes,6-9,Past week,QuickBite,6,7,9,7,7,7,6,6,6,6,7,3,6,33.32,No,,,,No,More accurate delivery time estimates.,41.1,65.0,77.1,96.2,103.6,89.3
R00092,P100092,Complete,100,2026-07-10T06:25:03+01:00,2026-07-10T06:34:42+01:00,579,Tablet,Chrome,Panel B,251ab75403c1,0364823d9178,40,35-44,Man,London,Rural,Employed full-time,"£35,000-£49,999",No,Yes,2-3,Past week,QuickBite,5,6,6,5,5,4,3,5,6,5,5,3,3,16.27,No,,,,Yes,Improve the accuracy of map tracking.,40.3,66.3,166.6,62.7,118.2,38.0
R00093,P100093,Complete,100,2026-07-18T20:03:06+01:00,2026-07-18T20:13:52+01:00,646,Mobile,Safari,Panel B,3248b5f81a99,2a49f9366d82,23,18-24,Man,West Midlands,Urban,Employed full-time,"£75,000-£99,999",No,Yes,1,Past week,Restaurant direct,5,6,7,5,6,5,4,6,6,6,6,3,3,27.82,No,,,,No,qwerty,30.8,79.4,121.4,142.4,79.0,110.9
R00094,P100094,Complete,100,2026-07-09T04:49:50+01:00,2026-07-09T04:58:53+01:00,543,Mobile,Chrome,Panel B,5339d4621116,b7db54b80ec8,23,18-24,Woman,South East,Suburban,Student,"£20,000-£34,999",No,Yes,2-3,8-30 days ago,FoodGo,6,7,7,7,6,5,6,7,6,6,5,3,6,36.17,No,,,,No,Fewer missing items and clearer substitutions.,65.1,49.0,67.1,110.6,94.7,96.3
R00095,P100095,Complete,100,2026-07-07T10:54:29+01:00,2026-07-07T11:03:23+01:00,534,Mobile,Safari,Panel C,fee364d38911,1812afaae273,41,35-44,Woman,East Midlands,Suburban,Employed part-time,"£20,000-£34,999",No,Yes,2-3,Past week,QuickBite,5,7,7,7,5,6,5,5,4,5,5,3,4,31.61,No,,,,Yes,More accurate delivery time estimates.,44.8,73.0,134.6,93.3,55.6,98.0
R00096,P100096,Complete,100,2026-07-16T15:09:29+01:00,2026-07-16T15:20:03+01:00,634,Mobile,Chrome,Panel C,b12337f0025b,a21ad9d19dcd,41,35-44,Woman,Northern Ireland,Urban,Employed part-time,Prefer not to say,Yes,Yes,4-5,Past week,QuickBite,5,6,6,3,4,6,4,5,4,5,6,3,5,31.86,No,,,,No,Make service charges easier to understand before checkout.,23.7,41.3,109.9,178.5,72.8,108.4
R00097,P100097,Complete,100,2026-07-15T13:32:00+01:00,2026-07-15T13:40:01+01:00,481,Mobile,Chrome,Panel A,d3889b8d9374,3f1a225d926e,25,25-34,Woman,South East,Urban,Employed full-time,"Under £20,000",No,Yes,6-9,Past week,FoodGo,7,7,10,6,7,7,6,7,6,6,6,3,7,12.1,No,,,,No,Improve food temperature on longer deliveries.,35.8,71.9,93.9,99.2,83.9,36.8
R00098,P100098,Complete,100,2026-07-10T16:15:50+01:00,2026-07-10T16:25:41+01:00,591,Mobile,Chrome,Panel B,2f98afedf73d,8c592f654042,18,18-24,Man,North West,Urban,Employed full-time,Prefer not to say,Yes,Yes,10+,Past week,MealDash,5,5,8,3,5,4,5,5,3,5,5,3,2,44.58,No,,,,No,Fewer missing items and clearer substitutions.,37.2,47.9,135.7,119.8,87.3,73.6
R00099,P100099,Complete,100,2026-07-11T19:26:33+01:00,2026-07-11T19:34:51+01:00,498,Mobile,Safari,Panel A,590db095e5d0,862d191d60e7,45,45-54,Man,London,Suburban,Employed part-time,"£20,000-£34,999",No,Yes,1,8-30 days ago,FoodGo,5,4,7,6,5,4,3,7,5,5,4,3,4,37.12,No,,,,No,Nothing major; the service generally works well for me.,63.0,56.6,114.6,86.7,59.2,93.0
R00100,P100100,Complete,100,2026-07-19T02:53:51+01:00,2026-07-19T03:03:22+01:00,571,Desktop,Chrome,Panel C,949d58522067,928a6b543160,35,35-44,Woman,London,Urban,Employed full-time,"£100,000+",No,Yes,4-5,Past week,QuickBite,4,5,6,5,4,5,4,5,3,3,3,3,4,65.31,Yes,Late delivery,Yes,2,Yes,Faster refunds when something goes wrong.,31.9,99.0,102.9,108.7,84.3,108.7
R00101,P100101,Complete,100,2026-07-10T03:28:58+01:00,2026-07-10T03:39:05+01:00,607,Mobile,Chrome,Panel A,82b62a3986e2,124ce81fc552,25,25-34,Woman,North West,Suburban,Employed full-time,"£20,000-£34,999",Yes,Yes,2-3,8-30 days ago,Restaurant direct,5,5,5,3,5,5,3,5,4,5,4,3,5,24.67,No,,,,No,More accurate delivery time estimates.,62.9,76.9,113.5,140.8,95.3,80.3
R00102,P100102,Complete,100,2026-07-14T19:29:51+01:00,2026-07-14T19:36:50+01:00,419,Desktop,Edge,Panel A,4c33e3857569,33069afb4072,70,65-74,Man,East of England,Suburban,Employed full-time,Prefer not to say,Yes,Yes,4-5,Past week,QuickBite,3,4,3,3,4,5,3,4,5,3,5,3,3,27.39,No,,,,No,Reduce minimum order values.,22.4,75.8,90.5,130.7,28,40.4
R00103,P100103,Complete,100,2026-07-18T04:13:11+01:00,2026-07-18T04:23:36+01:00,625,Mobile,Chrome,Panel B,4627573a3204,dc7be55d3b6c,59,55-64,Man,East Midlands,Urban,Employed full-time,Prefer not to say,Yes,Yes,1,8-30 days ago,MealDash,5,5,6,7,7,6,6,5,6,4,5,3,6,34.23,No,,,,No,Give drivers clearer instructions for flats and apartment buildings.,32.3,71.9,112.5,157.9,88.5,75.0
R00104,P100104,Complete,100,2026-07-10T17:14:36+01:00,2026-07-10T17:22:35+01:00,479,Mobile,Safari,Panel A,d47c4ca7f3fd,f852327a03cc,29,25-34,Woman,West Midlands,Urban,Not currently employed,"£20,000-£34,999",No,Yes,2-3,8-30 days ago,QuickBite,4,5,7,4,5,4,2,5,4,5,4,2,5,49.11,Yes,Late delivery,Yes,2,No,Make service charges easier to understand before checkout.,29.8,44.6,91.4,115.6,36.8,90.7
R00105,P100105,Complete,100,2026-07-15T16:23:43+01:00,2026-07-15T16:33:46+01:00,603,Mobile,Safari,Panel B,c4c88b62106e,5205dfd49c70,40,35-44,Woman,South East,Urban,Employed full-time,"£20,000-£34,999",No,Yes,6-9,Past week,FoodGo,6,7,10,7,5,6,7,7,7,6,7,3,5,29.74,No,,,,No,Make service charges easier to understand before checkout.,49.6,39.1,119.6,160.3,108.7,64.4
R00106,P100106,Complete,100,2026-07-18T19:25:39+01:00,2026-07-18T19:33:37+01:00,478,Mobile,Safari,Panel A,b5c4d3c7bfe8,2f9e84ae8594,20,18-24,Man,East of England,Urban,Employed full-time,"£100,000+",Yes,Yes,2-3,Past week,QuickBite,5,4,7,7,4,6,5,3,4,4,3,3,3,24.26,No,,,,No,Make service charges easier to understand before checkout.,55.8,81.8,90.6,103.7,75.0,46.8
R00107,P100107,Complete,100,2026-07-16T12:55:48+01:00,2026-07-16T13:04:25+01:00,517,Mobile,Safari,Panel B,e176d76cd691,f98096d7a59b,31,25-34,Woman,Northern Ireland,Rural,Employed full-time,"Under £20,000",Yes,Yes,2-3,Past week,FoodGo,4,4,5,4,5,3,5,4,4,4,5,3,4,27.44,No,,,,Yes,Faster refunds when something goes wrong.,34.5,78.7,101.5,81.1,66.1,96.7
R00108,P100108,Complete,100,2026-07-16T09:21:15+01:00,2026-07-16T09:30:21+01:00,546,Mobile,Chrome,Panel A,87cce3f22230,05b00af4a4e6,64,55-64,Woman,London,Suburban,Employed full-time,"£20,000-£34,999",Yes,Yes,1,Past week,QuickBite,4,4,6,5,6,4,4,6,4,7,3,7,2,33.83,No,,,,No,Make service charges easier to understand before checkout.,45.6,109.8,92.0,96.5,90.6,75.3
R00109,P100109,Complete,100,2026-07-12T19:00:50+01:00,2026-07-12T19:08:52+01:00,482,Mobile,Chrome,Panel A,f5d91edbf26e,3f7acf699721,42,35-44,Woman,Scotland,Urban,Employed full-time,"Under £20,000",No,Yes,1,8-30 days ago,MealDash,4,4,4,4,3,3,3,3,3,3,2,3,4,14.19,No,,,,No,Give drivers clearer instructions for flats and apartment buildings.,21.9,77.4,123.4,49.4,81.8,93.1
R00110,P100110,Complete,100,2026-07-13T06:26:39+01:00,2026-07-13T06:33:23+01:00,404,Mobile,Firefox,Panel C,bdbee1722eb2,bce16436aa4d,43,35-44,Prefer not to say,South West,Urban,Employed full-time,"£75,000-£99,999",Yes,Yes,1,Past week,MealDash,3,2,5,4,2,4,4,2,3,3,2,3,3,23.89,Yes,Payment or refund issue,No,,No,Give drivers clearer instructions for flats and apartment buildings.,63.6,46.5,111.0,81.1,30.2,19.4
R00111,P100111,Complete,100,2026-07-13T07:37:18+01:00,2026-07-13T07:38:28+01:00,70,Mobile,Chrome,Panel A,e8644eccd65b,b88616d48b0a,26,25-34,Woman,South East,Rural,Employed full-time,"£100,000+",Yes,Yes,4-5,Today,MealDash,5,5,7,6,6,6,6,6,6,6,6,3,4,22.42,No,,,,No,Nothing major; the service generally works well for me.,27.2,4.8,9.3,3,14.1,3
R00112,P100112,Complete,100,2026-07-12T17:39:12+01:00,2026-07-12T17:49:01+01:00,589,Mobile,Chrome,Panel C,2186bae3ecb8,96a27d90c3e9,50,45-54,Man,London,Suburban,Employed full-time,"£35,000-£49,999",Yes,Yes,0,31-90 days ago,MealDash,5,5,5,6,2,4,6,3,7,6,4,3,3,26.79,No,,,,No,More consistent delivery times at weekends.,30.0,76.8,111.3,162.2,82.3,76.2
R00113,P100113,Complete,100,2026-07-20T21:00:40+01:00,2026-07-20T21:10:53+01:00,613,Desktop,Edge,Panel A,e9b73be7ebd8,3b0916a39c5b,43,35-44,Man,South East,Urban,Retired,"£50,000-£74,999",No,Yes,1,8-30 days ago,Other,5,4,6,5,4,6,7,5,5,6,5,3,3,15.66,No,,,,No,Improve food temperature on longer deliveries.,53.6,47.5,162.9,116.7,87.5,51.2
R00114,P100114,Complete,100,2026-07-17T22:26:05+01:00,2026-07-17T22:36:49+01:00,644,Mobile,Safari,Panel A,af2660d7571c,738c772a3a11,73,65-74,Prefer not to say,West Midlands,Urban,Employed full-time,"£50,000-£74,999",No,Yes,2-3,8-30 days ago,MealDash,5,4,8,6,6,5,4,6,5,5,5,3,5,28.95,No,,,,No,"Better offers for existing customers, not just new users.",48.4,78.5,122.6,174.5,85.3,78.6
R00115,P100115,Complete,100,2026-07-13T12:35:20+01:00,2026-07-13T12:46:10+01:00,650,Mobile,Chrome,Panel A,119ec0b18d95,a0d92704ebe4,31,25-34,Woman,South East,Urban,Employed full-time,"£35,000-£49,999",Yes,Yes,1,8-30 days ago,Restaurant direct,2,2,2,3,2,2,1,3,3,3,1,3,1,19.08,Yes,Missing or incorrect items,Yes,5,Yes,Fewer missing items and clearer substitutions.,42.6,77.7,127.4,178.8,94.1,75.3
R00116,P100116,Complete,100,2026-07-20T04:30:08+01:00,2026-07-20T04:37:28+01:00,440,Desktop,Edge,Panel A,02d0e66356ad,ffe52f5d2696,32,25-34,Man,Yorkshire and the Humber,Rural,Not currently employed,"£35,000-£49,999",No,Yes,4-5,Today,Restaurant direct,7,6,9,5,7,7,7,7,7,7,6,3,6,14.09,No,,,,No,More restaurant choice in my area.,31.6,93.9,104.0,114.2,32.2,18
R00117,P100117,Complete,100,2026-07-11T03:43:25+01:00,2026-07-11T03:50:55+01:00,450,Mobile,Edge,Panel C,650124d872c3,93cc3adc3442,27,25-34,Man,Wales,Urban,Employed full-time,"£75,000-£99,999",No,Yes,1,8-30 days ago,MealDash,5,6,8,6,6,6,5,5,4,6,4,3,4,49.26,Yes,Late delivery,Yes,2,No,"Lower delivery fees, especially on smaller orders.",31.2,51.3,96.6,77.0,56.2,73.2
R00118,P100118,Complete,100,2026-07-10T07:42:30+01:00,2026-07-10T07:50:44+01:00,494,Mobile,Safari,Panel B,e0e6927bdb97,a5cfc1be97db,41,35-44,Woman,London,Urban,Retired,"Under £20,000",No,Yes,1,8-30 days ago,QuickBite,6,6,8,5,6,5,5,7,5,4,7,4,5,10.61,No,,,,No,Make service charges easier to understand before checkout.,47.3,49.5,100.7,123.0,37.9,60.4
R00119,P100119,Complete,100,2026-07-14T01:38:21+01:00,2026-07-14T01:47:45+01:00,564,Mobile,Chrome,Panel A,cd5a8516d342,4081a7cfaf3a,60,55-64,Woman,London,Urban,Employed full-time,"£35,000-£49,999",No,Yes,2-3,Past week,FoodGo,6,6,6,6,6,4,6,5,6,6,6,3,5,29.23,No,,,,No,Lower prices overall.,27.8,98.3,73.8,140.7,100.9,62.3
R00120,P100120,Complete,100,2026-07-08T23:03:55+01:00,2026-07-08T23:12:03+01:00,488,Mobile,Edge,Panel A,507f82887a71,fb6b6e29d8bf,42,35-44,Non-binary,London,Urban,Employed part-time,"£35,000-£49,999",No,Yes,10+,Today,Restaurant direct,6,7,9,5,7,6,5,6,6,7,5,3,5,40.13,No,,,,No,"Lower delivery fees, especially on smaller orders.",46.1,45.0,91.1,108.6,78.0,55.5
R00121,P100121,Complete,100,2026-07-16T00:02:26+01:00,2026-07-16T00:11:59+01:00,573,Mobile,Safari,Panel B,4a3f61893f70,285e6b0f7e57,47,45-54,Woman,London,Suburban,Not currently employed,"£35,000-£49,999",Yes,Yes,2-3,8-30 days ago,MealDash,4,5,4,4,5,6,4,4,4,5,4,3,4,14.39,Yes,Missing or incorrect items,No,,Yes,Faster refunds when something goes wrong.,37.7,85.0,148.1,149.1,76.8,19.4
R00122,P100122,Complete,100,2026-07-20T12:37:59+01:00,2026-07-20T12:46:51+01:00,532,Desktop,Safari,Panel B,285a1a7d2e90,93c65da0c4aa,55,55-64,Woman,Yorkshire and the Humber,Urban,Employed full-time,"£35,000-£49,999",No,Yes,1,8-30 days ago,Restaurant direct,6,7,8,6,5,5,5,7,5,4,6,3,5,43.3,Yes,Food arrived cold,No,,No,Show unavailable items before I start ordering.,31.7,28,76.2,182.1,61.2,41.9
R00123,P100123,Complete,100,2026-07-11T20:39:04+01:00,2026-07-11T20:46:15+01:00,431,Mobile,Chrome,Panel A,112fdaaa9d17,a61a7e6491da,61,55-64,Woman,South East,Urban,Employed full-time,"£75,000-£99,999",No,Yes,0,8-30 days ago,Restaurant direct,4,5,4,4,6,4,3,5,4,3,3,3,3,26.48,No,,,,Yes,zzzzzzzz,50.9,41.1,91.5,126.7,30.2,39.2
R00124,P100124,Complete,100,2026-07-08T16:54:29+01:00,2026-07-08T17:02:46+01:00,497,Mobile,Chrome,Panel C,8093277538ff,7ee7b79a7344,44,35-44,Man,North West,Urban,Self-employed,"£35,000-£49,999",Yes,Yes,0,31-90 days ago,MealDash,4,4,8,5,5,5,5,5,4,4,5,3,5,46.32,No,,,,No,Reduce minimum order values.,52.6,62.9,75.8,114.8,47.9,71.1
R00125,P100125,Complete,100,2026-07-12T17:33:06+01:00,2026-07-12T17:42:01+01:00,535,Mobile,Chrome,Panel B,2e09c2c99dec,d24a954df0a5,57,55-64,Man,West Midlands,Urban,Not currently employed,"£20,000-£34,999",No,Yes,4-5,Past week,QuickBite,3,2,4,3,4,3,2,4,4,2,2,3,1,38.6,Yes,Late delivery,No,,No,"Better offers for existing customers, not just new users.",40.4,74.1,77.1,112.8,102.8,64.5
R00126,P100126,Complete,100,2026-07-16T05:16:49+01:00,2026-07-16T05:29:07+01:00,738,Mobile,Safari,Panel C,45a7d79e1bde,1a3ab0ce111c,51,45-54,Man,Scotland,Urban,Employed part-time,"£50,000-£74,999",No,Yes,2-3,Past week,QuickBite,6,7,7,6,7,5,5,6,5,6,7,3,4,29.59,No,,,,No,Reduce minimum order values.,46.8,73.1,180.2,169.2,102.7,86.5
R00127,P100127,Complete,100,2026-07-20T09:22:45+01:00,2026-07-20T09:31:30+01:00,525,Mobile,Safari,Panel C,72260d9bb450,396d14d6f382,32,25-34,Woman,Wales,Urban,Self-employed,Prefer not to say,No,Yes,4-5,Past week,Restaurant direct,6,6,7,6,7,6,6,7,5,6,6,3,6,23.37,No,,,,No,Improve food temperature on longer deliveries.,21.1,40.6,118.3,114.4,131.8,56.6
R00128,P100128,Complete,100,2026-07-16T20:40:40+01:00,2026-07-16T20:48:55+01:00,495,Mobile,Safari,Panel A,0438e64e53fe,53475f946fb3,54,45-54,Man,London,Urban,Employed full-time,"£75,000-£99,999",Yes,Yes,2-3,Past week,Other,4,4,4,4,5,5,3,5,3,5,5,3,2,28.12,No,,,,Yes,Make service charges easier to understand before checkout.,19.4,91.9,62.7,116.6,101.9,59.8
R00129,P100129,Complete,100,2026-07-14T10:27:24+01:00,2026-07-14T10:35:14+01:00,470,Mobile,Safari,Panel C,ee13beaa01c6,737087dc7641,38,35-44,Woman,West Midlands,Urban,Employed full-time,"£75,000-£99,999",Yes,Yes,6-9,Today,MealDash,5,6,7,4,5,5,5,7,6,5,6,3,4,36.55,No,,,,No,Faster refunds when something goes wrong.,36.7,63.2,83.8,110.5,52.4,74.5
R00130,P100130,Complete,100,2026-07-17T01:31:45+01:00,2026-07-17T01:38:22+01:00,397,Mobile,Chrome,Panel B,b98b0750ce7e,617446fdc9b0,57,55-64,Man,North West,Urban,Retired,"£100,000+",No,Yes,2-3,Past week,Other,5,5,6,4,5,5,4,5,5,6,4,3,5,27.87,No,,,,No,"Lower delivery fees, especially on smaller orders.",25.1,78.2,52.2,49.7,72.8,73.4
R00131,P100131,Complete,100,2026-07-20T00:42:50+01:00,2026-07-20T00:44:03+01:00,73,Mobile,Chrome,Panel A,309ac1ed8587,6c5d3b508936,39,35-44,Man,South West,Rural,Employed full-time,"£100,000+",No,Yes,0,31-90 days ago,QuickBite,5,4,6,5,5,4,5,4,6,5,5,3,4,56.11,No,,,,No,Improve food temperature on longer deliveries.,10.7,12.5,11.5,3,11.3,12.8
R00132,P100132,Complete,100,2026-07-12T08:31:20+01:00,2026-07-12T08:40:11+01:00,531,Mobile,Other,Panel A,e55f8b1de672,70179af8664c,30,25-34,Woman,East Midlands,Suburban,Employed part-time,"£50,000-£74,999",No,Yes,4-5,Past week,FoodGo,5,4,5,5,6,6,6,6,4,5,6,3,5,51.8,No,,,,No,More accurate delivery time estimates.,44.7,67.7,43.1,167.9,60.9,88.1
R00133,P100133,Complete,100,2026-07-13T11:18:06+01:00,2026-07-13T11:27:40+01:00,574,Desktop,Safari,Panel B,cd614b27d88e,11246bee1564,65,65-74,Woman,South West,Urban,Not currently employed,"£50,000-£74,999",Yes,Yes,6-9,More than 3 months ago,MealDash,5,5,8,4,7,4,5,6,5,3,4,3,5,27.66,No,,,,No,Let customers edit an order for a short time after placing it.,41.6,106.5,96.7,117.6,83.9,77.0
R00134,P100134,Complete,100,2026-07-16T19:07:00+01:00,2026-07-16T19:14:44+01:00,464,Mobile,Chrome,Panel C,b92052ca2edc,df4286ff85f6,53,45-54,Woman,East of England,Urban,Not currently employed,"£75,000-£99,999",No,Yes,2-3,Past week,MealDash,4,6,6,6,6,6,6,6,6,6,6,3,3,34.56,Yes,Other,Yes,3,No,Show unavailable items before I start ordering.,32.8,66.1,66.1,123.7,75.8,68.1
R00135,P100135,Complete,100,2026-07-17T00:05:39+01:00,2026-07-17T00:14:58+01:00,559,Mobile,Chrome,Panel A,de6dd5c149ac,9df8f6f72c5e,46,45-54,Woman,North East,Urban,Retired,Prefer not to say,No,Yes,6-9,Today,Restaurant direct,5,5,7,5,4,4,4,6,5,7,5,3,3,38.44,No,,,,No,Improve food temperature on longer deliveries.,35.5,69.7,132.1,123.7,63.3,50.8
R00136,P100136,Complete,100,2026-07-14T13:02:09+01:00,2026-07-14T13:12:37+01:00,628,Desktop,Chrome,Panel C,8dd1aff46778,4479d1b78dc3,48,45-54,Woman,East Midlands,Urban,Not currently employed,"£50,000-£74,999",No,Yes,0,8-30 days ago,FoodGo,4,5,4,4,5,4,5,6,5,4,4,3,4,18.08,No,,,,No,Show unavailable items before I start ordering.,54.6,78.2,118.9,126.9,67.4,119.4
R00137,P100137,Complete,100,2026-07-17T23:46:36+01:00,2026-07-17T23:56:26+01:00,590,Mobile,Chrome,Panel A,6d266e2bc2f7,9d919e6ee278,60,55-64,Woman,East Midlands,Suburban,Retired,"£20,000-£34,999",No,Yes,4-5,Past week,Other,4,4,6,5,4,6,3,5,5,5,4,3,4,40.68,No,,,,No,More consistent delivery times at weekends.,66.7,92.6,116.9,129.9,45.8,40.1
R00138,P100138,Complete,100,2026-07-16T06:24:16+01:00,2026-07-16T06:33:13+01:00,537,Mobile,Chrome,Panel A,508cc551d3d3,3e7027bd754c,35,35-44,Woman,Yorkshire and the Humber,Rural,Employed full-time,"£35,000-£49,999",Yes,Yes,2-3,Past week,Restaurant direct,5,6,7,6,5,3,6,7,6,4,3,3,4,33.88,No,,,,No,Nothing major; the service generally works well for me.,54.3,83.1,51.1,108.0,122.9,44.1
R00139,P100139,Complete,100,2026-07-16T15:24:06+01:00,2026-07-16T15:32:56+01:00,530,Tablet,Edge,Panel B,bbfed6babe54,253c51f75123,67,65-74,Woman,South West,Urban,Employed full-time,"£35,000-£49,999",No,Yes,6-9,Today,QuickBite,7,7,10,6,7,7,7,6,7,7,7,3,7,22.55,No,,,,Yes,Reduce minimum order values.,44.6,33.9,93.0,155.9,106.9,25.6
R00140,P100140,Complete,100,2026-07-20T20:17:52+01:00,2026-07-20T20:19:42+01:00,110,Mobile,Chrome,Panel C,631e1db319d4,d8106dbbe196,40,35-44,Man,South West,Urban,Employed full-time,"£20,000-£34,999",Yes,Yes,1,Past week,QuickBite,3,3,4,1,4,3,2,2,1,1,2,3,3,31.14,No,,,,No,More restaurant choice in my area.,30.1,10.1,18.3,8.9,19.3,11.2
R00141,P100141,Complete,100,2026-07-18T03:45:34+01:00,2026-07-18T03:53:43+01:00,489,Mobile,Chrome,Panel A,7d0530e7bdd3,f28c0a93ed8d,20,18-24,Man,Yorkshire and the Humber,Rural,Self-employed,"£35,000-£49,999",No,Yes,6-9,Past week,Restaurant direct,4,4,6,4,3,4,3,5,5,5,2,3,3,25.52,No,,,,Yes,Faster refunds when something goes wrong.,34.0,46.0,86.3,116.6,62.4,111.8
R00142,P100142,Complete,100,2026-07-18T01:58:39+01:00,2026-07-18T02:09:50+01:00,671,Mobile,Edge,Panel C,f43475fd2111,479a86c875e9,30,25-34,Woman,London,Suburban,Student,"£75,000-£99,999",No,Yes,2-3,Past week,Restaurant direct,3,3,2,2,3,3,3,3,4,4,3,3,2,24.22,Yes,Late delivery,No,,No,Make service charges easier to understand before checkout.,53.0,82.6,115.8,152.4,87.8,104.5
R00143,P100143,Complete,100,2026-07-17T14:15:55+01:00,2026-07-17T14:24:20+01:00,505,Desktop,Safari,Panel B,62782f3adc54,3d7924c21d7c,52,45-54,Man,Yorkshire and the Humber,Urban,Employed full-time,"£100,000+",Yes,Yes,6-9,Today,FoodGo,6,7,10,7,7,6,5,5,7,6,6,3,4,33.32,No,,,,Yes,More environmentally friendly packaging options.,45.8,52.9,137.3,110.4,64.2,24.9
R00144,P100144,Complete,100,2026-07-19T19:24:35+01:00,2026-07-19T19:33:12+01:00,517,Mobile,Safari,Panel C,91aca0814f10,bda1c53f164d,24,18-24,Woman,North West,Suburban,Student,"£35,000-£49,999",No,Yes,1,8-30 days ago,MealDash,5,5,5,5,5,3,4,6,6,5,3,3,4,47.8,No,,,,No,Improve food temperature on longer deliveries.,37.9,109.2,43.6,123.7,57.9,64.3
R00145,P100145,Complete,100,2026-07-06T19:44:56+01:00,2026-07-06T19:54:15+01:00,559,Mobile,Chrome,Panel A,b5a283f616fa,495cd677e912,54,45-54,Man,West Midlands,Suburban,Student,"£20,000-£34,999",Yes,Yes,0,Past week,MealDash,5,6,5,5,5,7,4,4,5,5,4,6,4,17.13,No,,,,No,Show unavailable items before I start ordering.,31.5,70.3,92.5,161.2,56.7,103.9
R00146,P100146,Complete,100,2026-07-16T20:17:08+01:00,2026-07-16T20:26:36+01:00,568,Mobile,Chrome,Panel A,b2564a85e280,2a408f75235b,41,35-44,Man,East of England,Urban,Student,Prefer not to say,Yes,Yes,4-5,Past week,FoodGo,5,6,9,5,6,6,4,5,5,7,5,3,4,43.94,No,,,,No,Give drivers clearer instructions for flats and apartment buildings.,44.3,38.2,83.2,102.2,104.1,146.6
R00147,P100147,Complete,100,2026-07-16T20:35:16+01:00,2026-07-16T20:45:54+01:00,638,Mobile,Chrome,Panel A,9e657e20279e,d08884642f3d,29,25-34,Man,London,Suburban,Not currently employed,"£20,000-£34,999",Yes,Yes,0,8-30 days ago,QuickBite,4,5,6,5,5,4,4,3,4,2,5,3,5,39.81,No,,,,No,Lower prices overall.,59.8,49.9,100.1,220.7,88.2,81.4
R00148,P100148,Complete,100,2026-07-17T13:59:21+01:00,2026-07-17T14:08:07+01:00,526,Desktop,Chrome,Panel B,606be8698890,328accf5e0b5,42,35-44,Woman,West Midlands,Suburban,Retired,"£35,000-£49,999",Yes,Yes,6-9,Today,QuickBite,6,6,7,6,6,7,5,6,7,7,3,3,5,24.02,No,,,,No,More accurate delivery time estimates.,31.5,79.2,127.8,105.1,65.0,60.4
R00149,P100149,Complete,100,2026-07-09T02:44:41+01:00,2026-07-09T02:52:16+01:00,455,Desktop,Chrome,Panel A,78aa4f888e18,8e1a9c5b1ae4,44,35-44,Woman,West Midlands,Urban,Student,"£35,000-£49,999",No,Yes,0,Past week,MealDash,4,5,5,5,4,4,4,4,4,5,5,6,5,40.77,Yes,Late delivery,No,,No,Make service charges easier to understand before checkout.,61.0,65.7,43.7,98.1,65.9,51.4
R00150,P100150,Complete,100,2026-07-12T22:40:50+01:00,2026-07-12T22:49:31+01:00,521,Tablet,Chrome,Panel A,d3d9f09f4655,dfef81dd8eea,74,65-74,Woman,Yorkshire and the Humber,Rural,Not currently employed,"£50,000-£74,999",Yes,Yes,6-9,Past week,FoodGo,5,5,7,5,5,4,5,7,5,5,4,3,5,21.2,No,,,,No,"Better offers for existing customers, not just new users.",19.9,88.9,105.2,137.2,75.5,50.1
R00151,P100151,Complete,100,2026-07-17T23:39:35+01:00,2026-07-17T23:46:53+01:00,438,Tablet,Chrome,Panel C,0a8b92acb4d1,22c32c6fbdf3,36,35-44,Man,South West,Rural,Student,"Under £20,000",No,Yes,2-3,8-30 days ago,Restaurant direct,4,5,5,5,5,6,3,5,4,5,4,3,3,25.99,Yes,Missing or incorrect items,No,,Yes,More consistent delivery times at weekends.,51.4,37.6,86.3,90.9,47.6,52.8
R00152,P100152,Complete,100,2026-07-07T16:35:40+01:00,2026-07-07T16:43:55+01:00,495,Mobile,Safari,Panel B,4fa766b748b4,ca496dc96b8d,23,18-24,Man,Wales,Rural,Employed full-time,"£100,000+",Yes,Yes,2-3,8-30 days ago,MealDash,5,6,4,4,5,5,5,5,5,5,5,3,5,13.55,No,,,,No,Give drivers clearer instructions for flats and apartment buildings.,46.5,49.6,134.6,103.3,62.4,40.8
R00153,P100153,Complete,100,2026-07-12T15:41:59+01:00,2026-07-12T15:54:39+01:00,760,Mobile,Chrome,Panel A,f1b15a46baeb,b025c179c828,20,18-24,Woman,South East,Urban,Employed full-time,"£20,000-£34,999",No,Yes,10+,Past week,FoodGo,5,6,8,2,2,2,2,2,2,2,2,3,5,28.42,No,,,,Yes,More consistent delivery times at weekends.,43.7,67.5,178.9,134.0,109.9,139.4
R00154,P100154,Complete,100,2026-07-14T19:45:59+01:00,2026-07-14T19:56:02+01:00,603,Mobile,Edge,Panel A,3a650ba5c38d,f4c9ca5b38e6,41,35-44,Man,Scotland,Urban,Employed part-time,Prefer not to say,No,Yes,2-3,Past week,QuickBite,5,4,6,4,4,4,3,5,6,4,6,3,4,26.01,No,,,,No,Reduce minimum order values.,43.5,42.2,145.0,143.0,72.6,101.8
R00155,P100155,Complete,100,2026-07-11T00:50:31+01:00,2026-07-11T00:59:32+01:00,541,Mobile,Chrome,Panel B,8b11137ed854,3c3ab1c874ae,64,55-64,Woman,South West,Urban,Student,"£20,000-£34,999",No,Yes,6-9,Past week,MealDash,4,3,6,4,4,4,2,5,5,2,5,3,3,13.68,Yes,Missing or incorrect items,No,,No,"Lower delivery fees, especially on smaller orders.",42.3,62.8,87.7,139.6,111.0,36.1
R00156,P100156,Complete,100,2026-07-08T19:17:59+01:00,2026-07-08T19:25:21+01:00,442,Mobile,Chrome,Panel C,c7e93914f226,65f3611ed35f,45,45-54,Man,London,Urban,Self-employed,"Under £20,000",No,Yes,0,Past week,Restaurant direct,4,4,5,5,3,4,3,3,5,5,3,3,4,28.97,Yes,Late delivery,No,,No,Let customers edit an order for a short time after placing it.,32.9,61.3,55.1,89.9,76.8,37.3
R00157,P100157,Complete,100,2026-07-18T00:50:22+01:00,2026-07-18T00:59:11+01:00,529,Desktop,Edge,Panel A,e721c260e4a6,c0040c82bed3,34,25-34,Woman,North East,Urban,Employed full-time,"£20,000-£34,999",No,Yes,4-5,Past week,MealDash,4,4,7,3,2,4,3,4,4,3,5,5,3,21.84,Yes,Missing or incorrect items,No,,Yes,Fewer missing items and clearer substitutions.,49.4,82.8,42.1,82.8,97.5,78.0
R00158,P100158,Complete,100,2026-07-11T08:24:02+01:00,2026-07-11T08:33:15+01:00,553,Mobile,Chrome,Panel A,b214dd9ac27b,4e9ae8b73153,73,65-74,Man,North West,Suburban,Employed full-time,"£75,000-£99,999",Yes,Yes,1,Past week,FoodGo,6,6,8,7,6,6,5,6,6,7,5,3,5,20.24,No,,,,Yes,Give drivers clearer instructions for flats and apartment buildings.,32.6,40.1,169.4,130.1,74.7,58.3
R00159,P100159,Complete,100,2026-07-15T13:17:59+01:00,2026-07-15T13:27:46+01:00,587,Desktop,Chrome,Panel A,5716013bbedd,2580f90936c1,39,35-44,Non-binary,West Midlands,Suburban,Student,"£50,000-£74,999",No,Yes,1,8-30 days ago,Restaurant direct,3,4,4,3,3,3,2,4,3,4,2,3,3,55.49,Yes,Food arrived cold,No,,No,Make service charges easier to understand before checkout.,40.0,53.6,121.0,124.1,91.3,101.7
R00160,P100160,Complete,100,2026-07-12T10:08:25+01:00,2026-07-12T10:16:49+01:00,504,Mobile,Chrome,Panel C,f6dfb9d1387d,a08a96f42956,26,25-34,Woman,Wales,Suburban,Employed full-time,"Under £20,000",No,Yes,4-5,Past week,Restaurant direct,6,6,6,5,5,5,5,5,5,5,5,3,6,41.36,No,,,,No,More consistent delivery times at weekends.,38.0,52.8,105.4,95.6,82.7,69.1
R00161,P100161,Complete,100,2026-07-09T03:39:00+01:00,2026-07-09T03:48:39+01:00,579,Mobile,Chrome,Panel B,41b1d17a4fcf,e9ae02a01529,18,18-24,Woman,North West,Suburban,Employed full-time,"Under £20,000",Yes,Yes,4-5,Past week,FoodGo,6,5,7,6,6,6,5,7,5,5,4,3,3,22.31,No,,,,No,Reduce minimum order values.,40.1,94.0,130.8,124.3,66.3,69.5
R00162,P100162,Complete,100,2026-07-10T14:01:44+01:00,2026-07-10T14:10:32+01:00,528,Mobile,Safari,Panel B,ae50e3eb1ea5,73ad287edb30,49,45-54,Non-binary,North West,Suburban,Retired,"Under £20,000",No,Yes,0,31-90 days ago,FoodGo,5,7,7,5,5,6,5,4,6,4,5,3,6,40.27,No,,,,No,Better tracking when the driver is close.,33.3,88.1,72.6,137.0,54.1,63.3
R00163,P100163,Complete,100,2026-07-07T07:49:54+01:00,2026-07-07T07:59:39+01:00,585,Mobile,Safari,Panel B,1c0318310dfd,a097ff58be01,26,25-34,Man,London,Urban,Not currently employed,"£20,000-£34,999",No,Yes,0,31-90 days ago,FoodGo,5,5,5,5,4,5,5,6,6,4,5,3,4,16.9,No,,,,No,Let customers edit an order for a short time after placing it.,63.1,74.8,118.8,91.8,95.9,98.6
R00164,P100164,Complete,100,2026-07-06T12:20:21+01:00,2026-07-06T12:29:41+01:00,560,Mobile,Safari,Panel B,9ac008b69858,e66878316b2e,44,35-44,Woman,North West,Urban,Employed full-time,"Under £20,000",No,Yes,2-3,Past week,Other,5,5,5,5,6,5,5,4,6,5,3,3,7,30.87,No,,,,Yes,More restaurant choice in my area.,30.2,50.6,98.2,150.5,65.9,69.1
R00165,P100165,Complete,100,2026-07-11T14:19:23+01:00,2026-07-11T14:27:36+01:00,493,Mobile,Other,Panel A,2312fa671dff,3dd16d7fcbe9,64,55-64,Woman,South East,Urban,Employed part-time,"£20,000-£34,999",Yes,Yes,2-3,Past week,FoodGo,4,4,8,3,4,4,2,4,5,5,5,3,4,38.06,No,,,,No,More accurate delivery time estimates.,56.2,36.1,63.7,125.1,73.2,86.7
R00166,P100166,Complete,100,2026-07-13T12:01:39+01:00,2026-07-13T12:11:04+01:00,565,Mobile,Firefox,Panel B,828c587a340b,8354d763ea21,64,55-64,Woman,North East,Suburban,Employed full-time,"£20,000-£34,999",No,Yes,2-3,Past week,FoodGo,4,4,5,3,3,3,1,4,3,5,4,3,2,22.86,Yes,Food arrived cold,No,,No,Show unavailable items before I start ordering.,46.4,80.1,78.8,169.5,75.2,82.4
R00167,P100167,Complete,100,2026-07-19T13:28:49+01:00,2026-07-19T13:38:48+01:00,599,Mobile,Chrome,Panel C,f8cc44ab6b48,d72027cd1aee,28,25-34,Man,South East,Rural,Employed full-time,"£100,000+",No,Yes,2-3,Past week,FoodGo,4,4,5,5,3,3,4,4,2,5,2,3,3,13.5,No,,,,No,Faster refunds when something goes wrong.,46.3,30.2,83.4,87.5,139.3,125.4
R00168,P100168,Complete,100,2026-07-11T00:23:07+01:00,2026-07-11T00:30:33+01:00,446,Mobile,Chrome,Panel A,52d16005beb5,fe504853951b,19,18-24,Woman,London,Urban,Employed full-time,"£20,000-£34,999",No,Yes,10+,Past week,MealDash,5,5,6,4,5,6,4,7,6,4,5,3,5,25.32,No,,,,No,"Lower delivery fees, especially on smaller orders.",39.7,38.7,89.6,141.3,33.6,78.4
R00169,P100169,Complete,100,2026-07-20T08:05:31+01:00,2026-07-20T08:15:11+01:00,580,Mobile,Firefox,Panel C,9ae9a1c01307,ed0dfbd11a11,48,45-54,Non-binary,London,Suburban,Employed full-time,"£100,000+",No,Yes,1,8-30 days ago,MealDash,7,7,9,7,5,5,6,7,7,7,6,3,6,29.33,No,,,,No,Nothing major; the service generally works well for me.,41.2,139.8,59.0,74.2,68.3,105.8
R00170,P100170,Complete,100,2026-07-10T20:47:20+01:00,2026-07-10T20:55:00+01:00,460,Desktop,Chrome,Panel B,ff02dba11831,2d23bba38e33,45,45-54,Man,East Midlands,Urban,Employed part-time,"£20,000-£34,999",No,Yes,10+,Past week,Restaurant direct,4,3,4,4,5,3,3,3,6,3,4,3,4,20.74,Yes,Late delivery,Yes,3,No,Lower prices overall.,18,89.4,62.3,108.7,81.9,22.5
R00171,P100171,Complete,100,2026-07-16T15:26:41+01:00,2026-07-16T15:33:38+01:00,417,Mobile,Chrome,Panel A,f28fbd63badd,abf48941b6c2,58,55-64,Woman,Northern Ireland,Rural,Employed full-time,"£50,000-£74,999",No,Yes,1,8-30 days ago,Restaurant direct,4,5,6,4,5,4,3,3,5,4,3,5,4,27.86,Yes,Late delivery,Yes,3,No,Better loyalty rewards.,30.9,65.0,98.8,73.9,54.1,29.8
R00172,P100172,Complete,100,2026-07-18T01:15:22+01:00,2026-07-18T01:27:26+01:00,724,Mobile,Edge,Panel C,790a8da5962b,1638b1caddfa,28,25-34,Woman,London,Rural,Employed full-time,"£50,000-£74,999",No,Yes,6-9,Past week,QuickBite,4,5,2,3,5,3,3,5,3,5,3,3,4,18.01,No,,,,No,Lower prices overall.,59.8,72.0,128.9,131.3,127.7,114.1
R00173,P100173,Complete,100,2026-07-09T01:59:29+01:00,2026-07-09T02:09:04+01:00,575,Mobile,Chrome,Panel B,77c60477f727,adae9f65db29,68,65-74,Non-binary,North West,Rural,Self-employed,"Under £20,000",Yes,Yes,0,31-90 days ago,QuickBite,6,5,9,7,5,6,6,7,6,5,6,3,5,64.55,No,,,,No,Lower prices overall.,45.3,72.3,85.9,102.5,90.7,93.8
R00174,P100174,Complete,100,2026-07-14T20:35:44+01:00,2026-07-14T20:44:16+01:00,512,Desktop,Chrome,Panel A,55bdd4eb9f52,820e56cb4ebd,21,18-24,Man,East of England,Urban,Employed full-time,"£50,000-£74,999",No,Yes,0,31-90 days ago,MealDash,5,5,7,7,6,4,5,6,5,5,4,3,6,17.38,No,,,,No,More consistent delivery times at weekends.,21.8,49.7,103.1,124.6,69.9,90.4
R00175,P100175,Complete,100,2026-07-11T01:40:47+01:00,2026-07-11T01:53:05+01:00,738,Mobile,Edge,Panel A,f347f15be299,3b3730b999e4,42,35-44,Man,London,Suburban,Employed full-time,Prefer not to say,Yes,Yes,1,Past week,FoodGo,5,4,6,4,3,3,7,4,5,3,5,3,5,24.6,Yes,Driver or handoff issue,No,,No,Show unavailable items before I start ordering.,41.0,89.3,146.9,238.3,91.1,54.8
R00176,P100176,Complete,100,2026-07-17T14:19:44+01:00,2026-07-17T14:28:26+01:00,522,Mobile,Safari,Panel A,c070846490d1,de94a4f3aee8,26,25-34,Man,East Midlands,Suburban,Self-employed,"£35,000-£49,999",Yes,Yes,6-9,Past week,QuickBite,4,4,4,4,5,3,3,2,6,4,3,3,4,26.49,Yes,Late delivery,Yes,4,Yes,Let customers edit an order for a short time after placing it.,42.6,44.8,140.7,96.9,51.5,104.5
R00177,P100177,Complete,100,2026-07-13T10:22:11+01:00,2026-07-13T10:33:21+01:00,670,Mobile,Chrome,Panel A,f7738516c806,542e58c0c0f0,30,25-34,Woman,South East,Rural,Employed full-time,"£20,000-£34,999",Yes,Yes,4-5,Past week,Restaurant direct,6,5,7,6,6,5,7,6,6,6,4,3,4,11.49,No,,,,No,Let customers edit an order for a short time after placing it.,55.6,53.9,124.4,156.0,104.4,95.5
R00178,P100178,Complete,100,2026-07-11T14:55:51+01:00,2026-07-11T15:06:03+01:00,612,Mobile,Edge,Panel A,69c1b56076ec,c0fa4a6b7052,67,65-74,Woman,East of England,Urban,Employed full-time,"Under £20,000",Yes,Yes,0,31-90 days ago,MealDash,5,6,5,5,5,5,5,4,6,6,4,3,5,16.62,No,,,,No,Nothing major; the service generally works well for me.,31.6,82.4,112.4,142.0,122.2,44.7
R00179,P100179,Complete,100,2026-07-09T17:20:18+01:00,2026-07-09T17:28:20+01:00,482,Desktop,Edge,Panel C,8c67761e8227,4a37816e3daa,44,35-44,Man,Yorkshire and the Humber,Urban,Employed full-time,"£100,000+",Yes,Yes,4-5,Past week,FoodGo,5,5,7,6,5,5,3,5,4,6,4,3,4,42.16,No,,,,No,Give drivers clearer instructions for flats and apartment buildings.,26.0,60.1,79.5,138.0,55.3,18
R00180,P100180,Complete,100,2026-07-08T02:21:22+01:00,2026-07-08T02:22:49+01:00,87,Mobile,Safari,Panel A,3674cca2f31d,a6654fc74450,31,25-34,Woman,North West,Urban,Not currently employed,"£50,000-£74,999",No,Yes,0,Past week,MealDash,5,4,7,5,5,3,6,4,4,5,4,3,3,21.09,Yes,Missing or incorrect items,Yes,5,No,Nothing major; the service generally works well for me.,3.2,3,52.2,3.0,10.7,7.8
R00181,P100181,Complete,100,2026-07-08T18:53:36+01:00,2026-07-08T19:05:02+01:00,686,Mobile,Chrome,Panel B,363ed89ba6d3,d35a313c7739,65,65-74,Woman,Northern Ireland,Urban,Not currently employed,"Under £20,000",Yes,Yes,2-3,Past week,QuickBite,7,7,10,7,7,7,7,7,7,7,7,3,7,36.88,No,,,,No,Make service charges easier to understand before checkout.,72.1,95.3,99.2,113.4,118.8,98.7
R00182,P100182,Complete,100,2026-07-13T22:00:12+01:00,2026-07-13T22:09:08+01:00,536,Desktop,Chrome,Panel B,f8d07a91ce83,88b4358e7560,41,35-44,Man,Scotland,Suburban,Not currently employed,"£50,000-£74,999",Yes,Yes,4-5,Past week,QuickBite,5,5,8,5,6,5,4,5,6,4,3,3,6,20.26,No,,,,No,Improve the accuracy of map tracking.,51.1,82.1,79.5,156.0,66.0,18
R00183,P100183,Complete,100,2026-07-10T16:19:34+01:00,2026-07-10T16:29:42+01:00,608,Mobile,Chrome,Panel A,3f1aee28a841,63247e146c5d,25,25-34,Woman,London,Urban,Employed full-time,"£50,000-£74,999",Yes,Yes,4-5,Past week,QuickBite,5,6,5,4,6,4,6,5,5,6,6,3,3,37.25,No,,,,Yes,Fewer missing items and clearer substitutions.,33.5,124.6,104.6,115.0,46.7,85.3
R00184,P100184,Complete,100,2026-07-15T23:18:11+01:00,2026-07-15T23:27:36+01:00,565,Desktop,Chrome,Panel A,2853611f1334,b8b50e5ac740,48,45-54,Man,East of England,Urban,Employed full-time,"£50,000-£74,999",No,Yes,0,Past week,QuickBite,3,4,5,3,4,2,4,2,4,3,4,7,3,19.8,No,,,,Yes,Fewer missing items and clearer substitutions.,18,98.9,119.7,89.7,85.6,49.6
R00185,P100185,Complete,100,2026-07-10T02:04:42+01:00,2026-07-10T02:13:42+01:00,540,Mobile,Chrome,Panel B,eeff9a19fcfb,186a8063397e,31,25-34,Man,North West,Suburban,Employed part-time,"£100,000+",No,Yes,4-5,Past week,MealDash,6,7,8,6,7,6,5,7,6,5,6,3,6,25.2,No,,,,Yes,"Better offers for existing customers, not just new users.",50.6,98.5,82.9,92.8,101.7,53.9
R00186,P100186,Complete,100,2026-07-07T21:32:16+01:00,2026-07-07T21:40:11+01:00,475,Desktop,Firefox,Panel B,4ea623f5686e,8ecb58d33067,54,45-54,Non-binary,London,Urban,Retired,"£35,000-£49,999",No,Yes,0,8-30 days ago,QuickBite,5,7,6,4,6,5,5,5,4,4,5,3,5,19.82,No,,,,No,Better loyalty rewards.,53.5,85.2,91.7,82.1,85.6,30.2
R00187,P100187,Complete,100,2026-07-20T11:58:12+01:00,2026-07-20T11:59:58+01:00,106,Mobile,Safari,Panel A,62b293c4e5a5,be894434dc3a,31,25-34,Man,South East,Suburban,Student,"£100,000+",No,Yes,4-5,Past week,Restaurant direct,5,5,5,5,4,5,4,5,5,4,4,3,5,24.73,Yes,Late delivery,Yes,4,No,"Lower delivery fees, especially on smaller orders.",50.1,6.5,3,3,23.9,11.2
R00188,P100188,Complete,100,2026-07-13T15:14:42+01:00,2026-07-13T15:23:17+01:00,515,Mobile,Safari,Panel A,34b1ab85d063,7e36b8f900e7,45,45-54,Man,South West,Suburban,Employed full-time,"£20,000-£34,999",Yes,Yes,2-3,Past week,MealDash,5,5,6,7,4,5,5,4,6,4,4,3,4,30.59,Yes,Late delivery,Yes,5,Yes,Improve food temperature on longer deliveries.,19.4,73.3,109.9,117.2,93.1,69.3
R00189,P100189,Complete,100,2026-07-11T18:18:02+01:00,2026-07-11T18:25:26+01:00,444,Desktop,Chrome,Panel A,c28a22b481c7,f0e767920c09,64,55-64,Woman,North West,Urban,Employed full-time,"£20,000-£34,999",Yes,Yes,4-5,Today,Restaurant direct,5,5,6,5,6,6,2,7,7,5,4,3,4,40.12,Yes,Food arrived cold,Yes,4,Yes,More environmentally friendly packaging options.,40.2,28,63.4,157.2,57.8,39.8
R00190,P100190,Complete,100,2026-07-16T06:21:24+01:00,2026-07-16T06:30:19+01:00,535,Mobile,Chrome,Panel B,790faa7ddaaa,6f191c2cbf4a,72,65-74,Woman,Yorkshire and the Humber,Suburban,Employed full-time,"£35,000-£49,999",No,Yes,4-5,Past week,QuickBite,5,5,7,5,6,5,4,3,3,4,4,3,5,22.45,No,,,,No,More responsive customer support.,21.1,57.1,78.7,103.6,95.0,86.8
R00191,P100191,Complete,100,2026-07-18T16:59:18+01:00,2026-07-18T17:09:07+01:00,589,Mobile,Edge,Panel A,7ae8a73a4700,cb130943676d,64,55-64,Man,North West,Urban,Employed full-time,"£50,000-£74,999",No,Yes,4-5,Past week,FoodGo,5,5,6,5,4,5,3,6,6,5,5,3,5,29.77,No,,,,No,Make service charges easier to understand before checkout.,47.4,101.6,102.2,162.0,69.1,55.2
R00192,P100192,Complete,100,2026-07-12T07:20:48+01:00,2026-07-12T07:30:47+01:00,599,Desktop,Safari,Panel A,e116243342a4,05ad6fdc6b51,23,18-24,Man,Yorkshire and the Humber,Urban,Employed part-time,"£20,000-£34,999",Yes,Yes,6-9,Past week,QuickBite,7,7,10,7,7,6,6,7,6,7,7,3,4,34.09,No,,,,Yes,Show unavailable items before I start ordering.,45.2,72.0,162.9,146.2,62.2,67.7
R00193,P100193,Complete,100,2026-07-18T18:51:38+01:00,2026-07-18T19:01:08+01:00,570,Mobile,Chrome,Panel B,99858c8fc0c2,0237c18f7b39,31,25-34,Man,London,Urban,Employed full-time,"£35,000-£49,999",No,Yes,4-5,Past week,MealDash,5,5,7,6,5,5,4,5,6,6,5,3,4,30.47,No,,,,Yes,More consistent delivery times at weekends.,42.8,115.5,126.2,84.8,89.5,32.4
R00194,P100194,Complete,100,2026-07-12T04:20:54+01:00,2026-07-12T04:31:00+01:00,606,Mobile,Safari,Panel A,fe22d2ef7641,8048f7d2bcd1,30,25-34,Woman,South West,Suburban,Employed full-time,"£20,000-£34,999",Yes,Yes,0,31-90 days ago,MealDash,5,6,6,4,6,5,5,5,6,4,6,3,5,36.55,No,,,,Yes,Improve the accuracy of map tracking.,42.4,96.9,101.6,132.2,84.2,97.0
R00195,P100195,Complete,100,2026-07-15T03:18:30+01:00,2026-07-15T03:28:35+01:00,605,Desktop,Firefox,Panel A,97ef323dd231,cc04fe940b09,33,25-34,Man,South East,Urban,Retired,"Under £20,000",Yes,Yes,4-5,Past week,Restaurant direct,6,6,8,7,7,5,4,7,6,4,7,3,3,27.42,No,,,,No,"Better offers for existing customers, not just new users.",58.2,55.7,115.6,127.0,72.3,88.2
R00196,P100196,Complete,100,2026-07-09T04:23:20+01:00,2026-07-09T04:32:42+01:00,562,Mobile,Chrome,Panel A,af97689558ad,aa5ddb7def03,47,45-54,Man,Scotland,Suburban,Employed full-time,Prefer not to say,Yes,Yes,1,Past week,MealDash,5,6,3,6,4,3,4,4,6,4,4,3,5,20.96,No,,,,No,Give drivers clearer instructions for flats and apartment buildings.,43.2,100.6,124.2,140.5,33.8,63.4
R00197,P100197,Complete,100,2026-07-10T07:57:15+01:00,2026-07-10T08:06:26+01:00,551,Desktop,Chrome,Panel B,f9b36b14544a,91dcdf493f15,53,45-54,Man,South East,Urban,Employed full-time,"£35,000-£49,999",Yes,Yes,1,Past week,Restaurant direct,5,5,6,3,3,3,3,3,3,3,3,3,4,21.31,No,,,,No,More responsive customer support.,39.0,87.0,149.2,124.9,61.4,24.7
R00198,P100198,Complete,100,2026-07-19T09:48:08+01:00,2026-07-19T09:57:21+01:00,553,Mobile,Chrome,Panel A,57e7cffe3adc,40a8c892d089,30,25-34,Man,South East,Urban,Employed full-time,"£20,000-£34,999",No,Yes,2-3,Past week,QuickBite,4,4,6,4,4,4,3,5,4,5,3,3,5,29.17,No,,,,No,Make service charges easier to understand before checkout.,19.6,63.8,103.8,139.3,63.1,64.5
R00199,P100199,Complete,100,2026-07-16T20:48:14+01:00,2026-07-16T20:58:32+01:00,618,Mobile,Firefox,Panel B,7c05788c5291,31d943ad69be,62,55-64,Woman,Scotland,Urban,Employed part-time,"Under £20,000",Yes,Yes,2-3,Past week,MealDash,5,5,6,7,5,4,4,5,4,4,5,3,5,39.67,No,,,,Yes,"Lower delivery fees, especially on smaller orders.",35.8,45.9,111.0,133.4,108.2,107.2
R00200,P100200,Complete,100,2026-07-11T12:33:18+01:00,2026-07-11T12:43:10+01:00,592,Desktop,Chrome,Panel B,16a4fe5ed3d7,cdbc51c01f41,29,25-34,Woman,Scotland,Urban,Student,"Under £20,000",No,Yes,2-3,Past week,FoodGo,5,5,6,6,5,6,4,6,5,4,4,3,5,19.69,Yes,Missing or incorrect items,Yes,4,Yes,Let customers edit an order for a short time after placing it.,32.1,68.2,104.8,95.4,85.5,107.0
R00201,P100201,Complete,100,2026-07-08T20:15:16+01:00,2026-07-08T20:25:34+01:00,618,Mobile,Edge,Panel A,84f925a016b8,f9f3532985be,53,45-54,Man,London,Rural,Self-employed,"Under £20,000",Yes,Yes,0,31-90 days ago,FoodGo,4,5,5,5,4,5,3,5,4,4,4,3,4,25.56,Yes,Food arrived cold,No,,Yes,Improve food temperature on longer deliveries.,35.6,85.3,82.7,143.1,96.4,94.0
R00202,P100202,Complete,100,2026-07-20T21:24:49+01:00,2026-07-20T21:35:04+01:00,615,Mobile,Edge,Panel A,c30a2be33014,c4916abcaf9b,58,55-64,Man,Yorkshire and the Humber,Urban,Employed full-time,"£20,000-£34,999",No,Yes,2-3,Past week,FoodGo,3,3,4,3,3,2,4,4,3,2,1,3,3,28.64,Yes,Late delivery,Yes,4,Yes,Reduce minimum order values.,40.8,104.5,103.9,165.6,51.8,76.8
R00203,P100203,Complete,100,2026-07-15T20:34:36+01:00,2026-07-15T20:36:20+01:00,104,Mobile,Chrome,Panel A,36f3a7dcdafd,82ba66f81b86,57,55-64,Man,South East,Suburban,Student,"£75,000-£99,999",No,Yes,2-3,8-30 days ago,QuickBite,5,5,6,4,7,5,4,5,5,4,5,3,6,32.95,No,,,,No,Improve the accuracy of map tracking.,15.8,3,3.3,12.4,28.1,31.6
R00204,P100204,Complete,100,2026-07-09T09:58:32+01:00,2026-07-09T10:06:51+01:00,499,Mobile,Safari,Panel B,616f3a2d31e0,02de921d52f0,40,35-44,Woman,South West,Urban,Not currently employed,"£50,000-£74,999",No,Yes,1,8-30 days ago,QuickBite,4,4,8,5,4,3,2,4,4,4,3,3,3,43.1,No,,,,No,More consistent delivery times at weekends.,48.0,82.4,88.6,116.1,41.1,66.1
R00205,P100205,Complete,100,2026-07-18T02:09:54+01:00,2026-07-18T02:18:11+01:00,497,Mobile,Chrome,Panel B,215cce2f56f7,669d7d7c2d16,68,65-74,Man,East Midlands,Rural,Employed part-time,"£50,000-£74,999",Yes,Yes,0,Past week,FoodGo,4,5,5,4,4,5,3,4,5,3,2,3,3,33.73,No,,,,Yes,"Lower delivery fees, especially on smaller orders.",49.8,68.6,98.1,60.9,98.4,63.2
R00206,P100206,Complete,100,2026-07-09T18:40:13+01:00,2026-07-09T18:49:53+01:00,580,Mobile,Safari,Panel B,22e135174156,74f5e7b818e6,40,35-44,Prefer not to say,South East,Suburban,Employed full-time,"£35,000-£49,999",No,Yes,6-9,Today,FoodGo,5,5,7,4,5,3,4,7,6,5,4,3,4,18.95,No,,,,No,Improve food temperature on longer deliveries.,44.1,104.1,84.9,99.1,49.8,119.4
R00207,P100207,Complete,100,2026-07-19T21:51:41+01:00,2026-07-19T21:59:46+01:00,485,Desktop,Chrome,Panel A,0f5b87199be3,e8367ce376e6,61,55-64,Woman,Scotland,Urban,Retired,"Under £20,000",No,Yes,6-9,Past week,FoodGo,4,4,8,4,3,2,4,4,4,5,3,3,3,18.22,No,,,,No,More responsive customer support.,39.9,100.3,35,140.8,54.8,59.1
R00208,P100208,Complete,100,2026-07-16T03:05:04+01:00,2026-07-16T03:13:07+01:00,483,Mobile,Other,Panel A,ac96c709ebea,900be2cf1909,27,25-34,Woman,North West,Rural,Employed full-time,"Under £20,000",Yes,Yes,2-3,8-30 days ago,FoodGo,4,5,6,4,5,4,3,4,5,6,3,3,5,32.43,Yes,Missing or incorrect items,Yes,2,No,Reduce minimum order values.,19.4,78.8,104.0,133.4,81.0,23.4
R00209,P100209,Complete,100,2026-07-16T16:39:44+01:00,2026-07-16T16:48:17+01:00,513,Desktop,Safari,Panel B,31351b087205,a20a88a8f577,22,18-24,Woman,South West,Urban,Employed full-time,"Under £20,000",No,Yes,4-5,Past week,Restaurant direct,3,2,5,3,4,3,1,3,2,3,3,3,2,53.82,No,,,,No,More responsive customer support.,34.2,40.5,109.2,130.3,64.5,75.4
R00210,P100210,Complete,100,2026-07-10T02:58:50+01:00,2026-07-10T03:07:39+01:00,529,Mobile,Safari,Panel A,3406721ded9f,03ce6d70ce1a,41,35-44,Man,London,Urban,Employed full-time,"£35,000-£49,999",No,Yes,1,8-30 days ago,QuickBite,4,6,8,4,6,5,4,4,4,5,5,3,3,20.03,No,,,,Yes,Let customers edit an order for a short time after placing it.,43.6,78.8,77.2,89.1,99.0,113.0
R00211,P100211,Complete,100,2026-07-15T04:41:28+01:00,2026-07-15T04:50:49+01:00,561,Mobile,Firefox,Panel A,24760e7317ed,9371a1ce5580,20,18-24,Woman,Yorkshire and the Humber,Suburban,Employed full-time,"Under £20,000",No,Yes,4-5,Today,MealDash,5,7,7,7,4,5,6,5,6,5,4,3,5,33.44,No,,,,No,Improve the accuracy of map tracking.,40.9,57.0,141.9,70.5,84.9,91.3
R00212,P100212,Complete,100,2026-07-12T15:35:06+01:00,2026-07-12T15:43:10+01:00,484,Desktop,Chrome,Panel B,40085f66f31f,4d1cb88f5fc0,34,25-34,Woman,South East,Suburban,Employed full-time,"£35,000-£49,999",No,Yes,6-9,Past week,QuickBite,5,5,4,5,4,5,5,3,6,5,4,3,4,10.67,No,,,,No,Reduce minimum order values.,39.3,42.4,157.6,97.4,76.6,39.1
R00213,P100213,Complete,100,2026-07-13T09:38:20+01:00,2026-07-13T09:44:53+01:00,393,Mobile,Safari,Panel B,8d981d498001,82b2e3575612,70,65-74,Man,Yorkshire and the Humber,Urban,Not currently employed,"£35,000-£49,999",No,Yes,6-9,Past week,FoodGo,5,5,5,4,6,6,3,6,5,5,4,7,5,21.51,No,,,,Yes,Better tracking when the driver is close.,23.6,30.2,61.3,37.8,83.4,72.6
R00214,P100214,Complete,100,2026-07-11T19:50:31+01:00,2026-07-11T20:01:28+01:00,657,Mobile,Chrome,Panel B,83661becadd5,f5ee292ecde2,39,35-44,Man,North West,Suburban,Retired,"£50,000-£74,999",Yes,Yes,2-3,8-30 days ago,QuickBite,7,6,10,6,6,5,6,7,6,6,6,3,7,26.42,No,,,,No,"Lower delivery fees, especially on smaller orders.",29.5,94.3,102.3,163.9,93.6,102.8
R00215,P100215,Complete,100,2026-07-20T10:58:26+01:00,2026-07-20T11:07:56+01:00,570,Mobile,Safari,Panel C,0e329e374790,6c4545fc25d2,51,45-54,Man,East of England,Urban,Retired,"Under £20,000",Yes,Yes,4-5,Past week,QuickBite,4,5,6,4,4,5,3,5,5,6,3,3,3,33.72,No,,,,Yes,Give drivers clearer instructions for flats and apartment buildings.,54.5,120.1,59.9,87.6,68.8,101.6
R00216,P100216,Complete,100,2026-07-20T18:13:48+01:00,2026-07-20T18:20:55+01:00,427,Mobile,Chrome,Panel A,9e448bd0e2f0,feca3fbe720e,39,35-44,Man,South East,Urban,Employed part-time,"Under £20,000",Yes,Yes,4-5,Past week,QuickBite,7,7,10,7,7,7,7,6,7,7,7,3,5,15.43,No,,,,Yes,Make service charges easier to understand before checkout.,42.2,89.5,77.0,94.6,52.7,28.5
R00217,P100217,Complete,100,2026-07-14T09:25:13+01:00,2026-07-14T09:32:52+01:00,459,Mobile,Chrome,Panel B,be9f0d5b1f42,b9cfe5047b70,44,35-44,Woman,Scotland,Rural,Student,"£50,000-£74,999",No,Yes,1,Past week,MealDash,5,5,6,6,6,5,4,5,5,4,4,3,4,41.84,No,,,,No,Give drivers clearer instructions for flats and apartment buildings.,25.7,89.2,82.2,112.3,64.8,54.6
R00218,P100218,Complete,100,2026-07-07T21:41:12+01:00,2026-07-07T21:49:35+01:00,503,Mobile,Chrome,Panel B,70a36536cd5a,275c6338301e,38,35-44,Woman,East of England,Urban,Student,Prefer not to say,No,Yes,2-3,8-30 days ago,MealDash,3,3,3,3,3,3,2,2,3,3,3,3,3,28.83,Yes,Late delivery,Yes,6,No,Improve the accuracy of map tracking.,42.8,67.7,113.1,119.9,57.9,26.2
R00219,P100219,Complete,100,2026-07-15T17:06:53+01:00,2026-07-15T17:16:46+01:00,593,Desktop,Chrome,Panel A,f40e08fe4b9b,57f7cc28b643,55,55-64,Woman,East Midlands,Urban,Not currently employed,"£20,000-£34,999",No,Yes,6-9,Past week,QuickBite,6,7,10,7,7,6,6,6,5,6,7,3,4,32.2,No,,,,No,Nothing major; the service generally works well for me.,51.2,86.2,99.0,93.0,121.5,90.7
R00220,P100220,Complete,100,2026-07-11T06:48:43+01:00,2026-07-11T06:55:37+01:00,414,Desktop,Safari,Panel C,7a98b6b593d0,ffd28c2943fb,33,25-34,Woman,East of England,Rural,Self-employed,"Under £20,000",Yes,Yes,2-3,8-30 days ago,QuickBite,4,2,6,3,2,4,4,3,5,4,4,3,5,50.59,No,,,,No,Let customers edit an order for a short time after placing it.,40.4,38.4,87.0,105.3,77.6,31.2
R00221,P100221,Complete,100,2026-07-19T02:39:09+01:00,2026-07-19T02:40:45+01:00,96,Mobile,Chrome,Panel C,675d065ae329,90d7d2b66e66,62,55-64,Man,West Midlands,Urban,Employed full-time,"£35,000-£49,999",No,Yes,2-3,Past week,FoodGo,5,5,7,5,6,6,5,5,3,4,4,3,3,33.6,No,,,,No,Show unavailable items before I start ordering.,9.1,20.3,16.6,26.9,3,10.9
R00222,P100222,Complete,100,2026-07-17T13:05:52+01:00,2026-07-17T13:13:40+01:00,468,Desktop,Firefox,Panel A,76e805b42cfc,1fc410045447,20,18-24,Man,East Midlands,Urban,Employed full-time,"£35,000-£49,999",No,Yes,4-5,Past week,QuickBite,3,4,3,2,3,2,3,3,3,3,4,1,3,36.5,Yes,Missing or incorrect items,Yes,4,No,Improve the accuracy of map tracking.,38.1,48.2,108.3,86.3,79.5,50.3
R00223,P100223,Complete,100,2026-07-12T03:13:11+01:00,2026-07-12T03:19:20+01:00,369,Mobile,Chrome,Panel B,09b131ecc9ae,79623abdbcea,64,55-64,Woman,Northern Ireland,Suburban,Retired,"£75,000-£99,999",No,Yes,1,8-30 days ago,FoodGo,4,6,6,4,6,4,3,5,4,4,3,6,3,14.4,Yes,Late delivery,Yes,6,No,More environmentally friendly packaging options.,23.2,41.6,49.4,110.0,53.6,27.1
R00224,P100224,Complete,100,2026-07-12T10:55:45+01:00,2026-07-12T11:04:00+01:00,495,Mobile,Chrome,Panel A,db0b221a4e90,a5a2ccc41199,72,65-74,Man,Wales,Suburban,Employed part-time,"£100,000+",Yes,Yes,1,Past week,Restaurant direct,4,5,5,4,4,4,5,4,5,5,6,3,3,23.69,No,,,,No,Better loyalty rewards.,53.6,42.4,77.1,112.8,102.4,70.3
R00225,P100225,Complete,100,2026-07-16T14:58:56+01:00,2026-07-16T15:07:47+01:00,531,Mobile,Chrome,Panel A,72fcce5025d9,9c467bdd6fde,31,25-34,Woman,North East,Rural,Employed full-time,"£100,000+",No,Yes,4-5,Past week,FoodGo,3,3,4,4,3,3,1,3,3,3,4,3,2,24.76,Yes,Food arrived cold,Yes,3,No,Improve food temperature on longer deliveries.,60.2,95.8,104.4,86.5,48.5,71.4
R00226,P100226,Complete,100,2026-07-18T13:04:01+01:00,2026-07-18T13:13:23+01:00,562,Desktop,Safari,Panel C,63b77cc7d356,f46c0ba00f40,54,45-54,Man,Scotland,Urban,Not currently employed,"£75,000-£99,999",No,Yes,4-5,Past week,QuickBite,6,7,8,4,7,7,6,7,7,7,6,3,7,20.55,No,,,,No,Faster refunds when something goes wrong.,29.8,54.9,97.8,119.1,117.2,82.7
R00227,P100227,Complete,100,2026-07-11T07:00:05+01:00,2026-07-11T07:08:29+01:00,504,Mobile,Safari,Panel A,0a55e645cef3,b24d3ebea23b,38,35-44,Woman,London,Urban,Self-employed,"£35,000-£49,999",Yes,Yes,2-3,Past week,Restaurant direct,3,3,4,2,4,2,2,4,4,3,3,3,3,27.81,Yes,Order cancelled,No,,No,Nothing major; the service generally works well for me.,42.1,48.2,166.5,109.9,46.1,41.5
R00228,P100228,Complete,100,2026-07-11T13:47:02+01:00,2026-07-11T13:56:17+01:00,555,Mobile,Edge,Panel B,978ae08c771f,13416b0c545b,43,35-44,Non-binary,West Midlands,Urban,Retired,"£100,000+",No,Yes,6-9,Past week,QuickBite,7,7,7,7,7,6,7,7,5,7,6,3,5,11.26,No,,,,No,More accurate delivery time estimates.,39.7,88.3,92.4,92.8,102.0,76.4
R00229,P100229,Complete,100,2026-07-10T17:11:08+01:00,2026-07-10T17:19:52+01:00,524,Mobile,Firefox,Panel B,158730ea6ff6,565e3a73e28c,22,18-24,Woman,Scotland,Urban,Employed full-time,"£50,000-£74,999",Yes,Yes,10+,Past week,FoodGo,5,5,7,4,7,6,5,5,5,3,4,5,3,33.21,No,,,,No,Improve the accuracy of map tracking.,40.7,73.2,85.6,111.2,60.9,57.7
R00230,P100230,Complete,100,2026-07-08T06:33:51+01:00,2026-07-08T06:41:55+01:00,484,Desktop,Chrome,Panel B,5a212042fd50,cacf0de1aa04,40,35-44,Man,North West,Urban,Self-employed,"£50,000-£74,999",No,Yes,0,Past week,QuickBite,4,4,5,4,5,4,5,3,4,2,3,3,2,31.51,Yes,Other,No,,Yes,"Better offers for existing customers, not just new users.",34.4,71.6,99.0,116.7,52.6,52.5
R00231,P100231,Complete,100,2026-07-07T06:39:15+01:00,2026-07-07T06:47:47+01:00,512,Mobile,Edge,Panel B,012ab103fff7,c1b54ce7ad16,47,45-54,Man,Yorkshire and the Humber,Suburban,Employed part-time,"£50,000-£74,999",Yes,Yes,0,31-90 days ago,MealDash,6,6,8,5,6,5,4,5,5,5,6,3,5,31.94,No,,,,No,More accurate delivery time estimates.,40.0,58.5,97.1,102.3,99.3,44.0
R00232,P100232,Complete,100,2026-07-17T00:11:12+01:00,2026-07-17T00:19:40+01:00,508,Mobile,Chrome,Panel A,d5037e9bd89e,34c5e2f5b958,70,65-74,Man,East of England,Urban,Employed full-time,"£35,000-£49,999",No,Yes,4-5,Past week,FoodGo,4,5,5,5,5,4,3,4,4,4,4,3,4,31.82,No,,,,No,More environmentally friendly packaging options.,47.9,77.6,95.3,103.9,100.9,45.1
R00233,P100233,Complete,100,2026-07-17T22:26:07+01:00,2026-07-17T22:35:19+01:00,552,Tablet,Edge,Panel C,87c810c56daa,133fb727daca,21,18-24,Man,North West,Suburban,Employed full-time,"£35,000-£49,999",Yes,Yes,2-3,Past week,QuickBite,6,7,7,7,5,6,5,7,6,4,5,3,5,73.8,No,,,,No,Show unavailable items before I start ordering.,31.0,51.4,88.5,124.2,85.5,97.1
R00234,P100234,Complete,100,2026-07-18T15:50:20+01:00,2026-07-18T15:57:42+01:00,442,Mobile,Safari,Panel B,f90d56a95fa4,d17c2b2233c1,63,55-64,Man,Wales,Suburban,Employed full-time,"£50,000-£74,999",No,Yes,4-5,Past week,QuickBite,4,4,3,4,6,4,2,5,5,3,4,3,2,38.55,Yes,Food arrived cold,No,,No,Fewer missing items and clearer substitutions.,39.4,79.7,57.1,110.9,81.0,19.4
R00235,P100235,Complete,100,2026-07-06T19:31:22+01:00,2026-07-06T19:40:25+01:00,543,Mobile,Safari,Panel A,2166036eef67,4490d9498cc7,36,35-44,Man,South West,Urban,Employed full-time,"£50,000-£74,999",No,Yes,2-3,Past week,FoodGo,4,5,5,3,3,6,3,5,4,5,3,3,3,15.88,No,,,,No,More environmentally friendly packaging options.,61.2,66.7,68.8,141.5,79.6,62.0
R00236,P100236,Complete,100,2026-07-07T10:06:29+01:00,2026-07-07T10:16:25+01:00,596,Mobile,Firefox,Panel B,c29b6b289f4e,f817280ececb,46,45-54,Woman,Scotland,Urban,Employed full-time,"£100,000+",Yes,Yes,10+,Past week,FoodGo,5,4,7,5,5,2,4,5,4,5,4,3,3,22.65,No,,,,No,"Lower delivery fees, especially on smaller orders.",46.8,47.9,85.7,104.9,102.0,140.3
R00237,P100237,Complete,100,2026-07-10T01:46:56+01:00,2026-07-10T01:55:23+01:00,507,Tablet,Chrome,Panel C,eba6d5ba74ba,58a34eed578d,20,18-24,Woman,London,Urban,Retired,"£20,000-£34,999",No,Yes,4-5,Past week,Restaurant direct,6,6,7,5,7,6,6,6,6,7,6,3,4,25.13,No,,,,Yes,Faster refunds when something goes wrong.,34.5,104.3,97.2,76.2,93.5,40.2
R00238,P100238,Complete,100,2026-07-19T16:27:09+01:00,2026-07-19T16:36:07+01:00,538,Mobile,Firefox,Panel B,080f234105d2,72b7b5f5ceb6,37,35-44,Man,East Midlands,Urban,Self-employed,"Under £20,000",No,Yes,1,Past week,FoodGo,6,6,9,6,6,7,6,7,6,7,7,3,5,42.19,No,,,,Yes,Make service charges easier to understand before checkout.,31.4,85.4,101.0,115.1,33.8,107.8
R00239,P100239,Complete,100,2026-07-11T02:31:02+01:00,2026-07-11T02:41:06+01:00,604,Mobile,Chrome,Panel A,3b4284703489,e9dc7971afee,42,35-44,Man,London,Suburban,Retired,"£20,000-£34,999",Yes,Yes,1,8-30 days ago,MealDash,5,5,8,6,7,5,4,5,5,5,5,3,5,17.19,No,,,,Yes,More accurate delivery time estimates.,39.2,92.0,71.8,172.1,62.6,65.6
R00240,P100240,Complete,100,2026-07-06T19:12:23+01:00,2026-07-06T19:14:15+01:00,112,Mobile,Safari,Panel A,6dd616b43528,bc3c056e06fe,28,25-34,Woman,North West,Urban,Employed full-time,"£35,000-£49,999",Yes,Yes,2-3,8-30 days ago,QuickBite,4,4,6,6,3,3,1,4,3,4,4,3,3,43.46,No,,,,No,Let customers edit an order for a short time after placing it.,3,32.8,10.3,10.3,7.3,39.3
R00241,P100241,Complete,100,2026-07-20T20:56:55+01:00,2026-07-20T21:06:31+01:00,576,Desktop,Safari,Panel B,91c3ccf56304,a002cae2353a,30,25-34,Man,London,Urban,Retired,"£20,000-£34,999",Yes,Yes,4-5,Today,QuickBite,5,5,6,5,6,5,3,6,5,5,3,3,6,23.07,Yes,Food arrived cold,Yes,3,No,"Lower delivery fees, especially on smaller orders.",37.8,59.0,97.4,90.1,117.9,99.4
R00242,P100242,Complete,100,2026-07-18T02:35:13+01:00,2026-07-18T02:42:53+01:00,460,Desktop,Chrome,Panel A,f2557cedfa90,b1ebd3dc7d55,29,25-34,Woman,East Midlands,Suburban,Employed full-time,"£50,000-£74,999",No,Yes,2-3,Past week,Restaurant direct,6,7,9,6,7,7,4,6,6,6,7,3,7,27.9,No,,,,Yes,More restaurant choice in my area.,42.5,71.8,49.5,130.8,35.3,44.7
R00243,P100243,Complete,100,2026-07-08T08:01:47+01:00,2026-07-08T08:12:03+01:00,616,Mobile,Safari,Panel B,38b7fda34a3e,ccff0ee56457,32,25-34,Woman,South East,Urban,Student,"£20,000-£34,999",No,Yes,4-5,Today,QuickBite,5,5,7,5,6,5,5,5,4,4,4,3,5,21.61,No,,,,No,"Lower delivery fees, especially on smaller orders.",53.2,56.4,106.5,171.2,75.8,86.7
R00244,P100244,Complete,100,2026-07-06T21:28:08+01:00,2026-07-06T21:36:52+01:00,524,Mobile,Chrome,Panel B,9848bc6a7b80,9e8c933cd7bc,52,45-54,Prefer not to say,West Midlands,Suburban,Retired,"Under £20,000",No,Yes,2-3,8-30 days ago,MealDash,3,5,2,3,3,4,3,5,3,4,3,3,2,28.93,No,,,,No,Better tracking when the driver is close.,53.5,91.9,153.5,57.3,76.6,19.4
R00245,P100245,Complete,100,2026-07-10T23:25:45+01:00,2026-07-10T23:36:23+01:00,638,Tablet,Chrome,Panel A,77460ea0ef4b,5821b675608f,33,25-34,Woman,Yorkshire and the Humber,Suburban,Employed full-time,"£50,000-£74,999",Yes,Yes,2-3,Past week,QuickBite,5,6,8,5,6,4,4,5,7,6,5,3,5,25.82,No,,,,Yes,asdfgh,52.5,81.2,135.4,138.0,76.4,39.1
R00246,P100246,Complete,100,2026-07-20T09:02:40+01:00,2026-07-20T09:11:38+01:00,538,Mobile,Safari,Panel C,411aba6e1676,6862579f518e,70,65-74,Woman,East Midlands,Urban,Employed full-time,"£50,000-£74,999",No,Yes,6-9,Past week,MealDash,6,6,7,6,5,6,5,6,4,5,4,3,5,15.72,No,,,,No,More environmentally friendly packaging options.,58.2,51.4,97.7,155.3,81.1,38.8
R00247,P100247,Complete,100,2026-07-16T00:10:44+01:00,2026-07-16T00:19:27+01:00,523,Mobile,Safari,Panel B,9f49f356ce2a,a0afb493f8f9,54,45-54,Man,Yorkshire and the Humber,Suburban,Employed full-time,"£20,000-£34,999",No,Yes,1,8-30 days ago,MealDash,4,4,7,3,3,3,4,4,5,4,5,3,4,64.73,Yes,Food arrived cold,No,,Yes,Show unavailable items before I start ordering.,34.3,82.0,81.2,96.6,101.7,56.8
R00248,P100248,Complete,100,2026-07-08T08:56:14+01:00,2026-07-08T09:03:49+01:00,455,Tablet,Chrome,Panel A,1f0cf3e41a34,c16999554e7c,48,45-54,Man,London,Suburban,Employed full-time,"Under £20,000",No,Yes,2-3,Past week,MealDash,4,5,5,4,5,6,3,6,5,6,4,3,4,47.96,No,,,,Yes,Fewer missing items and clearer substitutions.,40.3,77.9,63.3,84.0,97.7,21.4
R00249,P100249,Complete,100,2026-07-09T18:34:53+01:00,2026-07-09T18:42:11+01:00,438,Tablet,Firefox,Panel A,d6c40acd639d,d8e43b08c05e,37,35-44,Woman,South East,Urban,Employed full-time,"£100,000+",No,Yes,4-5,Past week,MealDash,5,5,5,4,4,6,4,5,3,4,4,3,4,10.37,No,,,,No,"Better offers for existing customers, not just new users.",36.0,60.7,36.5,142.4,55.1,65.3
R00250,P100250,Complete,100,2026-07-06T18:40:36+01:00,2026-07-06T18:50:25+01:00,589,Mobile,Chrome,Panel B,94e6770fb870,7b713362c1b2,56,55-64,Man,Yorkshire and the Humber,Rural,Employed full-time,"£35,000-£49,999",No,Yes,6-9,Past week,QuickBite,6,6,9,5,4,5,6,5,7,5,6,3,5,42.95,No,,,,Yes,Improve the accuracy of map tracking.,38.5,80.2,123.2,162.5,90.7,38.3
R00251,P100251,Complete,100,2026-07-18T20:25:10+01:00,2026-07-18T20:34:51+01:00,581,Mobile,Chrome,Panel B,4b1114ad8905,3221ebe6bc77,30,25-34,Woman,East Midlands,Suburban,Employed full-time,"£75,000-£99,999",No,Yes,1,8-30 days ago,Other,5,4,8,4,4,5,5,4,6,4,5,3,4,27.77,Yes,Food arrived cold,Yes,6,Yes,Improve food temperature on longer deliveries.,54.0,94.1,78.9,162.5,75.8,61.7
R00252,P100252,Complete,100,2026-07-12T16:31:54+01:00,2026-07-12T16:41:14+01:00,560,Mobile,Chrome,Panel B,d06370658459,ebfebac4bd4b,21,18-24,Man,South East,Suburban,Employed full-time,"£50,000-£74,999",No,Yes,10+,Past week,Restaurant direct,5,5,5,5,4,5,5,6,3,4,4,3,4,20.98,Yes,Order cancelled,Yes,5,No,More environmentally friendly packaging options.,36.6,91.2,116.0,95.6,99.8,35.5
R00253,P100253,Complete,100,2026-07-12T08:20:18+01:00,2026-07-12T08:28:10+01:00,472,Mobile,Chrome,Panel A,a549b2f9dde7,652fae1a1739,43,35-44,Woman,East of England,Urban,Employed full-time,"£20,000-£34,999",Yes,Yes,4-5,Today,QuickBite,4,4,4,4,4,4,4,3,3,4,3,3,4,24.76,No,,,,No,x,54.1,56.5,37.8,118.8,71.0,69.1
R00254,P100254,Complete,100,2026-07-07T05:07:50+01:00,2026-07-07T05:18:39+01:00,649,Desktop,Chrome,Panel A,a09f1b1be1e0,049e79482d89,24,18-24,Man,Northern Ireland,Suburban,Student,"£20,000-£34,999",No,Yes,4-5,Past week,FoodGo,4,5,3,2,5,5,2,4,4,5,3,3,3,31.46,No,,,,Yes,"Better offers for existing customers, not just new users.",34.1,65.0,167.8,124.3,67.3,89.2
R00255,P100255,Complete,100,2026-07-20T12:18:52+01:00,2026-07-20T12:27:40+01:00,528,Mobile,Other,Panel B,56f049e53ee6,5d6d20c88e4a,45,45-54,Man,North West,Suburban,Employed full-time,"£50,000-£74,999",No,Yes,1,8-30 days ago,MealDash,3,3,3,5,3,1,5,3,3,2,2,3,2,18.39,No,,,,No,Make service charges easier to understand before checkout.,48.9,60.3,110.4,147.6,71.1,19.4
R00256,P100256,Complete,100,2026-07-07T21:03:23+01:00,2026-07-07T21:14:29+01:00,666,Mobile,Chrome,Panel A,a7b71f627b80,d98e36097f43,30,25-34,Woman,Scotland,Suburban,Employed full-time,"£50,000-£74,999",No,Yes,4-5,Past week,QuickBite,5,3,6,4,4,6,4,4,4,3,4,3,3,30.46,No,,,,No,More restaurant choice in my area.,43.5,126.9,118.5,164.4,111.4,24.1
R00257,P100257,Complete,100,2026-07-12T00:18:32+01:00,2026-07-12T00:28:55+01:00,623,Mobile,Chrome,Panel B,080dddcd6816,bee63bfa4735,68,65-74,Man,Northern Ireland,Suburban,Student,Prefer not to say,Yes,Yes,0,31-90 days ago,FoodGo,5,6,7,6,6,7,5,6,4,7,5,3,6,22.98,No,,,,No,Faster refunds when something goes wrong.,60.3,97.3,146.8,138.7,63.6,19.4
R00258,P100258,Complete,100,2026-07-07T14:39:15+01:00,2026-07-07T14:47:01+01:00,466,Desktop,Chrome,Panel A,7d1c68495a17,e78e81ece7e4,74,65-74,Woman,South East,Urban,Employed full-time,"£50,000-£74,999",No,Yes,1,8-30 days ago,MealDash,5,7,7,5,5,5,5,6,6,5,4,3,6,45.07,No,,,,No,More responsive customer support.,50.0,53.6,81.8,92.5,58.5,72.5
R00259,P100259,Complete,100,2026-07-12T06:24:53+01:00,2026-07-12T06:34:55+01:00,602,Mobile,Edge,Panel A,addaeab106c4,02ea80c26260,53,45-54,Non-binary,West Midlands,Suburban,Employed full-time,"£50,000-£74,999",No,Yes,0,31-90 days ago,MealDash,5,6,7,5,6,6,4,5,7,4,3,3,4,10.79,Yes,Missing or incorrect items,Yes,3,No,Reduce minimum order values.,56.4,81.3,92.7,174.3,72.8,19.4
R00260,P100260,Complete,100,2026-07-13T00:00:26+01:00,2026-07-13T00:08:18+01:00,472,Desktop,Edge,Panel B,7c2c90acf871,818b687e7f8c,28,25-34,Man,Scotland,Urban,Employed full-time,"£50,000-£74,999",Yes,Yes,10+,Past week,FoodGo,6,6,9,6,6,7,6,5,6,7,5,3,5,28.29,No,,,,No,More restaurant choice in my area.,38.7,48.3,97.3,112.2,100.5,27.6
R00261,P100261,Complete,100,2026-07-18T20:32:39+01:00,2026-07-18T20:43:07+01:00,628,Mobile,Safari,Panel A,4a09e4fc11ca,dca3b836a827,30,25-34,Man,London,Urban,Employed full-time,"£35,000-£49,999",No,Yes,4-5,Past week,QuickBite,6,5,6,7,7,7,7,7,7,7,7,3,5,42.6,No,,,,No,Let customers edit an order for a short time after placing it.,52.5,82.0,118.0,121.9,83.7,76.3
R00262,P100262,Complete,100,2026-07-12T19:07:44+01:00,2026-07-12T19:16:57+01:00,553,Mobile,Chrome,Panel A,0c46314f8ac2,f31e2525de20,30,25-34,Man,Scotland,Rural,Employed part-time,"Under £20,000",No,Yes,4-5,Past week,Other,4,5,5,5,5,4,3,5,5,4,4,3,4,32.12,No,,,,No,More consistent delivery times at weekends.,55.6,65.0,116.6,110.2,76.1,44.7
R00263,P100263,Complete,100,2026-07-15T05:11:03+01:00,2026-07-15T05:19:55+01:00,532,Tablet,Safari,Panel A,67ce5ced9d41,ef09b70350dd,21,18-24,Woman,North West,Rural,Employed full-time,"£35,000-£49,999",Yes,Yes,1,8-30 days ago,MealDash,5,7,9,3,5,4,5,5,6,5,4,3,6,24.08,No,,,,No,"Better offers for existing customers, not just new users.",37.1,77.5,84.3,91.8,75.3,61.8
R00264,P100264,Complete,100,2026-07-11T04:05:45+01:00,2026-07-11T04:15:22+01:00,577,Desktop,Safari,Panel C,de16ec28562e,c75de1fe6150,25,25-34,Man,Yorkshire and the Humber,Suburban,Not currently employed,"£35,000-£49,999",Yes,Yes,2-3,Past week,QuickBite,5,6,7,7,5,5,4,5,7,5,5,3,5,32.67,No,,,,Yes,Reduce minimum order values.,46.6,49.7,35,133.7,98.5,112.6
R00265,P100265,Complete,100,2026-07-20T01:35:36+01:00,2026-07-20T01:44:40+01:00,544,Mobile,Safari,Panel C,01361885d1ca,101a7510f060,28,25-34,Man,Yorkshire and the Humber,Urban,Employed part-time,"£20,000-£34,999",No,Yes,6-9,Today,FoodGo,7,7,9,7,7,7,5,7,7,7,7,3,7,31.92,No,,,,No,More restaurant choice in my area.,61.4,60.9,115.6,82.9,84.9,56.6
R00266,P100266,Complete,100,2026-07-16T01:22:00+01:00,2026-07-16T01:31:32+01:00,572,Mobile,Chrome,Panel C,4a56d494fb55,87afb6500493,36,35-44,Man,South East,Suburban,Retired,"£35,000-£49,999",Yes,Yes,4-5,Past week,MealDash,5,4,6,5,6,2,3,6,4,5,3,3,4,35.22,No,,,,No,Better tracking when the driver is close.,54.8,55.7,91.2,133.5,98.9,69.8
R00267,P100267,Complete,100,2026-07-12T18:58:21+01:00,2026-07-12T19:06:44+01:00,503,Mobile,Chrome,Panel B,6708c079e7a6,b051a9b31397,42,35-44,Man,London,Urban,Employed full-time,"£35,000-£49,999",Yes,Yes,2-3,Past week,QuickBite,4,4,7,5,4,5,5,4,6,5,5,3,4,42.52,No,,,,Yes,More responsive customer support.,54.1,95.2,95.4,79.9,80.4,73.5
R00268,P100268,Complete,100,2026-07-17T18:32:48+01:00,2026-07-17T18:42:06+01:00,558,Mobile,Safari,Panel A,ede20d62f07f,e6e7cf3e8347,42,35-44,Woman,South West,Rural,Employed full-time,"£20,000-£34,999",Yes,Yes,2-3,8-30 days ago,FoodGo,5,5,8,6,6,4,4,6,5,6,5,3,6,65.99,No,,,,No,Reduce minimum order values.,34.7,104.9,160.7,90.6,72.7,69.8
R00269,P100269,Complete,100,2026-07-08T02:01:57+01:00,2026-07-08T02:08:56+01:00,419,Mobile,Safari,Panel B,c024911f5d84,809fdf2f2324,55,55-64,Man,North East,Suburban,Retired,"£20,000-£34,999",Yes,Yes,4-5,Past week,FoodGo,6,7,7,6,7,7,4,7,7,6,5,3,5,19.07,No,,,,Yes,Reduce minimum order values.,43.4,39.5,46.8,106.7,95.5,27.4
R00270,P100270,Complete,100,2026-07-11T07:43:13+01:00,2026-07-11T07:54:16+01:00,663,Mobile,Chrome,Panel B,ffc1a67a508a,4539ef9f8599,63,55-64,Woman,Wales,Urban,Self-employed,"£100,000+",No,Yes,6-9,Past week,QuickBite,5,6,4,5,5,4,4,3,5,5,7,3,5,37.53,No,,,,No,"Lower delivery fees, especially on smaller orders.",50.3,105.3,114.1,129.7,97.5,83.9
R00271,P100271,Complete,100,2026-07-15T03:27:51+01:00,2026-07-15T03:36:21+01:00,510,Mobile,Chrome,Panel C,db3d590cfcb7,4804a7a0941b,60,55-64,Woman,East Midlands,Urban,Employed part-time,"£50,000-£74,999",No,Yes,1,8-30 days ago,MealDash,3,4,4,4,3,4,2,4,5,3,5,3,2,19.56,Yes,Food arrived cold,No,,No,Improve food temperature on longer deliveries.,44.7,72.5,104.7,113.9,95.3,32.6
R00272,P100272,Complete,100,2026-07-13T15:05:24+01:00,2026-07-13T15:16:07+01:00,643,Mobile,Chrome,Panel C,a724c9332894,222b17abb94c,72,65-74,Woman,South East,Urban,Employed part-time,"£20,000-£34,999",No,Yes,0,8-30 days ago,MealDash,4,5,6,3,4,4,3,5,5,4,2,3,3,25.53,No,,,,No,Faster refunds when something goes wrong.,58.6,78.1,136.4,171.2,86.2,62.5
R00273,P100273,Complete,100,2026-07-08T02:59:11+01:00,2026-07-08T03:06:07+01:00,416,Desktop,Chrome,Panel B,3c0dbac811d8,d70b55b3340f,21,18-24,Woman,Yorkshire and the Humber,Urban,Retired,"£20,000-£34,999",No,Yes,1,8-30 days ago,QuickBite,5,4,7,5,4,4,4,6,5,4,4,3,5,20.18,No,,,,No,More environmentally friendly packaging options.,19.9,71.6,78.7,114.0,34.9,38.8
R00274,P100274,Complete,100,2026-07-10T05:00:20+01:00,2026-07-10T05:10:08+01:00,588,Mobile,Safari,Panel B,4857c4066532,53d105fce900,63,55-64,Man,South West,Suburban,Employed part-time,"£75,000-£99,999",No,Yes,0,8-30 days ago,Restaurant direct,5,4,5,6,6,5,5,5,6,5,5,3,3,22.42,No,,,,Yes,More consistent delivery times at weekends.,40.8,86.8,156.9,97.0,135.0,24.3
R00275,P100275,Complete,100,2026-07-07T14:59:44+01:00,2026-07-07T15:11:06+01:00,682,Mobile,Safari,Panel B,de92f187eefa,84f8f0e226e7,48,45-54,Woman,Wales,Urban,Retired,Prefer not to say,No,Yes,4-5,Today,MealDash,6,7,9,6,6,5,7,5,6,5,4,3,7,34.39,No,,,,Yes,Reduce minimum order values.,28.7,58.2,125.8,191.3,121.2,55.6
R00276,P100276,Complete,100,2026-07-20T08:28:05+01:00,2026-07-20T08:37:11+01:00,546,Mobile,Chrome,Panel A,827eca7ad81b,3d2ba9e8a205,49,45-54,Man,Yorkshire and the Humber,Rural,Employed full-time,"£50,000-£74,999",Yes,Yes,1,8-30 days ago,MealDash,5,4,8,5,4,6,4,4,4,6,6,3,5,43.88,No,,,,No,Give drivers clearer instructions for flats and apartment buildings.,48.9,90.4,92.7,144.5,45.6,58.1
R00277,P100277,Complete,100,2026-07-17T03:17:05+01:00,2026-07-17T03:24:01+01:00,416,Desktop,Firefox,Panel A,014d9b8efbc3,1d1ba2320302,39,35-44,Man,North West,Urban,Employed full-time,"£20,000-£34,999",No,Yes,10+,Past week,FoodGo,6,5,9,6,5,6,5,6,7,6,5,3,5,24.73,No,,,,No,More accurate delivery time estimates.,48.5,33.2,59.1,100.2,82.2,56.1
R00278,P100278,Complete,100,2026-07-07T14:49:51+01:00,2026-07-07T14:58:55+01:00,544,Mobile,Chrome,Panel A,5c90a81ece86,3a695a4a38b0,40,35-44,Woman,North West,Rural,Employed part-time,Prefer not to say,No,Yes,0,31-90 days ago,FoodGo,3,3,5,5,5,4,4,5,4,2,2,3,3,39.75,Yes,Food arrived cold,No,,Yes,Make service charges easier to understand before checkout.,59.6,69.5,86.6,115.8,99.7,62.7
R00279,P100279,Complete,100,2026-07-08T17:14:19+01:00,2026-07-08T17:22:11+01:00,472,Desktop,Safari,Panel B,2eb16f92824a,15adf054ba50,20,18-24,Woman,East Midlands,Urban,Retired,"Under £20,000",No,Yes,2-3,8-30 days ago,QuickBite,5,5,8,6,6,5,4,4,6,5,5,3,4,43.95,No,,,,Yes,Lower prices overall.,27.0,77.3,88.0,89.5,56.0,23.6
R00280,P100280,Complete,100,2026-07-13T13:27:19+01:00,2026-07-13T13:28:33+01:00,74,Mobile,Chrome,Panel A,573577a8374f,69a62ea90739,53,45-54,Man,West Midlands,Rural,Self-employed,"£50,000-£74,999",Yes,Yes,1,8-30 days ago,MealDash,4,5,5,3,5,4,2,4,4,5,5,7,2,24.31,Yes,Late delivery,Yes,5,No,Give drivers clearer instructions for flats and apartment buildings.,3,3.6,48.4,4.9,3,6.2
R00281,P100281,Complete,100,2026-07-10T02:20:36+01:00,2026-07-10T02:30:21+01:00,585,Desktop,Safari,Panel A,e193b1ee25e9,ed7ee335f4e8,51,45-54,Woman,North East,Urban,Retired,"£20,000-£34,999",No,Yes,2-3,8-30 days ago,MealDash,6,5,9,7,5,6,6,6,4,7,6,3,4,21.58,No,,,,No,...,48.3,112.3,129.1,94.8,113.6,24.2
R00282,P100282,Complete,100,2026-07-19T05:36:11+01:00,2026-07-19T05:44:48+01:00,517,Desktop,Chrome,Panel B,a893a3b560dc,486998908a15,74,65-74,Man,West Midlands,Urban,Employed part-time,"£35,000-£49,999",Yes,Yes,0,31-90 days ago,QuickBite,6,7,8,6,6,6,5,7,6,5,6,3,6,30.35,No,,,,No,More responsive customer support.,20.4,49.9,116.5,146.5,72.4,48.8
R00283,P100283,Complete,100,2026-07-15T02:04:56+01:00,2026-07-15T02:06:40+01:00,104,Mobile,Edge,Panel B,e5de936b6bdf,f791ad112a3d,60,55-64,Prefer not to say,South West,Suburban,Retired,"£35,000-£49,999",No,Yes,6-9,Today,QuickBite,6,7,9,7,5,6,5,7,7,6,7,3,6,19.6,No,,,,Yes,asdfgh,12.4,9.5,3,45.2,11.6,13.8
R00284,P100284,Complete,100,2026-07-11T08:20:01+01:00,2026-07-11T08:22:03+01:00,122,Desktop,Safari,Panel B,58c06e889c02,5849c36d05e4,28,25-34,Woman,North East,Suburban,Not currently employed,"£50,000-£74,999",No,Yes,1,Past week,Restaurant direct,6,7,7,6,6,6,4,6,7,7,4,3,6,31.56,No,,,,No,More responsive customer support.,55.1,17.7,8.7,7.0,14.1,7.3
R00285,P100285,Complete,100,2026-07-18T23:48:02+01:00,2026-07-18T23:56:42+01:00,520,Mobile,Chrome,Panel B,32e4c4a68d15,6505fe7a47be,37,35-44,Man,South East,Urban,Student,"£50,000-£74,999",No,Yes,2-3,8-30 days ago,Restaurant direct,5,5,8,3,7,4,6,4,6,6,4,3,4,63.95,No,,,,No,Lower prices overall.,27.2,64.0,109.1,157.0,43.0,56.5
R00286,P100286,Complete,100,2026-07-16T21:53:07+01:00,2026-07-16T22:01:49+01:00,522,Mobile,Chrome,Panel A,03ab673e5fb1,afdcc43030aa,63,55-64,Woman,South West,Suburban,Employed full-time,"Under £20,000",No,Yes,1,Past week,MealDash,5,7,8,5,5,4,5,5,6,6,6,3,5,38.39,No,,,,No,Give drivers clearer instructions for flats and apartment buildings.,30.6,30.2,134.7,153.1,57.2,77.1
R00287,P100287,Complete,100,2026-07-15T21:12:01+01:00,2026-07-15T21:13:44+01:00,103,Mobile,Chrome,Panel A,d2c8f7fd260e,fe41e11b1f79,46,45-54,Man,East of England,Suburban,Employed full-time,Prefer not to say,Yes,Yes,4-5,Today,MealDash,5,6,6,4,6,3,6,7,6,6,5,3,6,16.33,No,,,,Yes,More accurate delivery time estimates.,9.6,42.9,3,3,36.0,3
R00288,P100288,Complete,100,2026-07-14T22:44:28+01:00,2026-07-14T22:53:28+01:00,540,Mobile,Firefox,Panel C,654631bb3931,efdf63bd7d72,34,25-34,Man,South East,Urban,Student,"£50,000-£74,999",Yes,Yes,6-9,Past week,QuickBite,5,4,3,5,5,5,4,6,5,4,5,3,5,25.85,No,,,,Yes,Reduce minimum order values.,55.9,63.8,122.1,64.0,74.0,71.1
R00289,P100289,Complete,100,2026-07-09T05:22:01+01:00,2026-07-09T05:32:53+01:00,652,Mobile,Chrome,Panel B,86eecca59862,fc68eeba9703,48,45-54,Woman,South West,Rural,Employed full-time,"£20,000-£34,999",Yes,Yes,4-5,Past week,QuickBite,5,4,5,5,5,5,3,5,4,4,7,3,5,28.14,Yes,Food arrived cold,No,,No,"Better offers for existing customers, not just new users.",71.4,51.2,166.7,102.7,86.6,97.2
R00290,P100290,Complete,100,2026-07-14T13:25:07+01:00,2026-07-14T13:33:23+01:00,496,Mobile,Safari,Panel B,ed11b4f6f521,61be997972de,20,18-24,Man,North West,Urban,Not currently employed,"£35,000-£49,999",No,Yes,10+,Past week,QuickBite,4,5,7,5,5,6,5,4,5,4,5,3,3,31.33,No,,,,No,Make service charges easier to understand before checkout.,42.8,95.2,95.4,105.8,44.7,39.4
R00291,P100291,Complete,100,2026-07-20T08:44:46+01:00,2026-07-20T08:54:15+01:00,569,Mobile,Chrome,Panel C,e9c7bf62160b,0e8d9565f109,54,45-54,Man,West Midlands,Suburban,Employed full-time,"Under £20,000",No,Yes,2-3,Past week,QuickBite,5,6,7,6,6,5,4,5,5,6,5,3,3,29.59,No,,,,No,Let customers edit an order for a short time after placing it.,47.4,90.4,92.5,146.8,84.5,57.2
R00292,P100292,Complete,100,2026-07-20T19:08:56+01:00,2026-07-20T19:17:29+01:00,513,Desktop,Chrome,Panel A,68589132d9b2,98f2b08db33a,46,45-54,Woman,East Midlands,Urban,Employed full-time,"£50,000-£74,999",No,Yes,4-5,Today,QuickBite,4,5,8,4,5,4,3,4,5,3,6,3,4,33.29,No,,,,Yes,More restaurant choice in my area.,31.9,81.6,86.5,102.0,75.2,61.3
R00293,P100293,Complete,100,2026-07-19T04:16:21+01:00,2026-07-19T04:22:28+01:00,367,Mobile,Chrome,Panel A,d28d58ed9f37,27968adae3ce,35,35-44,Non-binary,West Midlands,Urban,Self-employed,"£50,000-£74,999",Yes,Yes,1,8-30 days ago,Other,5,4,7,4,6,5,5,5,4,5,6,3,4,16.93,No,,,,No,More environmentally friendly packaging options.,49.4,41.7,55.1,93.2,58.4,19.4
R00294,P100294,Complete,100,2026-07-19T14:08:44+01:00,2026-07-19T14:17:02+01:00,498,Desktop,Chrome,Panel A,d69a3d12e491,44cacdeb3d4b,28,25-34,Woman,South West,Rural,Employed full-time,"£20,000-£34,999",No,Yes,0,31-90 days ago,Restaurant direct,3,2,4,3,2,4,1,4,2,2,3,3,3,36.48,Yes,Missing or incorrect items,No,,No,Faster refunds when something goes wrong.,23.8,93.1,54.0,127.0,57.3,57.0
R00295,P100295,Complete,100,2026-07-07T07:25:57+01:00,2026-07-07T07:34:28+01:00,511,Mobile,Chrome,Panel A,bb0473b01c07,9594cc48ffa6,19,18-24,Woman,East Midlands,Urban,Employed full-time,Prefer not to say,No,Yes,2-3,8-30 days ago,Other,5,6,8,5,6,5,5,6,6,6,4,3,4,27.1,No,,,,No,More consistent delivery times at weekends.,42.5,57.7,116.4,148.8,75.6,45.2
R00296,P100296,Complete,100,2026-07-10T09:44:21+01:00,2026-07-10T09:55:02+01:00,641,Mobile,Edge,Panel B,4d9f967e85f2,b38e015abdd2,46,45-54,Man,East Midlands,Suburban,Retired,"£100,000+",No,Yes,2-3,Past week,QuickBite,4,4,1,1,1,1,1,1,1,1,1,3,2,28.09,No,,,,No,"Better offers for existing customers, not just new users.",57.0,76.6,85.3,220.5,85.5,19.4
R00297,P100297,Complete,100,2026-07-18T08:58:57+01:00,2026-07-18T09:07:35+01:00,518,Desktop,Chrome,Panel C,1febe058b5ce,236a1eceb99c,54,45-54,Man,Yorkshire and the Humber,Urban,Employed full-time,Prefer not to say,Yes,Yes,2-3,Past week,QuickBite,4,3,6,2,4,4,1,4,5,5,2,3,4,44.91,No,,,,No,Show unavailable items before I start ordering.,46.4,118.6,113.9,88.8,46.1,55.4
R00298,P100298,Complete,100,2026-07-17T12:19:48+01:00,2026-07-17T12:28:15+01:00,507,Mobile,Safari,Panel B,8b2a4df96b10,2625082d7632,19,18-24,Man,South West,Suburban,Employed full-time,"£20,000-£34,999",No,Yes,10+,Today,QuickBite,5,6,6,5,5,6,3,5,6,4,5,3,6,15.54,No,,,,No,Better loyalty rewards.,22.2,60.6,104.6,110.0,89.4,61.1
R00299,P100299,Complete,100,2026-07-17T20:53:28+01:00,2026-07-17T21:02:05+01:00,517,Desktop,Firefox,Panel B,735a8930bc6e,5510342dcf93,62,55-64,Woman,London,Suburban,Self-employed,"£75,000-£99,999",No,Yes,1,8-30 days ago,MealDash,6,7,7,5,5,4,6,6,4,6,6,3,6,24.81,No,,,,No,More responsive customer support.,31.3,56.8,86.6,120.6,59.9,98.7
R00300,P100300,Complete,100,2026-07-20T01:07:00+01:00,2026-07-20T01:14:49+01:00,469,Desktop,Chrome,Panel B,60d0348f9bfa,014793a90fe9,59,55-64,Woman,London,Urban,Employed full-time,"£75,000-£99,999",Yes,Yes,4-5,Past week,QuickBite,5,5,6,6,6,6,5,6,7,5,6,3,5,26.73,No,,,,No,Show unavailable items before I start ordering.,35.7,62.3,106.8,130.5,40.1,29.3
R00301,P100301,Complete,100,2026-07-08T17:26:11+01:00,2026-07-08T17:34:32+01:00,501,Mobile,Edge,Panel A,8611848c3ed2,3a942008b182,64,55-64,Man,South West,Urban,Self-employed,"£50,000-£74,999",Yes,Yes,1,Past week,QuickBite,7,6,9,7,5,6,7,7,7,7,7,3,5,42.91,No,,,,Yes,Show unavailable items before I start ordering.,40.1,99.3,85.0,88.1,76.6,41.7
R00302,P100302,Complete,100,2026-07-14T13:56:37+01:00,2026-07-14T14:05:34+01:00,537,Mobile,Safari,Panel A,26b25ddf7aa7,6ac385095c34,28,25-34,Man,Yorkshire and the Humber,Rural,Self-employed,"£35,000-£49,999",No,Yes,1,8-30 days ago,FoodGo,5,6,6,6,6,5,4,6,5,5,5,3,4,42.24,No,,,,No,Nothing major; the service generally works well for me.,51.5,88.0,64.8,118.3,70.5,71.0
R00303,P100303,Complete,100,2026-07-17T13:54:19+01:00,2026-07-17T14:02:15+01:00,476,Desktop,Chrome,Panel B,d9a7d014a730,5892acf96888,59,55-64,Man,West Midlands,Rural,Employed full-time,"Under £20,000",No,Yes,2-3,Past week,Restaurant direct,5,5,4,5,4,6,6,6,5,5,5,3,6,25.65,Yes,Late delivery,Yes,4,No,Nothing major; the service generally works well for me.,31.8,61.2,122.5,89.1,94.9,30.4
R00304,P100304,Complete,100,2026-07-18T09:00:23+01:00,2026-07-18T09:08:49+01:00,506,Mobile,Chrome,Panel B,c822037c2d9c,d93e6e3f096a,30,25-34,Man,Scotland,Suburban,Self-employed,"£35,000-£49,999",No,Yes,4-5,Today,FoodGo,4,4,-1,4,5,3,4,3,2,3,3,3,3,29.36,No,,,,No,"Better offers for existing customers, not just new users.",35.9,47.5,72.3,131.8,78.2,79.7
R00305,P100305,Complete,100,2026-07-18T16:46:24+01:00,2026-07-18T16:54:32+01:00,488,Tablet,Chrome,Panel B,38272580e279,1b14db28357c,18,18-24,Non-binary,South East,Rural,Not currently employed,"£100,000+",Yes,Yes,6-9,Today,MealDash,6,6,9,5,5,6,5,7,6,5,6,3,4,18.25,No,,,,No,More restaurant choice in my area.,38.1,70.3,88.5,113.1,61.0,46.2
R00306,P100306,Complete,100,2026-07-07T22:33:57+01:00,2026-07-07T22:43:34+01:00,577,Desktop,Safari,Panel A,7c346e776ed0,a8fbfc3594bf,58,55-64,Woman,South West,Urban,Not currently employed,"Under £20,000",No,Yes,2-3,8-30 days ago,QuickBite,6,7,10,5,7,5,5,6,7,7,6,3,5,35.43,No,,,,Yes,More consistent delivery times at weekends.,51.8,72.4,132.9,119.5,68.9,61.8
R00307,P100307,Complete,100,2026-07-12T16:00:01+01:00,2026-07-12T16:06:58+01:00,417,Mobile,Chrome,Panel B,92f640f4b399,e3388eb67fff,49,45-54,Woman,South East,Urban,Not currently employed,"£50,000-£74,999",No,Yes,0,31-90 days ago,MealDash,3,4,4,3,5,4,2,5,4,4,3,3,4,18.87,Yes,Missing or incorrect items,No,,No,More consistent delivery times at weekends.,28.8,46.6,61.8,47.7,83.1,71.3
R00308,P100308,Complete,100,2026-07-14T06:25:48+01:00,2026-07-14T06:36:17+01:00,629,Mobile,Safari,Panel B,be7c36a5d5cf,e07128799230,71,65-74,Man,South West,Urban,Employed full-time,"Under £20,000",No,Yes,2-3,Past week,FoodGo,3,5,4,3,4,3,1,4,3,2,5,3,4,21.35,No,,,,No,zzzzzzzz,45.3,114.2,86.4,154.9,102.7,60.6
R00309,P100309,Complete,100,2026-07-11T07:54:29+01:00,2026-07-11T08:01:55+01:00,446,Desktop,Chrome,Panel C,66a8cd119a88,c556e3d4d292,45,45-54,Man,East of England,Suburban,Retired,"£50,000-£74,999",No,Yes,1,8-30 days ago,Restaurant direct,5,6,7,5,5,6,4,4,4,5,3,3,4,23.4,No,,,,No,More consistent delivery times at weekends.,32.6,72.5,74.8,137.0,45.8,29.0
R00310,P100310,Complete,100,2026-07-06T09:11:41+01:00,2026-07-06T09:13:51+01:00,130,Mobile,Firefox,Panel C,58f7b55ad8c1,a1e48c29491d,65,65-74,Man,East Midlands,Suburban,Retired,"£20,000-£34,999",No,Yes,1,Past week,Restaurant direct,6,7,9,6,7,5,7,7,7,5,6,3,6,25.1,No,,,,No,More consistent delivery times at weekends.,7.0,39.1,3,8.8,54.7,7.5
R00311,P100311,Complete,100,2026-07-18T19:03:30+01:00,2026-07-18T19:13:06+01:00,576,Mobile,Chrome,Panel B,686ff576f840,4ea9381f1e35,72,65-74,Woman,Scotland,Urban,Employed full-time,"£75,000-£99,999",No,Yes,0,31-90 days ago,FoodGo,5,6,7,3,5,4,4,3,6,6,4,3,5,25.24,Yes,Payment or refund issue,No,,No,Show unavailable items before I start ordering.,46.8,72.8,117.1,151.8,80.1,82.9
R00312,P100312,Complete,100,2026-07-14T19:20:51+01:00,2026-07-14T19:28:06+01:00,435,Mobile,Safari,Panel C,ea3906776778,36c081e0afa8,29,25-34,Woman,Wales,Urban,Employed part-time,"Under £20,000",Yes,Yes,1,Past week,Other,5,4,7,4,3,5,6,7,5,4,5,3,6,39.01,Yes,Food arrived cold,No,,No,Give drivers clearer instructions for flats and apartment buildings.,38.0,74.3,44.0,98.2,30.2,70.5
R00313,P100313,Complete,100,2026-07-12T11:37:59+01:00,2026-07-12T11:46:44+01:00,525,Desktop,Safari,Panel A,6e8d739c0015,02aadb751c60,49,45-54,Woman,Wales,Urban,Employed full-time,"£50,000-£74,999",No,Yes,1,Past week,FoodGo,5,4,4,4,4,5,6,6,4,7,5,3,4,23.03,No,,,,No,"Lower delivery fees, especially on smaller orders.",64.7,79.8,98.6,83.3,65.7,77.3
R00314,P100314,Complete,100,2026-07-12T09:25:53+01:00,2026-07-12T09:34:56+01:00,543,Mobile,Safari,Panel C,aa4a3634eeaf,d7a9319d4816,26,25-34,Woman,North East,Suburban,Retired,"£35,000-£49,999",No,Yes,1,8-30 days ago,MealDash,4,4,6,4,6,4,5,3,4,4,5,3,3,28.24,Yes,Order cancelled,No,,No,Reduce minimum order values.,39.2,61.2,98.1,155.3,81.2,71.5
R00315,P100315,Complete,100,2026-07-09T00:07:32+01:00,2026-07-09T00:16:43+01:00,551,Mobile,Chrome,Panel A,bea4f8128189,c89f9b37533c,33,25-34,Man,Scotland,Urban,Retired,"£35,000-£49,999",No,Yes,2-3,Past week,Restaurant direct,6,5,6,7,6,6,5,6,5,6,5,3,5,14.41,No,,,,No,Fewer missing items and clearer substitutions.,37.0,57.3,116.6,135.8,82.2,46.4
R00316,P100316,Complete,100,2026-07-08T06:10:12+01:00,2026-07-08T06:17:35+01:00,443,Mobile,Safari,Panel B,1a7c0015e151,d529db897f65,34,25-34,Woman,East Midlands,Suburban,Employed full-time,Prefer not to say,No,Yes,1,8-30 days ago,MealDash,5,4,7,3,6,5,7,5,6,5,5,3,5,28.5,No,,,,Yes,More responsive customer support.,51.1,94.1,43.1,87.3,59.6,55.2
R00317,P100317,Complete,100,2026-07-07T19:17:20+01:00,2026-07-07T19:28:59+01:00,699,Mobile,Safari,Panel B,90ebde312c71,9896b09edd91,46,45-54,Man,London,Urban,Employed full-time,"£35,000-£49,999",No,Yes,0,31-90 days ago,QuickBite,6,5,8,7,7,5,5,6,6,5,7,3,5,14.69,No,,,,Yes,"Lower delivery fees, especially on smaller orders.",48.7,64.2,124.9,199.2,102.9,86.7
R00318,P100318,Complete,100,2026-07-15T10:02:40+01:00,2026-07-15T10:11:18+01:00,518,Mobile,Firefox,Panel A,11737a590f6a,fcab5863b135,19,18-24,Woman,South West,Urban,Employed full-time,"Under £20,000",Yes,Yes,4-5,Past week,FoodGo,6,6,6,5,7,6,5,6,4,6,6,3,6,15.81,No,,,,Yes,Better tracking when the driver is close.,59.7,62.7,124.7,136.6,81.4,19.4
R00319,P100319,Complete,100,2026-07-06T09:37:45+01:00,2026-07-06T09:49:47+01:00,722,Mobile,Safari,Panel A,136eb98c9b2b,24190e64432e,45,45-54,Woman,North East,Urban,Employed part-time,"Under £20,000",Yes,Yes,6-9,Past week,MealDash,2,3,2,2,2,2,2,4,4,3,2,3,3,20.94,Yes,Missing or incorrect items,Yes,4,No,More consistent delivery times at weekends.,35.8,48.6,165.3,194.3,100.1,55.2
R00320,P100320,Complete,100,2026-07-10T18:56:01+01:00,2026-07-10T19:05:52+01:00,591,Mobile,Chrome,Panel A,fbbc5cecfe6f,142825b7f2a8,26,25-34,Woman,East of England,Urban,Employed full-time,"£50,000-£74,999",No,Yes,4-5,Past week,QuickBite,5,6,7,4,6,4,4,4,5,5,6,3,4,40.95,Yes,Missing or incorrect items,No,,No,"Lower delivery fees, especially on smaller orders.",66.4,97.5,131.8,48.4,60.1,117.5
R00321,P100321,Complete,100,2026-07-16T14:34:15+01:00,2026-07-16T14:43:58+01:00,583,Desktop,Edge,Panel C,2cb838fe348b,22f60f60d7a8,32,25-34,Woman,South East,Urban,Student,"Under £20,000",Yes,Yes,2-3,Past week,MealDash,6,5,8,7,7,6,6,6,6,6,5,3,5,24.66,No,,,,No,Give drivers clearer instructions for flats and apartment buildings.,28.6,77.9,100.6,159.6,58.9,82.1
R00322,P100322,Complete,100,2026-07-07T04:30:33+01:00,2026-07-07T04:40:11+01:00,578,Tablet,Safari,Panel A,c6327cde25e6,fbab572e5854,29,25-34,Non-binary,West Midlands,Rural,Employed full-time,"£20,000-£34,999",No,Yes,0,31-90 days ago,FoodGo,4,4,6,5,5,2,4,5,5,5,3,3,3,39.86,No,,,,No,Nothing major; the service generally works well for me.,51.9,77.9,128.3,55.2,87.1,89.8
R00323,P100323,Complete,100,2026-07-14T16:46:37+01:00,2026-07-14T16:56:43+01:00,606,Mobile,Safari,Panel B,627238d184b9,9cc92b141a4b,46,45-54,Man,East Midlands,Suburban,Employed full-time,"£20,000-£34,999",No,Yes,2-3,8-30 days ago,MealDash,5,5,5,6,5,4,4,5,4,5,6,3,4,31.33,No,,,,No,Better tracking when the driver is close.,50.0,72.7,138.5,122.0,59.5,75.5
R00324,P100324,Complete,100,2026-07-11T23:44:13+01:00,2026-07-11T23:53:58+01:00,585,Mobile,Chrome,Panel A,b6b12d3826c8,10e245e0033a,22,18-24,Man,West Midlands,Rural,Employed full-time,"£50,000-£74,999",No,Yes,10+,Past week,FoodGo,6,7,6,6,6,7,6,6,5,7,6,3,4,27.07,Yes,Other,Yes,5,No,Nothing major; the service generally works well for me.,45.6,91.7,85.3,180.6,63.0,59.8
R00325,P100325,Complete,100,2026-07-17T07:41:44+01:00,2026-07-17T07:49:58+01:00,494,Mobile,Chrome,Panel A,74267a641820,40b174f475e9,36,35-44,Woman,South West,Urban,Retired,"£20,000-£34,999",No,Yes,2-3,Past week,Other,5,6,6,3,5,7,6,6,6,4,5,3,4,17.19,No,,,,No,Faster refunds when something goes wrong.,48.2,59.0,70.9,82.8,82.6,84.7
R00326,P100326,Complete,100,2026-07-17T04:22:13+01:00,2026-07-17T04:31:48+01:00,575,Desktop,Chrome,Panel B,65bd2f87980c,3903886b10ba,43,35-44,Man,London,Suburban,Employed full-time,"£75,000-£99,999",No,Yes,1,8-30 days ago,MealDash,6,6,8,5,6,7,7,6,7,5,6,3,5,25.92,No,,,,No,Nothing major; the service generally works well for me.,66.7,86.0,131.9,128.8,35.0,86.9
R00327,P100327,Complete,100,2026-07-12T11:22:24+01:00,2026-07-12T11:29:58+01:00,454,Mobile,Other,Panel A,6ba95839783d,b14559cc1f5d,32,25-34,Man,South West,Urban,Employed part-time,"£75,000-£99,999",No,Yes,6-9,Today,Restaurant direct,5,5,5,4,4,6,4,5,6,4,5,3,4,67.73,No,,,,Yes,Faster refunds when something goes wrong.,32.3,80.2,115.0,84.0,90.8,19.4
R00328,P100328,Complete,100,2026-07-12T15:53:49+01:00,2026-07-12T16:04:26+01:00,637,Mobile,Chrome,Panel A,f00172cc6070,0d790a03717c,18,18-24,Woman,London,Rural,Not currently employed,"£35,000-£49,999",Yes,Yes,10+,Past week,QuickBite,6,7,8,6,5,6,6,6,5,6,6,3,5,35.07,No,,,,No,Show unavailable items before I start ordering.,55.7,93.9,113.5,111.6,76.0,110.3
R00329,P100329,Complete,100,2026-07-12T01:55:29+01:00,2026-07-12T02:05:23+01:00,594,Mobile,Chrome,Panel A,83b9ea661f9b,b9385e5827b7,42,35-44,Man,North West,Urban,Employed part-time,Prefer not to say,No,Yes,4-5,Past week,MealDash,4,5,4,4,5,3,5,7,5,4,4,3,6,16.4,No,,,,No,More accurate delivery time estimates.,23.1,132.5,105.3,79.1,102.7,51.2
R00330,P100330,Complete,100,2026-07-12T00:17:18+01:00,2026-07-12T00:26:53+01:00,575,Mobile,Safari,Panel A,bb90e6c9b82c,91ef703ec30d,30,25-34,Woman,East of England,Suburban,Employed part-time,"£20,000-£34,999",Yes,Yes,1,8-30 days ago,FoodGo,4,4,5,5,3,5,4,6,4,4,4,3,4,37.51,No,,,,No,Reduce minimum order values.,49.3,80.4,77.2,127.7,92.8,73.0
R00331,P100331,Complete,100,2026-07-15T04:08:55+01:00,2026-07-15T04:17:06+01:00,491,Desktop,Edge,Panel C,ed69cc34af15,c26035cb3c50,35,35-44,Man,Yorkshire and the Humber,Urban,Employed part-time,"£50,000-£74,999",No,Yes,1,8-30 days ago,Restaurant direct,5,5,7,5,5,6,5,6,6,6,5,3,5,31.9,No,,,,Yes,12345,61.0,40.8,71.7,144.8,46.5,62.8
R00332,P100332,Complete,100,2026-07-06T16:00:17+01:00,2026-07-06T16:08:44+01:00,507,Mobile,Other,Panel C,1eff1a340142,a446e96f63de,26,25-34,Man,South East,Suburban,Employed full-time,"£50,000-£74,999",No,Yes,4-5,Past week,Restaurant direct,6,7,8,5,5,5,5,5,5,5,5,3,5,17.31,No,,,,Yes,Better tracking when the driver is close.,26.0,52.2,89.9,122.8,62.6,96.8
R00333,P100333,Complete,100,2026-07-19T14:36:38+01:00,2026-07-19T14:47:16+01:00,638,Mobile,Firefox,Panel C,05ac05264151,95dbd07d9e9f,53,45-54,Man,Scotland,Urban,Employed full-time,"£75,000-£99,999",Yes,Yes,2-3,Past week,Restaurant direct,4,4,3,6,5,4,3,6,5,5,2,5,4,21.96,No,,,,Yes,Fewer missing items and clearer substitutions.,46.6,97.1,91.5,186.5,103.6,88.1
R00334,P100334,Complete,100,2026-07-17T17:43:48+01:00,2026-07-17T17:46:00+01:00,132,Desktop,Safari,Panel A,955531c6fc4a,39b41fecdac6,48,45-54,Man,South East,Rural,Employed part-time,"Under £20,000",No,Yes,0,8-30 days ago,MealDash,5,6,6,5,5,5,5,5,4,4,5,3,5,16.39,No,,,,Yes,More restaurant choice in my area.,77.7,4.4,7.4,23.3,3,4.6
R00335,P100335,Complete,100,2026-07-12T14:10:23+01:00,2026-07-12T14:12:26+01:00,123,Mobile,Safari,Panel A,9bfe5d2fa3d3,7d42a1d4ad8c,36,35-44,Man,North West,Urban,Employed full-time,"£75,000-£99,999",Yes,Yes,4-5,Past week,MealDash,5,6,6,5,5,5,4,5,5,5,5,3,4,54.74,No,,,,No,Fewer missing items and clearer substitutions.,19.6,6.8,27.9,21.6,32.4,3
R00336,P100336,Complete,100,2026-07-18T08:57:07+01:00,2026-07-18T09:03:29+01:00,382,Tablet,Edge,Panel C,fa1818877a81,63e0fa19ba38,24,18-24,Man,Yorkshire and the Humber,Urban,Employed full-time,"£50,000-£74,999",Yes,Yes,4-5,Past week,QuickBite,5,6,6,7,4,5,4,7,5,3,5,3,3,26.69,No,,,,No,Nothing major; the service generally works well for me.,44.5,49.3,96.7,85.8,56.1,22.2
R00337,P100337,Complete,100,2026-07-13T13:24:21+01:00,2026-07-13T13:35:00+01:00,639,Mobile,Safari,Panel B,8022500bdb08,655121c1151b,44,35-44,Man,South East,Urban,Employed full-time,"£20,000-£34,999",Yes,Yes,0,Past week,FoodGo,5,6,7,6,6,6,5,5,5,5,6,3,5,29.9,No,,,,No,zzzzzzzz,40.9,114.2,94.0,125.7,80.6,111.5
R00338,P100338,Complete,100,2026-07-10T14:24:59+01:00,2026-07-10T14:33:53+01:00,534,Tablet,Safari,Panel B,7fd39afc3463,e5489eb99a4d,61,55-64,Man,West Midlands,Urban,Employed full-time,"£75,000-£99,999",Yes,Yes,4-5,Past week,FoodGo,7,7,10,7,7,7,7,5,7,6,6,3,6,17.43,No,,,,No,Fewer missing items and clearer substitutions.,44.5,86.3,79.8,177.2,38.4,38.7
R00339,P100339,Complete,100,2026-07-06T13:55:59+01:00,2026-07-06T14:07:42+01:00,703,Mobile,Chrome,Panel B,6b0e9784d196,baf4f7c13cf7,51,45-54,Woman,Wales,Urban,Employed full-time,"£50,000-£74,999",Yes,Yes,6-9,Past week,FoodGo,4,4,4,5,5,3,5,3,4,5,3,3,4,15.14,No,,,,No,Show unavailable items before I start ordering.,57.2,99.5,162.9,121.4,148.2,49.2
R00340,P100340,Complete,100,2026-07-12T22:59:16+01:00,2026-07-12T23:08:08+01:00,532,Mobile,Firefox,Panel A,0083ff93470d,ad31f73331e8,44,35-44,Woman,Yorkshire and the Humber,Urban,Employed full-time,"£35,000-£49,999",No,Yes,2-3,8-30 days ago,QuickBite,4,4,6,5,3,4,4,3,5,3,3,3,4,18.94,Yes,Payment or refund issue,Yes,3,No,Better loyalty rewards.,31.2,88.1,100.4,157.6,89.6,20.1
R00341,P100341,Complete,100,2026-07-17T04:23:18+01:00,2026-07-17T04:25:06+01:00,108,Mobile,Safari,Panel A,ab381ad8ebff,e570bb4527a9,37,35-44,Woman,South East,Urban,Employed full-time,"£75,000-£99,999",No,Yes,1,Past week,QuickBite,3,3,0,2,4,2,1,2,2,3,2,3,3,29.77,Yes,Driver or handoff issue,Yes,2,No,More restaurant choice in my area.,44.5,16.3,3,5.8,27.9,3
R00342,P100342,Complete,100,2026-07-11T15:32:11+01:00,2026-07-11T15:43:12+01:00,661,Mobile,Firefox,Panel C,50c0b7034dd6,65c7647987f2,71,65-74,Woman,North West,Rural,Employed full-time,"£75,000-£99,999",No,Yes,6-9,Past week,QuickBite,5,7,7,4,5,5,6,4,7,6,5,3,4,27.44,Yes,Missing or incorrect items,Yes,5,No,x,78.1,89.1,131.5,125.0,87.8,100.1
R00343,P100343,Complete,100,2026-07-08T21:02:35+01:00,2026-07-08T21:12:22+01:00,587,Desktop,Other,Panel A,a907ab837159,1289f100cca0,23,18-24,Prefer not to say,London,Suburban,Employed part-time,"£35,000-£49,999",Yes,Yes,1,8-30 days ago,QuickBite,6,5,8,4,7,5,7,6,5,6,6,3,5,43.2,No,,,,Yes,Make service charges easier to understand before checkout.,61.2,73.5,82.0,111.7,91.4,83.5
R00344,P100344,Complete,100,2026-07-11T11:43:00+01:00,2026-07-11T11:52:23+01:00,563,Mobile,Edge,Panel C,e96c41694136,c1857210b8de,32,25-34,Man,Wales,Urban,Employed full-time,"Under £20,000",No,Yes,1,8-30 days ago,FoodGo,7,7,10,7,6,7,7,6,7,7,7,3,5,28.47,No,,,,No,Make service charges easier to understand before checkout.,40.9,61.1,106.9,164.1,72.4,50.0
R00345,P100345,Complete,100,2026-07-07T16:54:54+01:00,2026-07-07T17:02:41+01:00,467,Mobile,Chrome,Panel B,a04bba471980,f11a43a02a59,40,35-44,Woman,London,Urban,Employed full-time,"£20,000-£34,999",No,Yes,2-3,Past week,Restaurant direct,6,6,10,7,5,5,6,7,7,6,4,3,7,38.19,No,,,,No,Let customers edit an order for a short time after placing it.,33.8,49.8,104.8,95.0,79.5,29.9
R00346,P100346,Complete,100,2026-07-13T01:53:37+01:00,2026-07-13T01:58:28+01:00,291,Tablet,Chrome,Panel B,45fb0d69561b,1480b4f73d7b,63,55-64,Woman,Yorkshire and the Humber,Rural,Retired,"£35,000-£49,999",Yes,Yes,2-3,Past week,MealDash,4,7,5,6,6,6,6,6,6,6,6,3,3,20.03,No,,,,No,Make service charges easier to understand before checkout.,31.8,28,40.4,43.4,42.5,34.6
R00347,P100347,Complete,100,2026-07-08T15:10:31+01:00,2026-07-08T15:18:35+01:00,484,Tablet,Edge,Panel A,225ae1915191,6329c84d1083,50,45-54,Woman,Northern Ireland,Urban,Retired,"Under £20,000",No,Yes,1,8-30 days ago,MealDash,4,6,5,4,4,3,4,6,5,4,5,3,3,33.07,No,,,,No,More responsive customer support.,40.7,28,69.5,93.6,99.6,105.9
R00348,P100348,Complete,100,2026-07-19T02:08:24+01:00,2026-07-19T02:15:30+01:00,426,Desktop,Safari,Panel A,2017ad3d0c0a,952a25b6744c,30,25-34,Man,East Midlands,Urban,Retired,"Under £20,000",Yes,Yes,2-3,8-30 days ago,FoodGo,6,6,9,5,6,5,5,6,5,5,5,3,4,79.85,No,,,,No,More responsive customer support.,26.1,81.6,90.0,57.5,45.9,46.1
R00349,P100349,Complete,100,2026-07-14T04:13:50+01:00,2026-07-14T04:23:35+01:00,585,Mobile,Chrome,Panel C,8554913f51ee,e3e044fd4880,64,55-64,Man,London,Urban,Employed full-time,"£35,000-£49,999",No,Yes,1,Past week,FoodGo,5,5,6,4,5,5,4,5,4,6,5,5,6,30.92,No,,,,No,More consistent delivery times at weekends.,38.8,77.4,97.0,137.1,59.6,102.3
R00350,P100350,Complete,100,2026-07-11T18:10:52+01:00,2026-07-11T18:20:00+01:00,548,Mobile,Safari,Panel A,867885b060b5,3e9404c6c140,29,25-34,Woman,London,Suburban,Employed full-time,"£35,000-£49,999",Yes,Yes,2-3,8-30 days ago,Restaurant direct,7,7,10,4,4,4,4,4,4,4,4,3,7,14.91,No,,,,No,More responsive customer support.,58.5,63.4,68.6,162.3,81.9,33.2
R00351,P100351,Complete,100,2026-07-16T21:27:30+01:00,2026-07-16T21:37:03+01:00,573,Mobile,Safari,Panel B,564bd5507dff,514cf93498f0,36,35-44,Woman,South East,Urban,Employed part-time,"£75,000-£99,999",No,Yes,4-5,Past week,QuickBite,5,5,7,6,5,5,5,6,5,6,5,3,5,34.63,No,,,,No,Give drivers clearer instructions for flats and apartment buildings.,50.6,47.2,135.1,108.1,80.8,85.6
R00352,P100352,Complete,100,2026-07-06T08:55:46+01:00,2026-07-06T09:03:25+01:00,459,Desktop,Chrome,Panel A,0ab820764454,903fc5fa9d66,54,45-54,Man,East Midlands,Suburban,Employed full-time,"£35,000-£49,999",No,Yes,4-5,Past week,FoodGo,3,3,5,3,3,5,3,3,3,2,2,3,2,36.37,Yes,Late delivery,No,,No,Give drivers clearer instructions for flats and apartment buildings.,37.7,102.8,100.6,116.4,44.5,32.2
R00353,P100353,Complete,100,2026-07-14T09:03:43+01:00,2026-07-14T09:13:29+01:00,586,Mobile,Chrome,Panel B,09f86006744e,c3ed1cd99394,35,35-44,Woman,West Midlands,Urban,Employed full-time,"£50,000-£74,999",No,Yes,6-9,Today,MealDash,4,4,6,4,5,4,4,4,4,4,4,3,3,29.95,No,,,,Yes,Fewer missing items and clearer substitutions.,66.9,59.2,100.5,124.1,70.1,78.9
R00354,P100354,Complete,100,2026-07-11T17:50:08+01:00,2026-07-11T17:58:56+01:00,528,Desktop,Safari,Panel C,547202900f60,d48ad70b5ba8,24,18-24,Woman,South West,Rural,Employed full-time,"Under £20,000",No,Yes,4-5,Past week,QuickBite,4,5,4,4,4,2,3,6,3,4,4,3,2,9.68,No,,,,No,"Better offers for existing customers, not just new users.",51.6,87.9,99.5,119.5,61.8,20.7
R00355,P100355,Complete,100,2026-07-20T16:27:57+01:00,2026-07-20T16:36:28+01:00,511,Mobile,Chrome,Panel B,f1cacfd51ee8,22ab56e1da89,30,25-34,Man,London,Urban,Employed full-time,"£50,000-£74,999",No,Yes,1,8-30 days ago,MealDash,4,4,6,3,5,4,4,4,3,3,6,3,5,41.38,No,,,,No,More accurate delivery time estimates.,69.0,84.9,64.6,148.9,59.7,23.3
R00356,P100356,Complete,100,2026-07-10T09:15:18+01:00,2026-07-10T09:21:42+01:00,384,Mobile,Chrome,Panel C,d9924170e611,e4c40524c7e0,65,65-74,Woman,East Midlands,Suburban,Student,"Under £20,000",Yes,Yes,0,8-30 days ago,QuickBite,6,6,7,5,5,6,5,6,5,6,6,3,6,19.12,No,,,,Yes,Reduce minimum order values.,40.3,52.9,37.8,73.1,32.9,50.7
R00357,P100357,Complete,100,2026-07-07T11:31:03+01:00,2026-07-07T11:39:02+01:00,479,Mobile,Safari,Panel B,bac8a597d94e,8ee250c62fe1,38,35-44,Man,London,Urban,Employed full-time,"£50,000-£74,999",Yes,Yes,2-3,8-30 days ago,MealDash,5,7,7,5,6,5,5,5,5,6,5,3,4,32.64,No,,,,No,Improve the accuracy of map tracking.,44.8,57.9,40.8,111.9,81.2,73.3
R00358,P100358,Complete,100,2026-07-15T19:21:25+01:00,2026-07-15T19:29:58+01:00,513,Mobile,Safari,Panel C,dfd5a908dce2,7808250d1ba9,62,55-64,Man,London,Rural,Employed full-time,"Under £20,000",No,Yes,0,31-90 days ago,FoodGo,4,5,5,4,5,4,3,4,5,3,3,3,3,24.7,No,,,,No,More responsive customer support.,61.7,55.8,110.4,94.4,70.0,45.0
R00359,P100359,Complete,100,2026-07-13T15:07:25+01:00,2026-07-13T15:18:20+01:00,655,Mobile,Safari,Panel B,af54ba98aa8d,8228761d6d87,53,45-54,Man,West Midlands,Suburban,Employed full-time,Prefer not to say,Yes,Yes,0,31-90 days ago,QuickBite,5,4,8,4,5,4,4,4,5,5,3,3,4,69.34,Yes,Missing or incorrect items,Yes,5,Yes,Improve the accuracy of map tracking.,50.2,61.4,142.3,119.7,94.2,95.2
R00360,P100360,Complete,100,2026-07-06T10:10:43+01:00,2026-07-06T10:18:52+01:00,489,Mobile,Safari,Panel A,ad0d48fe76c2,aa5ac0ccdfd0,59,55-64,Man,Yorkshire and the Humber,Urban,Employed full-time,"£50,000-£74,999",No,Yes,2-3,Past week,QuickBite,5,5,7,5,6,5,6,6,6,7,5,3,5,35.61,No,,,,No,More environmentally friendly packaging options.,43.1,90.8,126.4,75.2,59.6,60.6
R00361,P100361,Complete,100,2026-07-14T14:16:32+01:00,2026-07-14T14:27:20+01:00,648,Mobile,Chrome,Panel A,391fbf5ef2ec,3d776e19c721,45,45-54,Man,North West,Rural,Employed full-time,"£50,000-£74,999",Yes,Yes,0,Past week,Other,5,4,7,2,2,2,2,2,2,2,2,3,4,64.22,No,,,,No,Faster refunds when something goes wrong.,56.1,85.4,96.8,125.9,80.8,141.3
R00362,P100362,Complete,100,2026-07-09T04:46:19+01:00,2026-07-09T04:54:40+01:00,501,Mobile,Chrome,Panel A,bfc6681dece1,a39aefb28153,68,65-74,Man,North East,Rural,Employed full-time,"£50,000-£74,999",Yes,Yes,0,8-30 days ago,MealDash,5,5,7,6,5,4,5,6,6,6,5,3,5,22.68,Yes,Late delivery,Yes,5,No,Let customers edit an order for a short time after placing it.,52.3,51.5,124.0,105.3,76.6,37.3
R00363,P100363,Complete,100,2026-07-14T01:13:40+01:00,2026-07-14T01:22:20+01:00,520,Mobile,Chrome,Panel C,2829bceb50a2,ad1c6d183313,33,25-34,Woman,Wales,Suburban,Employed full-time,"£35,000-£49,999",No,Yes,1,Past week,QuickBite,4,4,6,5,4,4,3,4,4,3,3,3,3,33.63,No,,,,No,Improve food temperature on longer deliveries.,41.1,74.9,62.8,154.5,60.4,102.3
R00364,P100364,Complete,100,2026-07-13T15:32:42+01:00,2026-07-13T15:40:01+01:00,439,Desktop,Firefox,Panel A,61171acedb26,d41d1f324ff2,62,55-64,Man,East Midlands,Urban,Employed full-time,"£20,000-£34,999",Yes,Yes,10+,Past week,Restaurant direct,4,3,5,3,6,4,4,4,4,3,3,3,2,33.66,No,,,,No,Improve the accuracy of map tracking.,39.5,34.1,67.1,133.1,32.5,56.0
R00365,P100365,Complete,100,2026-07-16T14:03:03+01:00,2026-07-16T14:10:16+01:00,433,Desktop,Chrome,Panel A,89aca3a67058,bc1ff937c62b,36,35-44,Man,South East,Urban,Retired,"Under £20,000",No,Yes,6-9,Past week,Other,5,6,9,5,5,5,5,6,5,7,5,3,4,22.54,No,,,,No,Lower prices overall.,38.7,80.5,41.0,105.2,71.8,30.4
R00366,P100366,Complete,100,2026-07-09T12:02:38+01:00,2026-07-09T12:13:15+01:00,637,Desktop,Safari,Panel B,74b8aa26579f,ce9a73abbc7c,21,18-24,Non-binary,London,Rural,Self-employed,Prefer not to say,Yes,Yes,4-5,Past week,MealDash,6,6,9,5,6,6,6,6,7,4,6,3,5,29.17,No,,,,Yes,Make service charges easier to understand before checkout.,61.2,63.4,120.3,115.9,81.6,105.2
R00367,P100367,Complete,100,2026-07-12T21:00:52+01:00,2026-07-12T21:09:28+01:00,516,Desktop,Safari,Panel A,20f190157ece,f6dffc9f8d12,37,35-44,Man,South East,Urban,Employed full-time,"£20,000-£34,999",No,Yes,2-3,Past week,MealDash,4,4,8,4,5,5,4,5,5,3,4,3,3,19.04,No,,,,No,Improve food temperature on longer deliveries.,31.7,65.0,103.1,113.9,77.7,63.4
R00368,P100368,Complete,100,2026-07-11T23:21:28+01:00,2026-07-11T23:31:19+01:00,591,Mobile,Safari,Panel B,74da3ba012ce,fb46779a109e,21,18-24,Woman,Yorkshire and the Humber,Urban,Not currently employed,"Under £20,000",Yes,Yes,2-3,8-30 days ago,Restaurant direct,5,4,7,5,5,4,4,5,6,6,5,3,5,21.06,No,,,,No,Improve food temperature on longer deliveries.,43.7,94.3,120.5,98.8,77.8,60.7
R00369,P100369,Complete,100,2026-07-10T02:37:39+01:00,2026-07-10T02:45:17+01:00,458,Tablet,Chrome,Panel B,7e0c8b10caff,eef0192935eb,59,55-64,Woman,East Midlands,Urban,Employed full-time,Prefer not to say,No,Yes,1,8-30 days ago,Restaurant direct,5,5,7,6,6,5,5,5,5,6,5,3,6,35.02,No,,,,No,Reduce minimum order values.,28.0,54.1,102.0,107.2,76.8,30.3
R00370,P100370,Complete,100,2026-07-17T02:53:07+01:00,2026-07-17T03:03:04+01:00,597,Mobile,Safari,Panel B,8e41183bd093,2da3f0faf527,49,45-54,Man,East of England,Urban,Student,"£50,000-£74,999",No,Yes,2-3,8-30 days ago,Other,3,4,3,1,3,3,2,3,1,2,1,3,1,39.71,Yes,Missing or incorrect items,No,,No,Fewer missing items and clearer substitutions.,38.0,134.2,70.2,121.5,63.3,79.6
R00371,P100371,Complete,100,2026-07-14T01:41:47+01:00,2026-07-14T01:50:35+01:00,528,Mobile,Chrome,Panel B,91434851292f,55465f21217c,23,18-24,Woman,West Midlands,Urban,Employed full-time,"Under £20,000",Yes,Yes,4-5,Today,QuickBite,4,4,3,3,4,3,5,4,5,3,5,3,3,20.92,No,,,,No,Let customers edit an order for a short time after placing it.,22.2,63.1,73.6,211.7,59.9,34.4
R00372,P100372,Complete,100,2026-07-15T00:05:38+01:00,2026-07-15T00:15:34+01:00,596,Mobile,Chrome,Panel B,4d8a7c04e360,a75561ee9a6c,73,65-74,Woman,London,Urban,Employed full-time,"£75,000-£99,999",Yes,Yes,2-3,Past week,Restaurant direct,4,3,4,5,4,3,4,4,4,4,3,3,4,30.52,Yes,Late delivery,Yes,6,No,More accurate delivery time estimates.,48.8,48.3,129.7,176.5,58.5,68.4
R00373,P100373,Complete,100,2026-07-08T18:17:40+01:00,2026-07-08T18:26:59+01:00,559,Desktop,Safari,Panel A,e128e879bd96,063f692256f3,74,65-74,Woman,West Midlands,Urban,Employed full-time,"£35,000-£49,999",No,Yes,2-3,Past week,Restaurant direct,6,7,7,4,5,5,4,7,6,7,6,3,5,23.51,No,,,,No,Reduce minimum order values.,48.0,68.3,119.2,147.4,35.3,94.2
R00374,P100374,Complete,100,2026-07-19T05:23:52+01:00,2026-07-19T05:34:12+01:00,620,Mobile,Chrome,Panel A,d5d46168abf0,5e335d8c2fc2,59,55-64,Woman,South East,Urban,Not currently employed,"£35,000-£49,999",No,Yes,2-3,Past week,MealDash,5,5,7,4,5,4,2,6,3,4,5,3,4,37.94,No,,,,No,Improve food temperature on longer deliveries.,48.2,118.1,131.0,133.6,78.3,41.1
R00375,P100375,Complete,100,2026-07-07T22:55:26+01:00,2026-07-07T23:03:27+01:00,481,Mobile,Safari,Panel B,1454575240bc,14240f8d163d,28,25-34,Woman,North West,Urban,Employed full-time,"£35,000-£49,999",No,Yes,4-5,Past week,Other,6,6,9,6,6,7,6,6,6,6,6,3,4,34.01,No,,,,No,Faster refunds when something goes wrong.,36.2,53.5,67.3,98.5,91.0,73.4
R00376,P100376,Complete,100,2026-07-11T03:32:22+01:00,2026-07-11T03:41:45+01:00,563,Mobile,Safari,Panel A,5438b4d8d70f,d152c82231e8,37,35-44,Man,Wales,Urban,Student,"Under £20,000",No,Yes,1,8-30 days ago,MealDash,5,5,6,5,6,5,4,4,5,4,4,3,5,47.45,No,,,,No,Nothing major; the service generally works well for me.,32.0,58.2,109.6,126.4,115.2,69.2
R00377,P100377,Complete,100,2026-07-10T07:38:44+01:00,2026-07-10T07:47:25+01:00,521,Desktop,Other,Panel A,d889ca5adf4b,5d53d9d82bfe,27,25-34,Man,Wales,Suburban,Employed full-time,"£50,000-£74,999",No,Yes,4-5,Past week,QuickBite,4,4,4,4,5,3,3,7,5,6,4,3,4,23.5,No,,,,No,Fewer missing items and clearer substitutions.,37.1,66.3,118.9,101.7,94.4,44.1
R00378,P100378,Complete,100,2026-07-09T07:56:19+01:00,2026-07-09T08:04:51+01:00,512,Mobile,Chrome,Panel A,0e8b4b478665,66b21d942d36,25,25-34,Man,Yorkshire and the Humber,Urban,Employed full-time,"£50,000-£74,999",No,Yes,2-3,Past week,QuickBite,5,5,9,6,4,5,4,5,7,6,4,3,4,37.82,No,,,,No,Reduce minimum order values.,55.0,84.5,103.9,92.8,82.8,40.4
R00379,P100379,Complete,100,2026-07-16T13:35:08+01:00,2026-07-16T13:42:11+01:00,423,Desktop,Safari,Panel A,625ca5f39b23,00b2fe75a6f7,33,25-34,Woman,North West,Urban,Student,"£100,000+",No,Yes,6-9,Past week,Restaurant direct,5,5,7,4,6,4,4,4,5,5,5,3,4,27.43,No,,,,No,"Lower delivery fees, especially on smaller orders.",37.7,28,103.1,96.3,58.2,75.1
R00380,P100380,Complete,100,2026-07-06T13:34:13+01:00,2026-07-06T13:44:39+01:00,626,Mobile,Chrome,Panel A,f1aed2cf3a91,cf390c7dbb87,36,35-44,Man,East of England,Suburban,Self-employed,Prefer not to say,No,Yes,2-3,Past week,MealDash,5,5,6,4,5,4,5,5,4,4,5,3,5,23.28,No,,,,No,Let customers edit an order for a short time after placing it.,35.0,86.2,156.0,113.3,71.9,98.6
R00381,P100381,Complete,100,2026-07-14T13:55:37+01:00,2026-07-14T14:04:21+01:00,524,Mobile,Edge,Panel B,03d7b664cc93,caee50b6035f,53,45-54,Man,East of England,Urban,Not currently employed,Prefer not to say,No,Yes,2-3,8-30 days ago,MealDash,3,3,3,3,3,3,2,3,3,4,3,3,3,19.5,Yes,Food arrived cold,Yes,4,No,Faster refunds when something goes wrong.,38.9,101.6,57.8,150.7,74.5,20.6
R00382,P100382,Complete,100,2026-07-12T10:51:49+01:00,2026-07-12T10:59:26+01:00,457,Mobile,Chrome,Panel B,0c979a7f0a0b,d6aa33660739,18,18-24,Man,Scotland,Urban,Self-employed,"£20,000-£34,999",Yes,Yes,6-9,Past week,MealDash,4,4,5,5,6,5,6,4,5,2,5,3,3,27.57,No,,,,No,Lower prices overall.,55.3,81.7,72.9,89.1,74.7,59.2
R00383,P100383,Complete,100,2026-07-17T15:16:34+01:00,2026-07-17T15:26:06+01:00,572,Tablet,Edge,Panel A,2fe472ce4330,6bbbc234b365,38,35-44,Woman,East Midlands,Rural,Employed part-time,"Under £20,000",Yes,Yes,2-3,8-30 days ago,MealDash,5,7,8,6,5,4,2,5,5,4,4,3,5,20.44,No,,,,No,Better tracking when the driver is close.,47.0,88.2,112.6,110.3,80.3,51.2
R00384,P100384,Complete,100,2026-07-18T21:35:46+01:00,2026-07-18T21:45:19+01:00,573,Mobile,Chrome,Panel B,bc4c814e7938,ef9dcbb966e3,26,25-34,Man,East of England,Rural,Student,"£100,000+",No,Yes,1,Past week,MealDash,4,4,5,4,4,4,3,5,6,4,5,5,5,36.75,Yes,Missing or incorrect items,Yes,4,No,More environmentally friendly packaging options.,35.0,56.2,109.3,122.4,78.9,85.5
R00385,P100385,Complete,100,2026-07-17T02:19:11+01:00,2026-07-17T02:28:46+01:00,575,Desktop,Edge,Panel A,1777158460a0,fcea266fa67b,32,25-34,Prefer not to say,Yorkshire and the Humber,Rural,Employed full-time,"£50,000-£74,999",No,Yes,4-5,Today,QuickBite,6,6,9,5,6,5,6,6,7,6,7,3,5,36.56,No,,,,No,Reduce minimum order values.,40.5,93.0,65.7,173.0,84.9,74.9
R00386,P100386,Complete,100,2026-07-15T22:52:18+01:00,2026-07-15T23:00:56+01:00,518,Mobile,Firefox,Panel A,322109dc6baf,59dfbeac4994,25,25-34,Woman,South West,Rural,Employed full-time,"£75,000-£99,999",No,Yes,2-3,Past week,QuickBite,6,7,9,6,7,5,5,7,5,7,7,3,5,17.91,No,,,,No,Improve the accuracy of map tracking.,43.1,109.0,84.1,79.6,76.2,56.3
R00387,P100387,Complete,100,2026-07-17T05:49:07+01:00,2026-07-17T05:59:36+01:00,629,Desktop,Chrome,Panel B,65e79841a671,f0c01fafdac3,59,55-64,Man,West Midlands,Urban,Retired,"£35,000-£49,999",Yes,Yes,10+,Past week,Other,6,6,9,5,5,6,5,6,5,6,5,3,6,22.12,No,,,,No,Better tracking when the driver is close.,34.0,96.2,112.4,98.8,108.3,72.4
R00388,P100388,Complete,100,2026-07-12T01:17:15+01:00,2026-07-12T01:26:14+01:00,539,Desktop,Safari,Panel B,c6142bc6df25,8343f57fa7a3,27,25-34,Man,North East,Suburban,Employed part-time,"£50,000-£74,999",Yes,Yes,4-5,Past week,QuickBite,5,7,7,6,5,6,6,6,6,5,6,3,4,55.09,No,,,,No,More accurate delivery time estimates.,46.4,86.1,89.0,115.0,60.7,56.2
R00389,P100389,Complete,100,2026-07-18T04:30:45+01:00,2026-07-18T04:38:58+01:00,493,Desktop,Chrome,Panel A,954ea2c0ca75,5e9c972813f8,35,35-44,Woman,London,Suburban,Employed full-time,"£35,000-£49,999",No,Yes,10+,Past week,Other,6,6,8,5,4,5,6,7,4,6,6,3,4,39.94,No,,,,No,qwerty,42.1,67.3,78.9,129.1,53.7,71.1
R00390,P100390,Complete,100,2026-07-17T06:43:59+01:00,2026-07-17T06:52:55+01:00,536,Mobile,Safari,Panel A,890eeb0d84cd,f91949998840,53,45-54,Woman,East of England,Urban,Employed full-time,Prefer not to say,No,Yes,2-3,8-30 days ago,Restaurant direct,3,3,4,3,2,3,3,5,6,2,2,3,3,56.32,Yes,Late delivery,No,,Yes,More consistent delivery times at weekends.,57.1,50.4,66.4,148.2,100.1,41.3
R00391,P100391,Complete,100,2026-07-17T21:07:11+01:00,2026-07-17T21:18:12+01:00,661,Mobile,Chrome,Panel A,2db6f9996c1e,cafae92e3f45,35,35-44,Man,East of England,Urban,Self-employed,Prefer not to say,No,Yes,2-3,8-30 days ago,Other,6,5,7,5,6,7,7,5,6,5,4,3,5,42.57,No,,,,No,Better tracking when the driver is close.,55.7,125.6,180.6,98.1,67.1,81.4
R00392,P100392,Complete,100,2026-07-17T04:10:34+01:00,2026-07-17T04:19:17+01:00,523,Mobile,Edge,Panel B,4d5308650221,30f4998ac359,46,45-54,Woman,East Midlands,Urban,Employed full-time,"£35,000-£49,999",Yes,Yes,1,Past week,Restaurant direct,5,7,8,6,6,6,6,6,5,5,6,3,6,21.53,Yes,Missing or incorrect items,No,,Yes,"Lower delivery fees, especially on smaller orders.",34.8,103.6,76.6,107.0,84.1,74.5
R00393,P100393,Complete,100,2026-07-10T06:24:49+01:00,2026-07-10T06:32:54+01:00,485,Mobile,Safari,Panel A,ee7fb35bea77,5e53d3f8eee2,47,45-54,Man,South East,Rural,Self-employed,Prefer not to say,No,Yes,4-5,Past week,Other,6,7,8,6,7,7,6,7,7,7,7,3,7,21.69,No,,,,No,Nothing major; the service generally works well for me.,54.8,59.1,42.7,126.2,87.8,38.2
R00394,P100394,Complete,100,2026-07-19T08:09:19+01:00,2026-07-19T08:18:04+01:00,525,Mobile,Chrome,Panel C,34038619d95d,35abad903f41,22,18-24,Man,West Midlands,Suburban,Student,"£20,000-£34,999",Yes,Yes,6-9,Today,FoodGo,5,6,7,4,6,5,6,6,6,5,4,3,5,30.83,No,,,,Yes,Faster refunds when something goes wrong.,57.7,41.3,152.4,97.9,45.3,60.4
R00395,P100395,Complete,100,2026-07-08T23:09:14+01:00,2026-07-08T23:19:02+01:00,588,Desktop,Safari,Panel A,347964d80598,5cb55ab7a3d8,55,55-64,Woman,Wales,Suburban,Student,"£20,000-£34,999",No,Yes,6-9,Today,QuickBite,6,6,8,6,4,7,5,6,6,6,5,3,6,13.69,No,,,,No,Improve food temperature on longer deliveries.,27.2,56.8,124.0,124.1,78.1,105.7
R00396,P100396,Complete,100,2026-07-18T08:00:38+01:00,2026-07-18T08:10:34+01:00,596,Tablet,Edge,Panel B,16d6582538d7,b36e1900f924,53,45-54,Prefer not to say,North East,Urban,Employed full-time,"£35,000-£49,999",No,Yes,1,8-30 days ago,MealDash,6,7,10,6,7,5,7,7,7,6,6,3,6,34.72,No,,,,No,Show unavailable items before I start ordering.,31.9,78.0,99.5,92.3,133.3,60.8
R00397,P100397,Complete,100,2026-07-11T18:40:49+01:00,2026-07-11T18:43:06+01:00,137,Mobile,Safari,Panel B,ae669ae32579,7f1bcbdfb0e6,39,35-44,Woman,East Midlands,Urban,Employed full-time,"£50,000-£74,999",No,Yes,2-3,Past week,Restaurant direct,5,6,7,6,6,6,4,5,4,5,5,3,4,32.51,No,,,,No,More accurate delivery time estimates.,12.4,14.6,27.5,34.0,20.6,15.9
R00398,P100398,Complete,100,2026-07-10T06:29:55+01:00,2026-07-10T06:39:51+01:00,596,Desktop,Chrome,Panel A,cc273168c07f,1909f01f6fe4,60,55-64,Woman,West Midlands,Urban,Employed full-time,"£35,000-£49,999",No,Yes,0,31-90 days ago,FoodGo,6,6,10,7,6,6,6,7,6,7,6,6,7,47.44,No,,,,No,Lower prices overall.,45.7,60.3,102.5,132.9,72.4,91.6
R00399,P100399,Complete,100,2026-07-19T09:46:27+01:00,2026-07-19T09:55:46+01:00,559,Mobile,Firefox,Panel B,7d35bd9a0077,70c09229a34e,26,25-34,Man,Scotland,Suburban,Employed full-time,"£35,000-£49,999",No,Yes,1,8-30 days ago,Restaurant direct,6,7,8,7,6,5,4,6,5,5,4,3,5,20.88,No,,,,No,"Lower delivery fees, especially on smaller orders.",65.3,34.7,68.1,124.4,56.1,121.7
R00400,P100400,Complete,100,2026-07-08T20:37:51+01:00,2026-07-08T20:48:07+01:00,616,Mobile,Safari,Panel B,7c709de869b3,d218551b6adf,79,18-24,Woman,North East,Rural,Student,"£20,000-£34,999",Yes,Yes,4-5,Past week,QuickBite,5,6,6,6,6,4,5,7,6,5,4,3,6,28.88,No,,,,Yes,More responsive customer support.,30.2,85.3,132.0,138.9,81.8,88.4
R00401,P100401,Complete,100,2026-07-09T17:43:38+01:00,2026-07-09T17:51:56+01:00,498,Tablet,Firefox,Panel C,f4a271d25aae,85ef7b81acb2,19,18-24,Man,East of England,Suburban,Employed full-time,"£75,000-£99,999",No,Yes,0,8-30 days ago,MealDash,6,5,9,6,7,5,4,7,7,7,5,3,6,35.44,No,,,,No,More restaurant choice in my area.,28.5,62.2,135.2,133.3,61.6,49.3
R00402,P100402,Complete,100,2026-07-10T08:04:09+01:00,2026-07-10T08:06:24+01:00,135,Mobile,Safari,Panel C,e54358194410,c1fe45e871a1,27,25-34,Man,South West,Rural,Employed full-time,"£50,000-£74,999",No,Yes,4-5,Past week,QuickBite,6,6,7,5,6,5,6,6,5,7,4,3,5,25.99,No,,,,No,"Better offers for existing customers, not just new users.",42.6,10.1,15.4,3,33.1,19.7
R00403,P100403,Complete,100,2026-07-08T22:51:42+01:00,2026-07-08T22:53:44+01:00,122,Mobile,Chrome,Panel A,aaaae68b2402,6e0bc966cc41,57,55-64,Woman,West Midlands,Suburban,Employed full-time,"£35,000-£49,999",No,Yes,0,Past week,QuickBite,3,3,4,2,3,2,2,3,2,3,3,3,2,39.43,No,,,,No,Reduce minimum order values.,22.6,11.4,3.7,15.4,22.0,36.9
R00404,P100404,Complete,100,2026-07-08T04:55:21+01:00,2026-07-08T05:06:01+01:00,640,Mobile,Safari,Panel B,290c87a110d5,88a27b96bae2,40,35-44,Woman,Yorkshire and the Humber,Urban,Not currently employed,"Under £20,000",No,Yes,1,8-30 days ago,FoodGo,5,6,5,6,5,5,4,7,7,4,5,3,5,33.13,No,,,,No,More restaurant choice in my area.,34.9,108.2,120.1,160.1,74.5,74.2
R00405,P100405,Complete,100,2026-07-19T22:32:06+01:00,2026-07-19T22:41:10+01:00,544,Mobile,Safari,Panel C,e2de44e78725,168a8be21441,31,25-34,Man,South East,Suburban,Employed full-time,"£50,000-£74,999",Yes,Yes,6-9,Past week,FoodGo,4,5,6,3,4,5,3,4,5,4,5,3,4,32.55,No,,,,Yes,Give drivers clearer instructions for flats and apartment buildings.,45.2,52.2,139.0,98.0,94.3,43.3
R00406,P100406,Complete,100,2026-07-16T20:32:57+01:00,2026-07-16T20:41:57+01:00,540,Mobile,Chrome,Panel B,16a73cf94d00,e1b1d689d5c6,24,18-24,Man,South West,Urban,Self-employed,"£100,000+",No,Yes,2-3,Past week,MealDash,3,5,3,3,4,3,4,2,3,5,3,3,2,44.36,No,,,,No,Faster refunds when something goes wrong.,62.5,73.7,139.0,78.1,38.6,40.1
R00407,P100407,Complete,100,2026-07-18T04:56:57+01:00,2026-07-18T05:06:05+01:00,548,Mobile,Chrome,Panel C,56c4e2e0bcb8,0261aa0dab01,37,35-44,Man,South West,Urban,Employed part-time,"£20,000-£34,999",No,Yes,2-3,8-30 days ago,QuickBite,4,4,4,4,2,5,4,5,3,5,3,3,3,33.33,Yes,Missing or incorrect items,Yes,5,No,"Lower delivery fees, especially on smaller orders.",31.2,67.2,103.1,173.1,69.4,19.4
R00408,P100408,Complete,100,2026-07-09T09:01:21+01:00,2026-07-09T09:10:53+01:00,572,Desktop,Edge,Panel B,57f1e4ceef96,fc7983fc93c3,71,65-74,Man,Yorkshire and the Humber,Urban,Self-employed,"£20,000-£34,999",No,Yes,4-5,Today,QuickBite,5,4,8,4,4,4,4,4,4,4,4,3,5,61.4,No,,,,No,Improve the accuracy of map tracking.,38.8,67.6,81.6,129.7,83.5,79.5
R00409,P100409,Complete,100,2026-07-14T12:42:01+01:00,2026-07-14T12:52:11+01:00,610,Mobile,Safari,Panel C,fcdf6a5fb993,e4b69f343d45,29,25-34,Woman,London,Suburban,Retired,"£75,000-£99,999",No,Yes,1,8-30 days ago,FoodGo,4,4,6,4,5,5,2,6,5,5,3,3,5,39.85,Yes,Missing or incorrect items,No,,Yes,Let customers edit an order for a short time after placing it.,49.5,85.3,103.6,129.2,56.3,102.6
R00410,P100410,Complete,100,2026-07-19T11:57:23+01:00,2026-07-19T12:07:27+01:00,604,Mobile,Chrome,Panel B,ced4909ca7e4,160dfa968b17,52,45-54,Man,East of England,Suburban,Employed part-time,"£75,000-£99,999",Yes,Yes,6-9,Past week,Restaurant direct,4,5,5,2,3,4,4,4,6,4,4,3,5,23.51,No,,,,No,More accurate delivery time estimates.,59.4,100.7,81.1,131.3,58.1,85.6
R00411,P100411,Complete,100,2026-07-09T13:15:18+01:00,2026-07-09T13:17:20+01:00,122,Mobile,Firefox,Panel A,bc06dd8a7178,4b5985d3b121,41,35-44,Man,South West,Urban,Employed part-time,"Under £20,000",No,Yes,4-5,Past week,FoodGo,5,5,5,6,5,5,4,6,6,7,5,3,4,40.83,Yes,Missing or incorrect items,No,,Yes,blah blah,14.8,3,50.2,14.9,29.1,3
R00412,P100412,Complete,100,2026-07-19T04:10:33+01:00,2026-07-19T04:19:53+01:00,560,Mobile,Chrome,Panel A,57fc3fb15528,0ae3b542f390,69,65-74,Woman,London,Rural,Employed full-time,"Under £20,000",No,Yes,0,31-90 days ago,FoodGo,3,4,4,2,4,3,4,5,4,3,3,3,2,13.3,No,,,,No,More restaurant choice in my area.,64.2,105.1,110.8,129.7,71.1,19.4
R00413,P100413,Complete,100,2026-07-10T11:52:57+01:00,2026-07-10T12:01:34+01:00,517,Desktop,Other,Panel B,a72e149d9405,61277916cbdd,45,45-54,Man,South West,Urban,Self-employed,"Under £20,000",No,Yes,1,Past week,FoodGo,4,4,4,1,4,4,3,3,3,4,2,3,3,31.65,No,,,,No,Lower prices overall.,46.2,38.5,119.6,94.9,67.5,56.2
R00414,P100414,Complete,100,2026-07-12T01:37:58+01:00,2026-07-12T01:45:57+01:00,479,Desktop,Edge,Panel B,dfc31ab141d3,416fd5dae4c0,27,25-34,Man,West Midlands,Urban,Not currently employed,"£35,000-£49,999",No,Yes,4-5,Past week,FoodGo,5,5,2,6,4,3,6,5,3,5,4,3,5,33.58,No,,,,No,Reduce minimum order values.,49.8,59.8,90.1,135.2,58.1,31.3
R00415,P100415,Complete,100,2026-07-19T05:47:24+01:00,2026-07-19T05:57:44+01:00,620,Mobile,Chrome,Panel C,bfdb27397e5d,0b2bc431fa8d,43,35-44,Man,Northern Ireland,Urban,Employed full-time,"£20,000-£34,999",No,Yes,2-3,Past week,MealDash,5,6,7,5,4,5,4,6,4,5,4,3,4,35.42,No,,,,No,More restaurant choice in my area.,64.6,111.2,95.6,193.1,91.8,19.4
R00416,P100416,Complete,100,2026-07-16T02:57:00+01:00,2026-07-16T03:05:19+01:00,499,Mobile,Chrome,Panel B,8707b868780e,c3d872f10857,57,55-64,Woman,London,Urban,Retired,"£35,000-£49,999",Yes,Yes,4-5,Today,MealDash,5,6,8,5,5,4,4,5,5,6,4,3,5,26.96,No,,,,No,Nothing major; the service generally works well for me.,28.1,64.9,128.8,53.7,92.7,52.1
R00417,P100417,Complete,100,2026-07-17T13:20:03+01:00,2026-07-17T13:28:44+01:00,521,Desktop,Safari,Panel C,5120ec8c3a18,4e54bba63042,22,18-24,Man,Yorkshire and the Humber,Rural,Employed full-time,"£100,000+",Yes,Yes,6-9,Today,FoodGo,6,7,8,6,6,6,6,5,6,7,6,3,5,35.77,No,,,,Yes,More accurate delivery time estimates.,59.3,33.4,105.0,137.3,76.9,54.0
R00418,P100418,Complete,100,2026-07-17T03:18:14+01:00,2026-07-17T03:26:15+01:00,481,Mobile,Safari,Panel C,33e61e7fd41f,84945b68a340,36,35-44,Man,London,Urban,Employed full-time,"£20,000-£34,999",No,Yes,10+,Past week,MealDash,6,6,6,5,7,4,6,6,6,5,7,3,7,23.68,No,,,,No,More environmentally friendly packaging options.,29.2,61.4,143.5,76.5,57.4,65.7
R00419,P100419,Complete,100,2026-07-13T23:28:53+01:00,2026-07-13T23:38:31+01:00,578,Mobile,Chrome,Panel B,70fdd805a0d4,a1ebf6137e97,42,35-44,Woman,Scotland,Rural,Self-employed,"£75,000-£99,999",Yes,Yes,4-5,Past week,QuickBite,5,5,6,5,5,5,4,6,6,5,4,3,4,21.49,No,,,,No,Better tracking when the driver is close.,55.7,58.7,152.3,133.4,101.1,52.6
R00420,P100420,Complete,100,2026-07-11T19:42:30+01:00,2026-07-11T19:53:38+01:00,668,Mobile,Safari,Panel B,db468d63bad5,6267bfd2734e,74,65-74,Woman,West Midlands,Suburban,Employed full-time,"£50,000-£74,999",No,Yes,1,8-30 days ago,Restaurant direct,5,5,6,4,4,5,5,5,5,4,4,3,6,29.74,No,,,,No,Show unavailable items before I start ordering.,62.9,129.1,136.3,132.4,65.6,81.9
R00421,P100421,Complete,100,2026-07-08T13:48:33+01:00,2026-07-08T13:59:05+01:00,632,Mobile,Safari,Panel C,12973ad5f608,1f4d5e661ea9,53,45-54,Man,East of England,Urban,Employed part-time,"£75,000-£99,999",Yes,Yes,1,8-30 days ago,QuickBite,6,6,8,7,7,6,7,7,5,4,4,3,6,52.48,No,,,,No,Better loyalty rewards.,43.9,82.6,113.8,84.9,129.2,105.7
R00422,P100422,Complete,100,2026-07-20T16:07:44+01:00,2026-07-20T16:15:43+01:00,479,Desktop,Firefox,Panel B,7597f67ddb49,b084a4ddf7c2,40,35-44,Man,East Midlands,Urban,Employed full-time,"£35,000-£49,999",Yes,Yes,4-5,Past week,MealDash,4,5,4,6,5,3,3,3,5,4,4,3,4,32.09,Yes,Missing or incorrect items,Yes,6,No,Better loyalty rewards.,54.2,86.7,65.6,98.3,77.1,47.7
R00423,P100423,Complete,100,2026-07-20T14:43:02+01:00,2026-07-20T14:53:15+01:00,613,Desktop,Edge,Panel C,153ad3d8824a,12a61900d5d2,39,35-44,Man,Yorkshire and the Humber,Suburban,Employed full-time,"£50,000-£74,999",No,Yes,0,31-90 days ago,QuickBite,3,3,4,5,4,4,3,4,3,4,3,3,2,27.76,Yes,Payment or refund issue,Yes,3,No,Reduce minimum order values.,44.5,83.9,122.4,141.4,55.2,107.2
R00424,P100424,Complete,100,2026-07-12T23:46:19+01:00,2026-07-12T23:54:57+01:00,518,Desktop,Chrome,Panel A,f13e8258ea4a,ab8901b3f9fd,42,35-44,Man,Scotland,Urban,Retired,"£35,000-£49,999",No,Yes,4-5,Past week,FoodGo,5,5,5,5,4,3,5,4,5,5,5,3,5,26.21,No,,,,Yes,"Better offers for existing customers, not just new users.",42.7,66.9,163.6,90.2,55.7,73.1
R00425,P100425,Complete,100,2026-07-09T23:18:49+01:00,2026-07-09T23:29:27+01:00,638,Mobile,Safari,Panel C,bbbdf56495dc,317909784adf,47,45-54,Woman,Yorkshire and the Humber,Urban,Employed part-time,"£50,000-£74,999",No,Yes,6-9,Past week,FoodGo,4,5,6,5,4,4,4,4,6,2,4,3,4,12.97,No,,,,No,More environmentally friendly packaging options.,59.8,80.0,130.5,100.6,64.6,122.1
R00426,P100426,Complete,100,2026-07-15T11:20:00+01:00,2026-07-15T11:29:11+01:00,551,Desktop,Safari,Panel B,937885ac9edb,45d0c729c906,48,45-54,Woman,North West,Suburban,Not currently employed,"£20,000-£34,999",No,Yes,0,8-30 days ago,FoodGo,6,6,8,6,6,6,7,6,6,7,5,3,6,28.55,No,,,,No,More accurate delivery time estimates.,42.2,61.6,124.3,153.0,68.4,59.4
R00427,P100427,Complete,100,2026-07-18T04:16:10+01:00,2026-07-18T04:25:38+01:00,568,Desktop,Chrome,Panel A,665653841b84,954e4982ce0c,29,25-34,Woman,London,Urban,Employed full-time,"£50,000-£74,999",No,Yes,4-5,Today,Restaurant direct,7,7,10,7,7,5,5,5,7,7,5,3,6,16.73,No,,,,Yes,"Better offers for existing customers, not just new users.",30.7,81.9,141.3,145.9,82.1,51.5
R00428,P100428,Complete,100,2026-07-06T11:43:19+01:00,2026-07-06T11:50:18+01:00,419,Mobile,Safari,Panel A,299a82cbf67d,24fee5c537c3,40,35-44,Man,South West,Urban,Employed part-time,Prefer not to say,No,Yes,1,8-30 days ago,Restaurant direct,5,5,9,7,6,4,5,5,7,6,4,3,5,17.75,No,,,,Yes,Lower prices overall.,49.4,44.8,83.1,60.5,54.8,86.6
R00429,P100429,Complete,100,2026-07-16T10:20:10+01:00,2026-07-16T10:30:01+01:00,591,Desktop,Chrome,Panel B,78ef6262c3d4,f738a09f0033,31,25-34,Non-binary,Yorkshire and the Humber,Rural,Student,Prefer not to say,Yes,Yes,2-3,Past week,QuickBite,5,5,8,5,4,6,5,6,6,6,5,3,7,41.81,Yes,Missing or incorrect items,No,,No,12345,54.8,94.9,106.0,94.3,91.3,82.2
R00430,P100430,Complete,100,2026-07-15T05:25:52+01:00,2026-07-15T05:33:49+01:00,477,Desktop,Safari,Panel A,da02a1b1de5e,aeb2078d7642,40,35-44,Woman,South West,Suburban,Student,"Under £20,000",No,Yes,0,8-30 days ago,MealDash,4,4,7,3,2,5,4,5,5,4,3,3,5,17.0,No,,,,Yes,Improve the accuracy of map tracking.,42.9,69.1,86.8,57.2,70.3,118.1
R00431,P100431,Complete,100,2026-07-19T16:58:37+01:00,2026-07-19T17:07:12+01:00,515,Desktop,Chrome,Panel A,a9b7a32e5e2c,55b2eb1a1b4a,38,35-44,Man,East of England,Rural,Not currently employed,"£100,000+",Yes,Yes,2-3,Past week,QuickBite,4,3,6,2,4,3,3,6,2,3,4,3,3,27.44,Yes,Missing or incorrect items,Yes,4,No,"Lower delivery fees, especially on smaller orders.",32.4,38.9,105.3,146.4,76.1,43.0
R00432,P100432,Complete,100,2026-07-14T23:57:25+01:00,2026-07-14T23:59:42+01:00,137,Mobile,Firefox,Panel C,7dbf2dc5c2f9,c0b1c411e2da,63,55-64,Woman,South West,Urban,Employed full-time,"Under £20,000",Yes,Yes,2-3,Past week,QuickBite,4,5,5,3,4,4,5,4,5,4,4,3,3,63.51,No,,,,No,Give drivers clearer instructions for flats and apartment buildings.,14.3,22.7,32.1,4.9,45.1,5.9
R00433,P100433,Complete,100,2026-07-13T17:19:58+01:00,2026-07-13T17:28:14+01:00,496,Desktop,Chrome,Panel A,bc41959aaf45,0db33860580e,19,18-24,Prefer not to say,East Midlands,Urban,Employed part-time,"Under £20,000",No,Yes,4-5,Today,QuickBite,5,6,6,4,4,4,4,4,4,4,4,3,3,14.92,No,,,,No,"Better offers for existing customers, not just new users.",35.1,73.4,157.1,71.8,74.8,18
R00434,P100434,Complete,100,2026-07-13T16:16:56+01:00,2026-07-13T16:25:23+01:00,507,Mobile,Chrome,Panel C,543016dca9e1,8f3fc7044d12,30,25-34,Woman,Scotland,Urban,Employed part-time,"£100,000+",Yes,Yes,2-3,Past week,QuickBite,5,4,4,5,5,5,5,4,4,4,5,3,4,22.54,No,,,,No,Reduce minimum order values.,25.4,89.6,97.2,98.3,74.8,43.1
R00435,P100435,Complete,100,2026-07-06T13:55:30+01:00,2026-07-06T14:04:30+01:00,540,Mobile,Chrome,Panel A,cf61a52d183a,90ed2839b56d,35,35-44,Woman,London,Suburban,Student,"£20,000-£34,999",No,Yes,1,Past week,MealDash,4,4,4,4,5,4,4,5,6,4,5,3,3,45.7,Yes,Food arrived cold,No,,Yes,Lower prices overall.,42.6,86.4,93.6,170.5,36.2,82.1
R00436,P100436,Complete,100,2026-07-13T21:22:28+01:00,2026-07-13T21:31:45+01:00,557,Desktop,Safari,Panel A,2a2a6792ddb0,53fcbc5d3f68,27,25-34,Woman,East Midlands,Rural,Employed full-time,"£20,000-£34,999",Yes,Yes,2-3,Past week,FoodGo,5,6,5,6,3,6,4,5,6,4,4,3,4,19.71,No,,,,No,More consistent delivery times at weekends.,43.8,66.3,110.5,107.3,57.8,95.8
R00437,P100437,Complete,100,2026-07-11T21:15:25+01:00,2026-07-11T21:26:18+01:00,653,Mobile,Other,Panel B,805dd9d81485,bab065f72a91,60,55-64,Man,London,Suburban,Employed full-time,Prefer not to say,No,Yes,1,8-30 days ago,Restaurant direct,5,5,8,6,6,6,4,6,4,4,4,3,4,20.29,No,,,,Yes,"Lower delivery fees, especially on smaller orders.",41.6,37.5,138.8,128.9,110.8,101.9
R00438,P100438,Complete,100,2026-07-08T18:58:54+01:00,2026-07-08T19:07:42+01:00,528,Mobile,Safari,Panel A,2814377237d8,a3206964889e,63,55-64,Woman,Yorkshire and the Humber,Urban,Employed full-time,"£50,000-£74,999",No,Yes,1,8-30 days ago,Other,6,6,9,6,7,6,5,6,6,7,5,3,5,34.44,No,,,,No,More accurate delivery time estimates.,54.3,81.1,80.6,106.5,66.8,74.0
R00439,P100439,Complete,100,2026-07-16T23:59:34+01:00,2026-07-17T00:08:45+01:00,551,Mobile,Chrome,Panel A,2d311b381abe,fd8fd6541ed4,43,35-44,Man,Yorkshire and the Humber,Urban,Employed full-time,"Under £20,000",No,Yes,4-5,Past week,FoodGo,6,6,7,6,5,6,5,7,7,5,6,3,6,20.45,No,,,,No,Faster refunds when something goes wrong.,43.5,66.9,153.0,84.9,76.5,48.0
R00440,P100440,Complete,100,2026-07-17T09:50:42+01:00,2026-07-17T10:00:34+01:00,592,Mobile,Safari,Panel A,b3b5182bebfa,01ac1a367604,46,45-54,Woman,London,Rural,Employed full-time,"Under £20,000",No,Yes,6-9,Past week,FoodGo,5,5,8,5,5,6,5,5,4,3,5,3,4,27.51,No,,,,No,"Lower delivery fees, especially on smaller orders.",47.2,71.7,126.2,131.5,37.6,80.1
R00441,P100441,Complete,100,2026-07-13T05:05:38+01:00,2026-07-13T05:16:01+01:00,623,Mobile,Chrome,Panel A,de5509c5b237,91275766aed8,23,18-24,Man,Wales,Suburban,Self-employed,"£100,000+",No,Yes,4-5,Today,Restaurant direct,7,7,9,7,7,7,6,7,7,7,7,3,7,80.27,No,,,,Yes,More consistent delivery times at weekends.,64.0,52.6,89.0,131.6,95.0,98.3
R00442,P100442,Complete,100,2026-07-10T13:23:49+01:00,2026-07-10T13:34:26+01:00,637,Mobile,Chrome,Panel B,9b6c52517c8b,04b37266557d,27,25-34,Woman,West Midlands,Suburban,Employed full-time,"£20,000-£34,999",No,Yes,4-5,Past week,QuickBite,5,5,8,4,4,4,4,5,5,5,5,3,3,21.25,No,,,,No,Let customers edit an order for a short time after placing it.,35.9,51.1,148.2,125.4,85.7,120.8
R00443,P100443,Complete,100,2026-07-08T22:53:43+01:00,2026-07-08T23:02:58+01:00,555,Mobile,Chrome,Panel B,88c537a81095,eb11622180eb,27,25-34,Man,North West,Suburban,Employed full-time,"£75,000-£99,999",No,Yes,0,31-90 days ago,MealDash,4,5,5,5,5,5,5,5,5,5,5,3,4,38.58,Yes,Missing or incorrect items,Yes,4,No,More restaurant choice in my area.,41.1,106.0,109.0,99.0,75.6,76.9
R00444,P100444,Complete,100,2026-07-10T18:20:48+01:00,2026-07-10T18:30:44+01:00,596,Desktop,Edge,Panel A,4dc7166b0c1b,c07dac37af73,41,35-44,Woman,South East,Urban,Employed full-time,"£20,000-£34,999",No,Yes,6-9,Past week,MealDash,6,4,8,7,6,7,7,7,6,7,7,3,5,27.47,No,,,,No,test,44.3,86.8,135.6,103.2,94.0,38.8
R00445,P100445,Complete,100,2026-07-09T20:04:40+01:00,2026-07-09T20:13:13+01:00,513,Desktop,Other,Panel A,86f20d00ce34,cd6fd6ef6a50,21,18-24,Woman,South West,Suburban,Retired,Prefer not to say,No,Yes,6-9,Past week,QuickBite,5,5,5,6,4,6,4,6,7,6,4,3,5,32.54,No,,,,No,Improve food temperature on longer deliveries.,42.4,116.6,82.9,120.5,69.7,18
R00446,P100446,Complete,100,2026-07-13T02:55:15+01:00,2026-07-13T03:04:32+01:00,557,Desktop,Chrome,Panel C,74e1bcb43c3a,177043fa9468,71,65-74,Woman,East of England,Urban,Employed part-time,"£35,000-£49,999",No,Yes,1,8-30 days ago,FoodGo,6,6,7,6,6,5,4,6,7,7,7,3,7,36.46,No,,,,Yes,none none none,57.8,68.0,109.5,122.7,103.8,35.2
R00447,P100447,Complete,100,2026-07-13T15:56:48+01:00,2026-07-13T16:05:43+01:00,535,Mobile,Safari,Panel C,6b0638a46cd9,255a956d80a4,29,25-34,Woman,North West,Urban,Self-employed,"£75,000-£99,999",No,Yes,1,8-30 days ago,QuickBite,4,3,5,6,3,4,3,5,5,4,3,5,3,28.67,No,,,,No,Faster refunds when something goes wrong.,51.6,88.4,97.2,72.8,65.6,82.0
R00448,P100448,Complete,100,2026-07-10T06:28:59+01:00,2026-07-10T06:38:09+01:00,550,Mobile,Chrome,Panel A,d0120cc305ce,b08259288fbb,59,55-64,Man,South East,Urban,Employed full-time,"£20,000-£34,999",Yes,Yes,10+,More than 3 months ago,FoodGo,5,5,8,6,5,4,5,4,4,4,5,3,5,17.49,No,,,,No,Reduce minimum order values.,51.0,76.9,102.5,152.8,92.6,23.3
R00449,P100449,Complete,100,2026-07-10T12:50:37+01:00,2026-07-10T12:59:34+01:00,537,Desktop,Chrome,Panel A,ad00cc1e7be4,6e43b234a935,49,45-54,Man,London,Urban,Student,"£50,000-£74,999",No,Yes,1,8-30 days ago,Restaurant direct,6,6,10,5,7,6,6,7,7,4,7,3,6,36.34,No,,,,No,"Lower delivery fees, especially on smaller orders.",32.1,83.5,80.7,128.6,74.8,74.7
R00450,P100450,Complete,100,2026-07-14T13:44:56+01:00,2026-07-14T13:53:14+01:00,498,Desktop,Firefox,Panel A,93c92d31c914,42e017d909ad,27,25-34,Woman,South West,Urban,Employed full-time,"£35,000-£49,999",Yes,Yes,2-3,Past week,MealDash,5,5,9,4,6,5,4,6,4,7,4,3,5,33.24,Yes,Late delivery,No,,Yes,Reduce minimum order values.,28.3,98.3,101.2,83.9,64.1,42.1
R00451,P100451,Complete,100,2026-07-18T15:42:05+01:00,2026-07-18T15:50:08+01:00,483,Mobile,Chrome,Panel B,6c85ee7c9d17,84f8f8f37f63,22,18-24,Woman,South West,Urban,Student,"£50,000-£74,999",Yes,Yes,10+,Today,Restaurant direct,5,6,7,4,6,6,5,6,5,6,5,1,6,61.4,No,,,,Yes,Let customers edit an order for a short time after placing it.,49.7,30.2,92.4,139.9,49.4,37.6
R00452,P100452,Complete,100,2026-07-10T06:43:40+01:00,2026-07-10T06:51:07+01:00,447,Mobile,Chrome,Panel A,9b9c41aa84fa,0841be00682d,52,45-54,Woman,North West,Urban,Employed full-time,Prefer not to say,No,Yes,1,8-30 days ago,MealDash,6,7,8,6,5,4,6,6,7,6,6,3,5,20.8,No,,,,No,More consistent delivery times at weekends.,49.0,57.6,126.6,95.6,34.9,20.6
R00453,P100453,Complete,100,2026-07-08T21:58:36+01:00,2026-07-08T22:08:28+01:00,592,Mobile,Chrome,Panel A,7a9812229c45,ee595ef2f05c,35,35-44,Man,East of England,Urban,Not currently employed,Prefer not to say,No,Yes,4-5,Past week,QuickBite,5,4,8,7,6,6,5,6,5,4,5,1,4,52.81,No,,,,No,More accurate delivery time estimates.,35.4,69.4,86.8,147.1,95.8,61.7
R00454,P100454,Complete,100,2026-07-07T15:42:55+01:00,2026-07-07T15:51:07+01:00,492,Desktop,Safari,Panel A,3abedb1e5b02,3e2736e5bc40,67,65-74,Woman,London,Urban,Not currently employed,"£50,000-£74,999",No,Yes,2-3,Past week,QuickBite,6,7,9,5,5,7,5,7,7,7,6,3,7,11.84,No,,,,Yes,x,34.0,68.4,109.7,55.1,65.9,74.3
R00455,P100455,Complete,100,2026-07-15T18:33:32+01:00,2026-07-15T18:42:47+01:00,555,Mobile,Edge,Panel A,97f71a35ca7b,145fe2fb52de,49,45-54,Man,Scotland,Suburban,Employed part-time,"Under £20,000",Yes,Yes,1,8-30 days ago,Other,6,6,8,5,6,6,6,6,5,6,5,3,6,44.03,No,,,,Yes,Improve the accuracy of map tracking.,47.3,52.8,107.4,114.8,122.8,71.4
R00456,P100456,Complete,100,2026-07-13T17:50:13+01:00,2026-07-13T17:58:02+01:00,469,Mobile,Edge,Panel B,9b8d83025e59,6cd5fab1ddb7,22,18-24,Woman,South West,Suburban,Retired,"£20,000-£34,999",No,Yes,2-3,8-30 days ago,Other,6,6,8,6,7,5,5,4,6,6,5,3,5,30.72,No,,,,No,More environmentally friendly packaging options.,52.8,78.1,102.1,102.7,30.7,68.1
R00457,P100457,Complete,100,2026-07-07T15:07:05+01:00,2026-07-07T15:16:17+01:00,552,Desktop,Chrome,Panel C,f30f74c61b2c,15f1471c0e03,47,45-54,Woman,North West,Urban,Student,"£75,000-£99,999",No,Yes,4-5,Past week,FoodGo,7,7,10,7,7,7,7,7,7,7,7,3,7,38.1,No,,,,No,More responsive customer support.,28.8,70.8,137.1,97.6,91.1,49.3
R00458,P100458,Complete,100,2026-07-11T18:56:45+01:00,2026-07-11T19:04:12+01:00,447,Desktop,Chrome,Panel B,12bd409074b2,7bc80171547c,42,35-44,Woman,West Midlands,Suburban,Employed full-time,"Under £20,000",No,Yes,0,31-90 days ago,FoodGo,5,6,8,6,6,6,6,6,6,6,6,3,5,12.33,No,,,,Yes,Show unavailable items before I start ordering.,30.7,56.5,79.7,72.0,59.7,83.0
R00459,P100459,Complete,100,2026-07-10T23:06:30+01:00,2026-07-10T23:17:23+01:00,653,Mobile,Chrome,Panel B,b71f15b6250b,4d7c8e459f20,59,55-64,Man,East of England,Urban,Student,"£50,000-£74,999",Yes,Yes,1,8-30 days ago,MealDash,5,5,8,7,7,4,6,4,5,4,6,3,5,33.42,No,,,,No,More accurate delivery time estimates.,53.8,95.2,89.9,136.5,51.8,165.0
R00460,P100460,Complete,100,2026-07-13T06:27:37+01:00,2026-07-13T06:32:15+01:00,278,Tablet,Chrome,Panel C,45fb0d69561b,1480b4f73d7b,63,55-64,Woman,Yorkshire and the Humber,Rural,Retired,"£35,000-£49,999",Yes,Yes,2-3,Past week,MealDash,4,7,5,6,6,6,6,6,6,6,6,3,3,20.03,No,,,,No,Make service charges easier to understand before checkout.,36.2,67.5,68.2,127.4,65.9,53.7
R00461,P100461,Complete,100,2026-07-08T02:51:14+01:00,2026-07-08T03:00:59+01:00,585,Mobile,Chrome,Panel B,9d0d8f747741,68fc1f3e51f1,57,55-64,Woman,Scotland,Rural,Self-employed,"£20,000-£34,999",Yes,Yes,4-5,Past week,MealDash,6,6,9,7,7,5,5,6,6,6,4,3,7,69.21,No,,,,No,Give drivers clearer instructions for flats and apartment buildings.,46.8,52.4,108.1,115.8,105.9,88.5
R00462,P100462,Complete,100,2026-07-14T04:32:51+01:00,2026-07-14T04:42:23+01:00,572,Mobile,Safari,Panel B,b6dbf3189903,1eb899acc2c1,65,65-74,Woman,South West,Urban,Employed part-time,"£35,000-£49,999",Yes,Yes,4-5,Past week,QuickBite,6,5,7,7,6,7,5,6,5,5,6,3,6,44.27,No,,,,No,Faster refunds when something goes wrong.,49.6,42.2,65.1,134.4,92.3,108.9
R00463,P100463,Complete,100,2026-07-10T14:39:09+01:00,2026-07-10T14:47:20+01:00,491,Desktop,Safari,Panel B,621b6d4cf639,9a6b884e0b70,29,25-34,Man,London,Urban,Not currently employed,"£50,000-£74,999",No,Yes,10+,Today,MealDash,5,5,6,4,7,5,5,3,7,5,3,3,4,29.45,No,,,,Yes,Improve the accuracy of map tracking.,52.2,54.4,89.1,102.7,88.5,19.4
R00464,P100464,Complete,100,2026-07-18T20:11:08+01:00,2026-07-18T20:21:47+01:00,639,Mobile,Firefox,Panel B,d98362502ab7,5316c4dc98f9,60,55-64,Woman,East of England,Urban,Employed part-time,"Under £20,000",No,Yes,1,Past week,FoodGo,4,3,7,3,6,4,5,6,3,5,5,3,3,17.01,Yes,Missing or incorrect items,No,,Yes,Lower prices overall.,59.1,72.7,126.8,134.1,79.6,88.2
R00465,P100465,Complete,100,2026-07-13T18:54:39+01:00,2026-07-13T19:03:40+01:00,541,Desktop,Chrome,Panel A,5c7956297e5d,4d3ad8534169,31,25-34,Woman,South East,Urban,Employed full-time,"£20,000-£34,999",No,Yes,2-3,Past week,Other,5,6,6,5,6,6,4,6,4,5,5,3,5,24.79,No,,,,No,Reduce minimum order values.,47.8,62.6,66.7,114.6,105.7,64.6
R00466,P100466,Complete,100,2026-07-18T12:32:30+01:00,2026-07-18T12:41:25+01:00,535,Desktop,Safari,Panel C,e79a12a0f7ef,af2254a03bc5,27,25-34,Woman,Yorkshire and the Humber,Suburban,Self-employed,"£75,000-£99,999",Yes,Yes,4-5,Today,MealDash,6,5,5,7,5,7,5,5,6,6,6,3,4,13.59,No,,,,No,Improve the accuracy of map tracking.,31.9,68.8,149.5,87.8,92.2,65.7
R00467,P100467,Complete,100,2026-07-10T16:43:06+01:00,2026-07-10T16:54:36+01:00,690,Mobile,Chrome,Panel B,8ecb62a5e378,89792efec1d3,34,25-34,Man,East Midlands,Rural,Employed full-time,"Under £20,000",No,Yes,10+,Today,QuickBite,4,3,7,5,3,4,5,3,5,4,5,3,6,24.79,Yes,Food arrived cold,No,,No,Let customers edit an order for a short time after placing it.,60.9,75.0,88.9,156.6,97.1,96.2
R00468,P100468,Complete,100,2026-07-15T04:09:19+01:00,2026-07-15T04:17:46+01:00,507,Mobile,Edge,Panel B,dbbe293750e9,25651eeaca5c,53,45-54,Woman,London,Urban,Not currently employed,"Under £20,000",Yes,Yes,1,8-30 days ago,QuickBite,6,6,10,5,5,6,7,6,7,7,3,3,5,24.57,No,,,,No,Fewer missing items and clearer substitutions.,37.1,34.7,124.2,132.6,98.6,46.1
R00469,P100469,Complete,100,2026-07-16T03:31:46+01:00,2026-07-16T03:40:28+01:00,522,Mobile,Chrome,Panel A,db709fef697f,3e8ad20c19ae,31,25-34,Woman,South East,Suburban,Employed full-time,"Under £20,000",Yes,Yes,6-9,Past week,QuickBite,4,4,7,7,7,7,7,7,7,7,7,2,3,22.8,No,,,,Yes,Better tracking when the driver is close.,43.9,72.6,131.9,61.0,30.2,69.0
R00470,P100470,Complete,100,2026-07-10T23:09:56+01:00,2026-07-10T23:18:16+01:00,500,Mobile,Safari,Panel B,35648c7dbc42,99deeeec3aab,64,55-64,Woman,South West,Urban,Retired,"£20,000-£34,999",No,Yes,0,31-90 days ago,QuickBite,5,5,8,5,6,5,4,5,5,5,4,3,5,38.22,No,,,,No,Lower prices overall.,41.2,83.3,82.1,115.2,91.7,43.6
R00471,P100471,Complete,100,2026-07-15T12:54:12+01:00,2026-07-15T13:03:23+01:00,551,Mobile,Safari,Panel C,b7a04ee3b572,981a6730da3e,41,35-44,Woman,East Midlands,Suburban,Employed full-time,"£50,000-£74,999",Yes,Yes,4-5,Today,MealDash,3,4,5,5,4,4,2,4,3,4,3,3,2,23.3,Yes,Missing or incorrect items,No,,No,Nothing major; the service generally works well for me.,70.5,83.7,51.6,155.5,74.0,52.2
R00472,P100472,Complete,100,2026-07-15T18:49:11+01:00,2026-07-15T18:57:45+01:00,514,Mobile,Firefox,Panel B,47e4246c2314,879e53c1e4e5,21,18-24,Man,Yorkshire and the Humber,Urban,Employed full-time,"£75,000-£99,999",No,Yes,4-5,Past week,MealDash,5,4,7,7,4,5,4,5,6,5,6,3,6,30.98,No,,,,No,"Better offers for existing customers, not just new users.",64.2,78.6,112.4,130.7,48.1,19.4
R00473,P100473,Complete,100,2026-07-13T03:01:29+01:00,2026-07-13T03:09:19+01:00,470,Mobile,Chrome,Panel B,3997a34bc46b,13f633e1d953,51,45-54,Man,West Midlands,Rural,Not currently employed,"£35,000-£49,999",No,Yes,0,31-90 days ago,QuickBite,6,6,6,5,5,5,5,5,5,4,5,3,6,21.06,No,,,,Yes,Better tracking when the driver is close.,50.5,58.1,70.9,147.5,53.3,30.0
R00474,P100474,Complete,100,2026-07-14T02:45:17+01:00,2026-07-14T02:54:53+01:00,576,Desktop,Edge,Panel B,7f06430e2067,9185476d3bfa,31,25-34,Man,North West,Rural,Self-employed,"Under £20,000",Yes,Yes,0,Today,MealDash,6,6,10,7,6,5,5,7,5,7,7,4,6,22.01,No,,,,Yes,Let customers edit an order for a short time after placing it.,40.4,94.7,78.5,129.1,92.6,57.4
R00475,P100475,Complete,100,2026-07-15T07:40:07+01:00,2026-07-15T07:47:49+01:00,462,Desktop,Chrome,Panel A,027210ac5019,2f39f5038336,71,65-74,Man,Wales,Urban,Student,"£35,000-£49,999",Yes,Yes,2-3,Past week,Other,6,7,10,6,5,5,4,7,6,7,5,3,7,31.96,No,,,,Yes,Better tracking when the driver is close.,48.0,54.0,73.6,133.9,48.2,30.7
R00476,P100476,Complete,100,2026-07-13T19:38:10+01:00,2026-07-13T19:47:09+01:00,539,Tablet,Safari,Panel B,feedec4e5fbf,ead32df32477,52,45-54,Man,South East,Suburban,Employed full-time,"£50,000-£74,999",No,Yes,2-3,Past week,QuickBite,6,5,8,6,7,7,5,6,6,5,5,3,6,66.7,No,,,,No,More restaurant choice in my area.,34.1,67.1,120.3,134.4,77.9,45.3
R00477,P100477,Complete,100,2026-07-19T09:01:08+01:00,2026-07-19T09:11:39+01:00,631,Mobile,Safari,Panel A,f9814b8485a1,024b375cd7d6,32,25-34,Woman,Wales,Suburban,Employed full-time,"£35,000-£49,999",No,Yes,1,8-30 days ago,MealDash,4,4,6,4,4,4,4,5,4,3,3,3,4,17.82,No,,,,No,More restaurant choice in my area.,40.9,31.1,121.1,172.9,60.8,106.3
R00478,P100478,Complete,100,2026-07-09T12:29:43+01:00,2026-07-09T12:31:29+01:00,106,Desktop,Firefox,Panel A,267457cfef13,779e2e8fff49,44,35-44,Man,Yorkshire and the Humber,Urban,Employed full-time,"£50,000-£74,999",Yes,Yes,4-5,Today,MealDash,5,5,8,6,4,6,6,6,5,5,5,3,5,31.38,No,,,,Yes,12345,11.6,7.7,3,10.7,26.5,39.1
R00479,P100479,Complete,100,2026-07-08T01:12:08+01:00,2026-07-08T01:13:22+01:00,74,Mobile,Chrome,Panel B,041a17d2db70,ce13d8a8c8c6,45,45-54,Woman,East Midlands,Suburban,Not currently employed,"£35,000-£49,999",No,Yes,4-5,Past week,Other,6,7,8,5,5,6,5,7,5,7,6,3,6,21.14,No,,,,No,Nothing major; the service generally works well for me.,31.0,3,14.8,11.2,4.0,3
R00480,P100480,Complete,100,2026-07-19T12:32:34+01:00,2026-07-19T12:42:36+01:00,602,Desktop,Chrome,Panel A,5a89b11cf1f4,82a9d28af41f,39,35-44,Woman,East Midlands,Suburban,Retired,"£75,000-£99,999",No,Yes,4-5,Past week,FoodGo,4,2,5,3,4,4,2,3,4,5,5,3,4,12.62,No,,,,No,Better tracking when the driver is close.,50.2,55.1,123.9,95.1,104.1,66.9
R00481,P100481,Complete,100,2026-07-07T10:10:52+01:00,2026-07-07T10:21:11+01:00,619,Desktop,Safari,Panel A,c40c69b84740,90847ba1d407,34,25-34,Non-binary,Wales,Urban,Self-employed,"£35,000-£49,999",No,Yes,6-9,Past week,QuickBite,4,4,6,6,6,6,6,6,6,6,6,3,4,29.98,Yes,Other,Yes,5,No,More restaurant choice in my area.,39.4,83.4,71.2,140.9,108.8,130.6
R00482,P100482,Complete,100,2026-07-20T15:59:04+01:00,2026-07-20T16:09:38+01:00,634,Mobile,Chrome,Panel A,6ee44e09759c,82f8e7a36cfd,64,55-64,Woman,North East,Urban,Retired,"£50,000-£74,999",Yes,Yes,0,31-90 days ago,QuickBite,7,7,10,7,6,7,5,7,6,7,6,3,5,20.93,No,,,,No,More consistent delivery times at weekends.,35.7,66.6,130.0,86.5,93.2,130.9
R00483,P100483,Complete,100,2026-07-17T20:10:04+01:00,2026-07-17T20:18:31+01:00,507,Mobile,Safari,Panel B,81b989ed70a8,ce06c0209aaf,64,55-64,Man,Wales,Suburban,Self-employed,"Under £20,000",No,Yes,1,Past week,Restaurant direct,5,4,6,5,3,6,7,6,5,6,5,3,4,39.56,No,,,,Yes,More consistent delivery times at weekends.,20.9,54.7,92.7,110.1,89.5,55.2
R00484,P100484,Complete,100,2026-07-10T19:49:56+01:00,2026-07-10T19:58:14+01:00,498,Desktop,Safari,Panel B,cdaa81e4c446,2fafe2c2b191,30,25-34,Woman,East Midlands,Suburban,Retired,"£50,000-£74,999",No,Yes,1,8-30 days ago,QuickBite,4,4,7,4,4,4,4,5,6,5,5,3,4,22.83,No,,,,Yes,More consistent delivery times at weekends.,54.7,35.5,121.9,80.9,71.5,52.8
R00485,P100485,Complete,100,2026-07-07T11:07:45+01:00,2026-07-07T11:17:43+01:00,598,Mobile,Chrome,Panel A,205879657918,206d83325e97,33,25-34,Man,London,Urban,Student,"£35,000-£49,999",No,Yes,2-3,Past week,Restaurant direct,7,7,10,6,7,7,6,7,6,7,6,3,5,36.68,Yes,Food arrived cold,Yes,3,No,More consistent delivery times at weekends.,25.7,116.1,131.8,76.8,57.3,130.0
R00486,P100486,Complete,100,2026-07-11T02:57:57+01:00,2026-07-11T03:06:50+01:00,533,Desktop,Chrome,Panel A,392dc7573839,c3103d72ddba,57,55-64,Woman,East Midlands,Suburban,Employed part-time,"£50,000-£74,999",Yes,Yes,1,8-30 days ago,FoodGo,6,5,9,6,6,5,5,7,7,6,4,4,6,38.78,No,,,,No,Faster refunds when something goes wrong.,47.2,55.0,74.0,117.3,40.8,80.5
R00487,P100487,Complete,100,2026-07-08T09:31:51+01:00,2026-07-08T09:40:24+01:00,513,Mobile,Chrome,Panel C,ae2b41af1e20,4c646a11b68d,24,18-24,Woman,Yorkshire and the Humber,Suburban,Student,"£35,000-£49,999",Yes,Yes,4-5,Today,MealDash,7,7,9,6,7,7,7,6,7,7,5,3,5,25.18,No,,,,Yes,Lower prices overall.,56.4,97.1,125.0,55.6,69.4,78.2
R00488,P100488,Complete,100,2026-07-14T20:12:34+01:00,2026-07-14T20:21:14+01:00,520,Mobile,Safari,Panel C,8957a0df1f0e,babdf9f2f8d4,28,25-34,Man,Yorkshire and the Humber,Suburban,Not currently employed,"£20,000-£34,999",No,Yes,6-9,Past week,QuickBite,5,5,6,6,6,5,3,5,4,5,4,3,4,18.34,No,,,,No,"Better offers for existing customers, not just new users.",39.4,58.4,109.0,115.7,87.2,50.8
R00489,P100489,Complete,100,2026-07-14T14:03:13+01:00,2026-07-14T14:10:21+01:00,428,Mobile,Chrome,Panel A,be9f0d5b1f42,b9cfe5047b70,44,35-44,Woman,Scotland,Rural,Student,"£50,000-£74,999",No,Yes,1,Past week,MealDash,5,5,6,6,6,5,4,5,5,4,4,3,4,41.84,No,,,,No,Give drivers clearer instructions for flats and apartment buildings.,45.6,47.1,114.0,97.6,128.0,25.9
R00490,P100490,Complete,100,2026-07-13T21:06:40+01:00,2026-07-13T21:14:50+01:00,490,Mobile,Chrome,Panel C,bef9e8498dce,2d0332f21ebc,42,35-44,Non-binary,West Midlands,Urban,Self-employed,"£35,000-£49,999",No,Yes,1,8-30 days ago,QuickBite,5,4,6,4,5,4,3,5,4,4,3,3,6,28.4,Yes,Late delivery,Yes,6,No,"Better offers for existing customers, not just new users.",36.6,30.2,65.6,208.5,62.4,19.4
R00491,P100491,Complete,100,2026-07-08T22:47:47+01:00,2026-07-08T22:57:39+01:00,592,Mobile,Edge,Panel C,e64b2597a6e4,6971be41cf9b,43,35-44,Woman,London,Suburban,Employed full-time,"£35,000-£49,999",Yes,Yes,1,8-30 days ago,FoodGo,3,4,2,4,3,4,4,5,3,3,2,3,3,22.79,Yes,Late delivery,No,,No,Fewer missing items and clearer substitutions.,50.2,117.4,100.1,86.2,83.4,81.8
R00492,P100492,Complete,100,2026-07-19T10:47:55+01:00,2026-07-19T10:57:17+01:00,562,Desktop,Edge,Panel A,33105aa14c52,c385394e7c8d,25,25-34,Man,Scotland,Suburban,Self-employed,"£50,000-£74,999",No,Yes,4-5,Today,MealDash,5,3,8,5,5,4,5,5,5,5,3,3,3,41.1,No,,,,No,Show unavailable items before I start ordering.,46.1,84.6,96.8,140.5,61.1,88.3
R00493,P100493,Complete,100,2026-07-09T05:00:26+01:00,2026-07-09T05:02:11+01:00,105,Desktop,Chrome,Panel B,ca895e246671,2b0e453be576,61,55-64,Woman,Wales,Rural,Retired,Prefer not to say,No,Yes,1,8-30 days ago,Restaurant direct,5,5,7,7,6,5,5,5,7,5,5,3,5,20.42,No,,,,No,Better loyalty rewards.,6.9,32.0,29.2,8.9,3,15.2
R00494,P100494,Complete,100,2026-07-09T10:29:30+01:00,2026-07-09T10:37:22+01:00,472,Mobile,Chrome,Panel A,d9c0a80b86e7,4805322e7835,46,45-54,Woman,Yorkshire and the Humber,Suburban,Not currently employed,"£50,000-£74,999",Yes,Yes,2-3,Past week,Restaurant direct,6,7,10,6,5,5,6,7,5,4,5,3,5,40.15,No,,,,Yes,Faster refunds when something goes wrong.,22.0,54.7,76.5,146.1,30.2,69.7
R00495,P100495,Complete,100,2026-07-09T18:03:24+01:00,2026-07-09T18:13:02+01:00,578,Mobile,Chrome,Panel B,4add73ca7343,8b4cd22e8148,49,45-54,Man,East Midlands,Urban,Employed full-time,"£50,000-£74,999",No,Yes,2-3,8-30 days ago,QuickBite,5,5,7,5,6,5,3,5,5,6,6,3,5,32.3,No,,,,No,Fewer missing items and clearer substitutions.,55.8,84.8,86.0,129.1,101.9,36.1
R00496,P100496,Complete,100,2026-07-15T06:51:54+01:00,2026-07-15T07:00:11+01:00,497,Mobile,Chrome,Panel B,2db45d423fa4,05164033cd93,38,35-44,Man,Wales,Urban,Employed full-time,"£20,000-£34,999",Yes,Yes,1,Past week,MealDash,5,5,5,5,6,4,5,5,6,4,5,3,3,24.33,No,,,,Yes,Improve the accuracy of map tracking.,43.0,35.8,108.0,72.2,113.2,83.1
R00497,P100497,Complete,100,2026-07-11T11:41:39+01:00,2026-07-11T11:51:51+01:00,612,Mobile,Chrome,Panel A,c13a588e7dcc,06e2d36e66db,46,45-54,Man,Yorkshire and the Humber,Suburban,Not currently employed,"£35,000-£49,999",No,Yes,2-3,Past week,QuickBite,5,5,9,4,6,6,5,7,5,6,6,3,7,22.39,No,,,,Yes,"Better offers for existing customers, not just new users.",59.7,106.9,64.5,168.7,100.1,69.3
R00498,P100498,Complete,100,2026-07-16T13:49:27+01:00,2026-07-16T14:00:20+01:00,653,Mobile,Chrome,Panel A,42ef28567002,92bc93d3bd4a,52,45-54,Man,East Midlands,Urban,Employed full-time,"£50,000-£74,999",No,Yes,2-3,Past week,FoodGo,4,5,5,5,4,3,3,5,5,6,4,3,5,40.39,Yes,Missing or incorrect items,No,,No,Let customers edit an order for a short time after placing it.,42.0,93.8,126.1,187.6,79.8,53.9
R00499,P100499,Complete,100,2026-07-12T07:32:26+01:00,2026-07-12T07:41:06+01:00,520,Mobile,Safari,Panel C,133c80a57aa5,a80ab1b69458,30,25-34,Woman,Scotland,Rural,Employed part-time,"£20,000-£34,999",Yes,Yes,6-9,Today,FoodGo,5,6,8,5,5,4,5,4,6,5,4,3,4,32.64,No,,,,Yes,Give drivers clearer instructions for flats and apartment buildings.,60.7,57.4,64.8,91.2,64.4,107.9
R00500,P100500,Complete,100,2026-07-08T12:21:39+01:00,2026-07-08T12:33:03+01:00,684,Mobile,Firefox,Panel C,f9e209801ca6,a630ef1913f5,58,55-64,Man,East of England,Rural,Employed full-time,"£75,000-£99,999",Yes,Yes,2-3,8-30 days ago,Other,5,5,6,4,4,4,5,7,5,6,5,3,5,17.08,No,,,,Yes,Improve the accuracy of map tracking.,74.0,123.3,114.0,86.3,81.7,124.6
R00501,P100501,Complete,100,2026-07-10T06:41:15+01:00,2026-07-10T06:49:27+01:00,492,Desktop,Chrome,Panel A,f941727c2c91,55bd2363caa3,64,55-64,Man,Wales,Urban,Employed full-time,"£35,000-£49,999",No,Yes,6-9,Past week,MealDash,6,6,6,6,6,7,5,6,4,6,6,3,5,29.23,No,,,,No,More responsive customer support.,60.9,100.5,89.1,64.5,67.1,62.1
R00502,P100502,Complete,100,2026-07-13T16:14:03+01:00,2026-07-13T16:15:25+01:00,82,Mobile,Firefox,Panel A,ae49ff4beba1,ee7aff552e47,51,45-54,Woman,West Midlands,Urban,Not currently employed,"£35,000-£49,999",No,Yes,6-9,Past week,QuickBite,4,5,4,5,4,6,5,3,3,3,3,3,3,24.87,No,,,,No,Let customers edit an order for a short time after placing it.,4.4,14.6,5.0,36.0,3,9.9
R00503,P100503,Complete,100,2026-07-18T20:33:51+01:00,2026-07-18T20:44:39+01:00,648,Mobile,Chrome,Panel B,6fa971bf2d66,19b1428fa6fb,22,18-24,Man,North West,Suburban,Not currently employed,"£50,000-£74,999",No,Yes,2-3,8-30 days ago,QuickBite,3,3,1,4,3,2,2,2,2,3,3,3,4,51.15,Yes,Food arrived cold,Yes,5,No,More consistent delivery times at weekends.,43.3,112.0,119.2,117.4,98.3,88.3
R00504,P100504,Complete,100,2026-07-13T11:31:05+01:00,2026-07-13T11:42:11+01:00,666,Mobile,Safari,Panel B,2fe910670121,27603d56003c,34,25-34,Man,North West,Suburban,Retired,"£35,000-£49,999",No,Yes,4-5,Past week,QuickBite,3,4,3,3,3,4,3,3,4,3,3,3,3,24.83,Yes,Missing or incorrect items,Yes,2,No,Better loyalty rewards.,50.1,93.0,109.4,150.2,109.4,51.9
R00505,P100505,Complete,100,2026-07-08T12:02:44+01:00,2026-07-08T12:11:49+01:00,545,Mobile,Chrome,Panel B,4d7df625ca57,ea35af847b90,24,18-24,Man,Yorkshire and the Humber,Rural,Retired,"£50,000-£74,999",No,Yes,6-9,Today,QuickBite,6,7,8,5,5,7,4,6,7,6,7,3,5,25.22,No,,,,No,Faster refunds when something goes wrong.,39.2,112.8,108.3,56.5,89.7,65.9
R00506,P100506,Complete,100,2026-07-14T09:32:47+01:00,2026-07-14T09:40:31+01:00,464,Mobile,Chrome,Panel C,ae5a30fca935,7118c3874e73,56,55-64,Woman,South East,Suburban,Employed full-time,"£75,000-£99,999",Yes,Yes,1,Past week,FoodGo,4,4,5,6,6,6,6,6,6,6,6,3,4,22.78,Yes,Late delivery,No,,No,Nothing major; the service generally works well for me.,59.5,53.2,109.3,102.5,56.0,41.7
R00507,P100507,Complete,100,2026-07-12T18:18:12+01:00,2026-07-12T18:28:41+01:00,629,Mobile,Safari,Panel B,7160e69c7b2b,738b54cd7491,63,55-64,Woman,London,Urban,Employed part-time,"£50,000-£74,999",No,Yes,1,8-30 days ago,MealDash,4,4,7,6,6,4,5,5,5,6,3,3,3,20.57,Yes,Payment or refund issue,Yes,1,No,"Better offers for existing customers, not just new users.",29.2,100.9,123.1,112.4,97.2,114.4
R00508,P100508,Complete,100,2026-07-20T02:35:10+01:00,2026-07-20T02:43:52+01:00,522,Mobile,Chrome,Panel B,4bd9ed63b144,514015e463a3,43,35-44,Man,London,Suburban,Employed part-time,"£75,000-£99,999",No,Yes,1,Past week,FoodGo,4,3,7,3,3,4,4,4,2,3,3,3,4,18.64,No,,,,No,More restaurant choice in my area.,40.8,77.9,69.2,137.5,92.2,68.8
R00509,P100509,Complete,100,2026-07-19T19:21:37+01:00,2026-07-19T19:29:32+01:00,475,Desktop,Edge,Panel C,884dca1d3bca,743fcb700ad2,73,65-74,Man,East of England,Urban,Employed full-time,"£20,000-£34,999",No,Yes,2-3,Past week,QuickBite,2,2,1,3,1,4,3,1,2,1,1,3,1,22.27,Yes,Missing or incorrect items,Yes,3,Yes,More consistent delivery times at weekends.,40.5,86.2,90.9,53.1,90.6,18
R00510,P100510,Complete,100,2026-07-19T20:59:01+01:00,2026-07-19T21:08:42+01:00,581,Mobile,Safari,Panel A,8ca5c10f15e0,33542acd13f1,20,18-24,Woman,South East,Urban,Employed part-time,"£20,000-£34,999",No,Yes,2-3,8-30 days ago,FoodGo,6,5,8,7,7,6,6,7,5,6,6,3,6,37.74,No,,,,Yes,Improve food temperature on longer deliveries.,50.3,68.0,135.6,93.1,79.5,74.3
R00511,P100511,Complete,100,2026-07-08T20:49:25+01:00,2026-07-08T20:59:10+01:00,585,Mobile,Chrome,Panel C,f703593cf261,53bbb8dafab0,28,25-34,Woman,North West,Urban,Employed part-time,"£35,000-£49,999",No,Yes,10+,Today,QuickBite,4,4,4,5,6,5,3,5,3,3,4,3,5,17.88,Yes,Missing or incorrect items,Yes,3,Yes,More accurate delivery time estimates.,57.5,71.7,86.1,147.8,87.9,70.9
R00512,P100512,Complete,100,2026-07-19T20:18:49+01:00,2026-07-19T20:27:30+01:00,521,Mobile,Chrome,Panel A,e4993c8d33a1,9eea19bae01e,35,35-44,Man,Northern Ireland,Urban,Self-employed,"Under £20,000",No,Yes,4-5,Past week,QuickBite,5,5,4,5,7,4,4,5,4,4,5,3,6,21.2,No,,,,Yes,More restaurant choice in my area.,52.6,61.3,114.6,103.8,63.8,44.3
R00513,P100513,Complete,100,2026-07-19T21:23:08+01:00,2026-07-19T21:30:57+01:00,469,Desktop,Safari,Panel A,7f90d555feb0,f9f13de786fc,30,25-34,Woman,Scotland,Rural,Self-employed,"£20,000-£34,999",Yes,Yes,10+,Today,FoodGo,5,5,5,5,5,3,4,6,5,5,6,3,4,26.65,No,,,,No,Make service charges easier to understand before checkout.,47.0,61.6,73.3,106.4,45.9,60.7
R00514,P100514,Complete,100,2026-07-16T23:09:22+01:00,2026-07-16T23:19:15+01:00,593,Mobile,Safari,Panel A,a4400763e8f9,0b1fc849c146,24,18-24,Woman,London,Urban,Student,"£75,000-£99,999",Yes,Yes,2-3,Past week,MealDash,3,3,2,3,3,1,4,4,4,4,3,3,2,43.96,Yes,Order cancelled,No,,No,More environmentally friendly packaging options.,31.9,66.7,125.4,142.8,107.8,66.3
R00515,P100515,Complete,100,2026-07-14T12:10:31+01:00,2026-07-14T12:19:27+01:00,536,Mobile,Safari,Panel C,5d735bedd7a4,8d6aae5e5a3d,27,25-34,Woman,East Midlands,Urban,Employed full-time,"Under £20,000",No,Yes,10+,Past week,QuickBite,3,3,5,4,3,4,2,2,3,2,4,3,2,23.99,No,,,,Yes,"Lower delivery fees, especially on smaller orders.",28.6,72.5,112.3,111.8,62.7,68.1
R00516,P100516,Complete,100,2026-07-11T13:10:58+01:00,2026-07-11T13:18:57+01:00,479,Desktop,Chrome,Panel A,c0fae96fa698,27c93d95b761,22,18-24,Woman,East Midlands,Suburban,Retired,"£75,000-£99,999",No,Yes,0,31-90 days ago,FoodGo,6,7,9,6,7,6,6,6,7,6,7,3,4,29.27,No,,,,No,More restaurant choice in my area.,42.3,57.8,91.0,105.2,52.5,69.0
R00517,P100517,Complete,100,2026-07-16T18:46:06+01:00,2026-07-16T18:55:29+01:00,563,Desktop,Chrome,Panel A,8d6fe36f6bd9,d4c771cb7582,66,65-74,Woman,North East,Urban,Employed full-time,"£20,000-£34,999",Yes,Yes,10+,Past week,MealDash,3,3,3,4,4,4,4,4,4,4,4,3,3,47.79,No,,,,No,Make service charges easier to understand before checkout.,51.5,84.8,83.1,123.2,79.7,90.7
R00518,P100518,Complete,100,2026-07-14T03:50:45+01:00,2026-07-14T03:59:00+01:00,495,Desktop,Chrome,Panel A,3971581f2250,85d5a3440014,40,35-44,Man,London,Urban,Student,"£20,000-£34,999",Yes,Yes,1,8-30 days ago,MealDash,3,4,3,4,5,3,5,4,4,4,3,3,3,40.9,No,,,,No,Improve food temperature on longer deliveries.,46.8,86.1,67.7,47.8,80.5,81.7
R00519,P100519,Complete,100,2026-07-17T14:24:06+01:00,2026-07-17T14:31:23+01:00,437,Mobile,Chrome,Panel B,6c5d5d1b1e9f,6b43b0d36d67,60,55-64,Non-binary,London,Urban,Employed part-time,"£35,000-£49,999",No,Yes,2-3,Past week,Restaurant direct,4,5,4,4,5,4,4,4,4,4,6,3,4,46.0,Yes,Missing or incorrect items,Yes,5,No,Let customers edit an order for a short time after placing it.,32.4,73.9,64.3,112.0,71.4,57.9
R00520,P100520,Complete,100,2026-07-12T16:39:59+01:00,2026-07-12T16:47:32+01:00,453,Desktop,Chrome,Panel A,efa8ce8965be,0ef825502dfd,36,35-44,Man,East Midlands,Urban,Employed full-time,"£75,000-£99,999",Yes,Yes,6-9,Today,MealDash,4,4,4,5,4,3,4,6,3,2,4,3,5,28.58,No,,,,No,More consistent delivery times at weekends.,34.1,56.7,65.8,93.2,75.4,55.2
R00521,P100521,Complete,100,2026-07-12T04:34:45+01:00,2026-07-12T04:43:24+01:00,519,Mobile,Firefox,Panel B,e0c913cd8480,36584bdfa58b,28,25-34,Man,East of England,Urban,Retired,"£35,000-£49,999",No,Yes,1,8-30 days ago,MealDash,6,6,7,5,4,5,4,6,5,5,5,3,6,26.03,No,,,,No,Show unavailable items before I start ordering.,29.9,35.0,94.6,147.9,115.0,52.7
R00522,P100522,Complete,100,2026-07-15T22:25:05+01:00,2026-07-15T22:33:02+01:00,477,Desktop,Safari,Panel B,42952815381a,5d8aa59615b7,63,55-64,Woman,East of England,Suburban,Employed full-time,"£20,000-£34,999",No,Yes,2-3,Past week,QuickBite,5,6,6,4,5,5,6,6,5,5,4,3,3,35.0,Yes,Missing or incorrect items,No,,No,More environmentally friendly packaging options.,36.0,72.8,65.4,83.5,93.5,33.4
R00523,P100523,Complete,100,2026-07-20T21:29:17+01:00,2026-07-20T21:39:25+01:00,608,Mobile,Safari,Panel C,34d1187692e7,467fcd621437,19,18-24,Man,South West,Suburban,Student,"Under £20,000",No,Yes,10+,Past week,FoodGo,4,4,6,7,7,7,7,7,7,7,7,3,3,27.36,No,,,,Yes,Make service charges easier to understand before checkout.,54.6,115.0,92.7,68.6,103.0,85.0
R00524,P100524,Complete,100,2026-07-16T03:07:17+01:00,2026-07-16T03:18:21+01:00,664,Desktop,Edge,Panel C,c47f9cbcdd9c,e2a09433e598,29,25-34,Woman,North West,Suburban,Employed part-time,"£50,000-£74,999",No,Yes,0,31-90 days ago,QuickBite,2,3,0,2,3,1,2,2,2,1,1,3,3,16.07,Yes,Late delivery,No,,Yes,Give drivers clearer instructions for flats and apartment buildings.,31.2,81.0,185.1,139.3,47.1,107.8
R00525,P100525,Complete,100,2026-07-16T06:04:32+01:00,2026-07-16T06:11:45+01:00,433,Mobile,Safari,Panel A,d6150981593c,6c5a6a839df0,56,55-64,Woman,South West,Urban,Employed full-time,"£35,000-£49,999",No,Yes,2-3,Past week,MealDash,4,4,4,4,4,5,3,5,5,5,4,3,4,43.59,Yes,Food arrived cold,No,,No,More responsive customer support.,31.9,64.5,89.8,104.7,73.8,22.8
R00526,P100526,Complete,100,2026-07-10T18:53:02+01:00,2026-07-10T19:03:41+01:00,639,Mobile,Chrome,Panel C,5ebc2ec7937f,3c63e2bf5cf9,23,18-24,Man,Scotland,Urban,Employed full-time,"£35,000-£49,999",No,Yes,1,8-30 days ago,Other,5,6,4,5,5,6,6,5,6,5,6,3,6,42.11,No,,,,Yes,Better tracking when the driver is close.,35.1,68.2,148.3,127.4,116.7,80.8
R00527,P100527,Complete,100,2026-07-17T07:52:20+01:00,2026-07-17T08:02:24+01:00,604,Mobile,Chrome,Panel C,1bb567c5a9c7,82eedadebb94,59,55-64,Man,West Midlands,Urban,Employed full-time,"Under £20,000",Yes,Yes,2-3,8-30 days ago,Restaurant direct,5,4,6,5,5,4,6,5,4,5,4,3,4,48.93,No,,,,Yes,More responsive customer support.,43.3,98.3,148.4,97.8,90.5,90.0
R00528,P100528,Complete,100,2026-07-17T18:07:22+01:00,2026-07-17T18:15:52+01:00,510,Desktop,Chrome,Panel A,82a91a559a33,00ee15c36d37,70,65-74,Man,East Midlands,Suburban,Not currently employed,"£75,000-£99,999",No,Yes,4-5,Past week,MealDash,5,4,5,4,5,5,3,5,5,5,5,3,3,31.03,No,,,,Yes,Improve the accuracy of map tracking.,21.7,73.9,56.2,158.8,58.4,79.9
R00529,P100529,Complete,100,2026-07-16T12:26:20+01:00,2026-07-16T12:35:09+01:00,529,Mobile,Chrome,Panel A,77cce7c07a27,514fe55d6741,29,25-34,Man,North West,Suburban,Self-employed,"£50,000-£74,999",Yes,Yes,2-3,8-30 days ago,QuickBite,5,5,6,6,4,5,5,4,4,4,3,3,4,34.49,Yes,Late delivery,Yes,4,Yes,More environmentally friendly packaging options.,19.4,49.3,84.7,148.7,53.1,100.0
R00530,P100530,Complete,100,2026-07-14T09:52:42+01:00,2026-07-14T10:01:39+01:00,537,Mobile,Safari,Panel B,080818ffaf19,b5b7bbfd1afd,22,18-24,Woman,East Midlands,Suburban,Employed part-time,"£75,000-£99,999",Yes,Yes,4-5,Today,FoodGo,6,7,8,7,6,5,4,6,5,6,5,3,5,20.76,No,,,,Yes,More consistent delivery times at weekends.,39.6,87.8,122.3,105.5,57.0,78.7
R00531,P100531,Complete,100,2026-07-12T23:40:34+01:00,2026-07-12T23:48:15+01:00,461,Desktop,Safari,Panel A,d87d59b6f2b4,80fa230b54aa,29,25-34,Woman,London,Urban,Employed full-time,"£50,000-£74,999",No,Yes,2-3,Past week,FoodGo,5,5,6,5,4,4,4,5,4,4,4,3,4,17.84,No,,,,Yes,Let customers edit an order for a short time after placing it.,44.9,46.4,74.8,102.2,72.1,18
R00532,P100532,Complete,100,2026-07-07T00:51:06+01:00,2026-07-07T01:00:54+01:00,588,Mobile,Safari,Panel B,2d2d6cf175c6,d67de0b2adc2,19,18-24,Man,East Midlands,Suburban,Employed part-time,"£20,000-£34,999",No,Yes,4-5,Past week,QuickBite,5,5,6,7,5,5,6,6,7,5,3,3,5,27.06,No,,,,No,Better tracking when the driver is close.,39.9,80.6,96.1,170.2,75.9,73.2
R00533,P100533,Complete,100,2026-07-13T15:33:42+01:00,2026-07-13T15:44:11+01:00,629,Mobile,Chrome,Panel A,35fe25f3167c,9ad6be0723ce,46,45-54,Woman,South East,Urban,Employed part-time,"£20,000-£34,999",No,Yes,1,8-30 days ago,Restaurant direct,5,6,8,7,6,6,2,6,5,7,7,3,5,30.81,Yes,Late delivery,Yes,3,Yes,Better tracking when the driver is close.,64.4,94.2,62.0,171.9,72.5,109.1
R00534,P100534,Complete,100,2026-07-06T15:16:49+01:00,2026-07-06T15:26:06+01:00,557,Desktop,Safari,Panel B,bc69305d55da,4b8fede52909,35,35-44,Woman,South East,Rural,Student,"£50,000-£74,999",No,Yes,0,31-90 days ago,QuickBite,5,5,7,4,5,5,5,4,4,3,3,3,3,12.6,Yes,Late delivery,Yes,3,Yes,"Lower delivery fees, especially on smaller orders.",27.7,80.2,84.9,131.8,107.1,66.6
R00535,P100535,Complete,100,2026-07-20T18:52:07+01:00,2026-07-20T19:01:25+01:00,558,Mobile,Safari,Panel B,fb77b899d2a4,1e063a2a1974,53,45-54,Woman,West Midlands,Urban,Employed full-time,"Under £20,000",Yes,Yes,2-3,Past week,MealDash,5,5,6,3,4,4,4,4,4,4,3,3,4,26.54,No,,,,Yes,More accurate delivery time estimates.,53.6,42.6,130.7,95.0,80.7,81.4
R00536,P100536,Complete,100,2026-07-10T17:36:23+01:00,2026-07-10T17:46:12+01:00,589,Mobile,Chrome,Panel B,9dce9f73389e,68ccda365d41,49,45-54,Man,South East,Urban,Retired,"£20,000-£34,999",No,Yes,2-3,Past week,QuickBite,7,7,10,7,7,7,7,7,7,7,4,3,7,23.24,No,,,,Yes,Better tracking when the driver is close.,55.5,72.3,97.0,115.9,105.5,65.0
R00537,P100537,Complete,100,2026-07-18T18:24:46+01:00,2026-07-18T18:34:25+01:00,579,Mobile,Chrome,Panel A,4a324c1193c2,8ed1cf122270,42,35-44,Man,South East,Suburban,Not currently employed,"£50,000-£74,999",No,Yes,2-3,Past week,QuickBite,4,5,8,5,4,4,3,5,4,5,4,3,3,12.67,No,,,,No,More environmentally friendly packaging options.,44.9,77.3,139.5,132.4,48.8,40.6
R00538,P100538,Complete,100,2026-07-16T19:26:55+01:00,2026-07-16T19:37:07+01:00,612,Mobile,Safari,Panel C,47139bea9843,64fd84b4f7fb,47,45-54,Man,South East,Urban,Self-employed,"£50,000-£74,999",Yes,Yes,10+,Today,MealDash,5,4,7,7,7,4,4,5,4,4,5,3,4,19.21,No,,,,No,"Lower delivery fees, especially on smaller orders.",60.9,77.5,66.6,160.5,77.7,109.8
R00539,P100539,Complete,100,2026-07-20T20:13:07+01:00,2026-07-20T20:21:43+01:00,516,Desktop,Safari,Panel A,3dc6ff15e766,02d13f31ddbd,34,25-34,Woman,South East,Urban,Employed full-time,"£20,000-£34,999",No,Yes,2-3,8-30 days ago,MealDash,2,2,3,4,2,4,1,3,3,2,2,3,2,17.45,Yes,Payment or refund issue,No,,Yes,Improve food temperature on longer deliveries.,57.9,55.5,94.4,117.7,70.3,44.8
R00540,P100540,Complete,100,2026-07-18T05:45:32+01:00,2026-07-18T05:55:27+01:00,595,Mobile,Edge,Panel A,96551d6858e6,081da89ef37e,23,18-24,Woman,Scotland,Rural,Employed full-time,"£20,000-£34,999",No,Yes,10+,Today,MealDash,5,5,7,4,4,4,6,6,5,5,5,3,4,38.25,No,,,,No,Lower prices overall.,46.5,114.8,104.0,85.8,75.0,113.0
R00541,P100541,Complete,100,2026-07-08T16:24:35+01:00,2026-07-08T16:34:48+01:00,613,Mobile,Chrome,Panel B,7051fd20ab61,972eaf9b86d9,41,35-44,Woman,South West,Urban,Employed full-time,"£35,000-£49,999",Yes,Yes,4-5,Past week,FoodGo,7,7,10,7,6,7,6,6,6,6,6,3,7,21.8,No,,,,No,Faster refunds when something goes wrong.,50.1,36.0,104.0,186.0,83.6,87.3
R00542,P100542,Complete,100,2026-07-20T16:15:44+01:00,2026-07-20T16:26:52+01:00,668,Mobile,Chrome,Panel C,a20236978124,d285f038fb4c,37,35-44,Man,West Midlands,Suburban,Employed full-time,"£20,000-£34,999",No,Yes,1,8-30 days ago,FoodGo,5,6,5,6,5,6,3,5,4,6,5,3,4,40.7,No,,,,No,Better loyalty rewards.,36.5,102.8,105.5,173.1,94.7,65.8
R00543,P100543,Complete,100,2026-07-13T01:25:58+01:00,2026-07-13T01:34:09+01:00,491,Desktop,Chrome,Panel B,89fb86ec3d55,13cc9bb20ef6,37,35-44,Man,South East,Urban,Employed full-time,"£50,000-£74,999",No,Yes,2-3,8-30 days ago,FoodGo,5,5,5,6,5,4,4,6,5,4,4,3,5,25.08,No,,,,Yes,More accurate delivery time estimates.,57.4,91.2,35,83.4,77.4,73.1
R00544,P100544,Complete,100,2026-07-07T19:34:00+01:00,2026-07-07T19:36:03+01:00,123,Mobile,Edge,Panel A,264326c4f5e2,f2a62ba93e77,24,18-24,Woman,South West,Rural,Employed full-time,"£35,000-£49,999",Yes,Yes,0,8-30 days ago,MealDash,6,7,8,7,7,5,7,7,5,5,5,3,5,26.49,No,,,,Yes,Better loyalty rewards.,5.3,38.6,9.0,3,17.9,38.3
R00545,P100545,Complete,100,2026-07-06T17:57:47+01:00,2026-07-06T18:06:41+01:00,534,Mobile,Chrome,Panel C,84d3264d2952,506e0592e81a,48,45-54,Man,Scotland,Suburban,Employed full-time,Prefer not to say,Yes,Yes,2-3,Past week,Restaurant direct,5,6,7,5,6,6,5,7,4,5,7,6,4,76.08,No,,,,Yes,Make service charges easier to understand before checkout.,51.8,56.8,103.3,112.9,86.7,56.7
R00546,P100546,Complete,100,2026-07-06T15:23:28+01:00,2026-07-06T15:32:23+01:00,535,Mobile,Safari,Panel B,90d5b598f4b7,184152adfd60,44,35-44,Man,North West,Rural,Employed full-time,"Under £20,000",Yes,Yes,6-9,Past week,MealDash,5,6,10,5,6,5,5,5,6,6,5,3,6,24.75,No,,,,No,Fewer missing items and clearer substitutions.,42.1,103.7,80.9,105.6,66.0,83.0
R00547,P100547,Complete,100,2026-07-08T21:18:26+01:00,2026-07-08T21:26:50+01:00,504,Mobile,Safari,Panel A,b488b5b89348,15eb22e3c3a3,36,35-44,Woman,South West,Urban,Employed full-time,"£20,000-£34,999",No,Yes,2-3,Past week,Restaurant direct,5,5,8,6,4,5,4,5,6,4,5,3,5,12.22,No,,,,No,More consistent delivery times at weekends.,38.9,36.9,157.6,130.3,70.4,45.6
R00548,P100548,Complete,100,2026-07-19T05:38:37+01:00,2026-07-19T05:46:56+01:00,499,Mobile,Safari,Panel B,02cc6006dd5e,78846d1b5d80,20,18-24,Woman,Yorkshire and the Humber,Suburban,Employed full-time,"£100,000+",No,Yes,2-3,Past week,FoodGo,4,3,5,5,2,5,5,3,4,4,2,3,3,41.75,Yes,Payment or refund issue,No,,Yes,Show unavailable items before I start ordering.,51.8,84.4,53.3,123.6,59.2,56.5
R00549,P100549,Complete,100,2026-07-14T17:17:22+01:00,2026-07-14T17:27:01+01:00,579,Mobile,Safari,Panel B,10024d0f1208,7ce933549664,35,35-44,Woman,South East,Urban,Employed full-time,"£35,000-£49,999",Yes,Yes,2-3,8-30 days ago,MealDash,5,6,8,4,6,6,3,4,5,6,3,3,6,15.82,No,,,,No,More accurate delivery time estimates.,47.3,85.9,97.2,114.6,78.6,75.2
R00550,P100550,Complete,100,2026-07-12T05:19:19+01:00,2026-07-12T05:28:19+01:00,540,Mobile,Chrome,Panel C,ea16f0af7d1b,50cc2d82c46a,39,35-44,Man,London,Suburban,Employed full-time,"£50,000-£74,999",No,Yes,6-9,Past week,FoodGo,6,7,7,6,7,7,6,6,6,4,7,3,6,23.76,No,,,,Yes,Improve food temperature on longer deliveries.,22.6,73.4,96.6,125.4,92.9,85.3
R00551,P100551,Complete,100,2026-07-16T17:29:22+01:00,2026-07-16T17:40:04+01:00,642,Mobile,Edge,Panel A,7dcdda7eb8cd,13fbe786a1eb,48,45-54,Man,East of England,Suburban,Employed full-time,"£75,000-£99,999",No,Yes,4-5,Past week,Restaurant direct,6,6,10,5,7,4,5,6,7,5,6,3,7,17.9,No,,,,Yes,Give drivers clearer instructions for flats and apartment buildings.,32.9,93.1,139.0,151.3,52.3,63.3
R00552,P100552,Complete,100,2026-07-07T19:45:10+01:00,2026-07-07T19:56:45+01:00,695,Mobile,Edge,Panel A,a516fa972e29,b47b35d6c435,53,45-54,Woman,London,Suburban,Employed full-time,"£35,000-£49,999",Yes,Yes,1,8-30 days ago,FoodGo,6,5,10,4,6,5,5,7,5,4,4,3,3,23.28,No,,,,No,"Better offers for existing customers, not just new users.",32.1,67.1,135.6,127.2,101.8,98.7
R00553,P100553,Complete,100,2026-07-16T14:54:01+01:00,2026-07-16T15:02:13+01:00,492,Mobile,Chrome,Panel A,292e63aace25,d488430ede80,36,35-44,Woman,Scotland,Urban,Employed full-time,"£20,000-£34,999",No,Yes,6-9,Past week,QuickBite,5,6,8,6,7,4,4,5,6,5,5,3,4,19.76,No,,,,No,More consistent delivery times at weekends.,43.5,85.4,109.6,143.0,41.0,39.6
R00554,P100554,Complete,100,2026-07-12T14:50:24+01:00,2026-07-12T14:57:31+01:00,427,Mobile,Other,Panel B,6ba95839783d,b14559cc1f5d,32,25-34,Man,South West,Urban,Employed part-time,"£75,000-£99,999",No,Yes,6-9,Today,Restaurant direct,5,5,5,4,4,6,4,5,6,4,5,3,4,67.73,No,,,,Yes,Faster refunds when something goes wrong.,42.2,66.0,123.5,138.4,95.5,49.8
R00555,P100555,Complete,100,2026-07-18T01:31:49+01:00,2026-07-18T01:39:05+01:00,436,Desktop,Edge,Panel C,8537b9fc54d2,aa012cd7c5ff,72,65-74,Man,South East,Suburban,Employed full-time,"£75,000-£99,999",Yes,Yes,6-9,Past week,QuickBite,7,7,10,6,7,5,7,7,7,6,6,3,5,18.96,No,,,,No,Show unavailable items before I start ordering.,42.3,38.1,90.8,72.8,46.8,82.1
R00556,P100556,Complete,100,2026-07-11T05:10:29+01:00,2026-07-11T05:19:37+01:00,548,Mobile,Chrome,Panel A,3a7c00d7e482,37a4b548f861,59,55-64,Man,South East,Urban,Employed full-time,"£50,000-£74,999",No,Yes,6-9,Today,MealDash,4,3,6,4,2,3,5,3,5,3,4,3,4,21.6,No,,,,No,Fewer missing items and clearer substitutions.,46.3,69.2,134.2,131.6,80.7,44.5
R00557,P100557,Complete,100,2026-07-09T17:05:16+01:00,2026-07-09T17:14:04+01:00,528,Mobile,Chrome,Panel A,5645934a5096,0d274c84668d,32,25-34,Woman,South East,Suburban,Employed full-time,"Under £20,000",No,Yes,4-5,Past week,FoodGo,5,4,5,5,7,5,3,6,5,6,5,3,4,21.16,No,,,,No,Fewer missing items and clearer substitutions.,46.5,76.7,113.2,111.1,75.6,76.3
R00558,P100558,Complete,100,2026-07-20T14:39:54+01:00,2026-07-20T14:48:45+01:00,531,Desktop,Edge,Panel B,86fe96885546,5bbbd02f3326,28,25-34,Man,North West,Suburban,Employed full-time,"£35,000-£49,999",No,Yes,4-5,Past week,Other,4,6,8,5,3,4,3,4,3,4,5,3,4,27.78,No,,,,No,More responsive customer support.,53.2,61.3,94.5,105.6,113.2,40.6
R00559,P100559,Complete,100,2026-07-16T02:19:54+01:00,2026-07-16T02:28:11+01:00,497,Mobile,Chrome,Panel B,4d2f1b1d394d,10adc8404140,27,25-34,Woman,West Midlands,Urban,Employed full-time,"£20,000-£34,999",No,Yes,4-5,Past week,FoodGo,6,7,9,6,6,6,5,7,6,5,5,3,5,18.95,No,,,,No,Fewer missing items and clearer substitutions.,57.7,76.7,104.5,81.6,75.2,76.9
R00560,P100560,Complete,100,2026-07-08T03:09:56+01:00,2026-07-08T03:18:05+01:00,489,Mobile,Chrome,Panel A,a77ee6fe3b89,9090dba9c036,42,35-44,Woman,South East,Urban,Employed full-time,"£50,000-£74,999",No,Yes,1,More than 3 months ago,QuickBite,5,5,7,3,4,5,5,4,5,5,4,3,5,38.0,No,,,,No,Faster refunds when something goes wrong.,51.0,78.6,104.9,106.9,42.2,56.4
R00561,P100561,Complete,100,2026-07-11T09:09:17+01:00,2026-07-11T09:18:33+01:00,556,Mobile,Chrome,Panel A,43eead654857,c5e675583352,32,25-34,Woman,London,Rural,Employed part-time,"£75,000-£99,999",No,Yes,10+,Today,MealDash,4,3,5,4,4,4,5,4,4,4,3,3,5,36.15,No,,,,No,More environmentally friendly packaging options.,55.0,88.3,125.0,84.8,76.2,75.4
R00562,P100562,Complete,100,2026-07-17T16:30:44+01:00,2026-07-17T16:39:43+01:00,539,Mobile,Chrome,Panel C,179a27501be0,1acd0e7c2685,32,25-34,Woman,North East,Urban,Employed full-time,"£75,000-£99,999",Yes,Yes,6-9,Today,FoodGo,3,3,4,4,4,4,4,3,3,3,1,3,4,42.15,Yes,Late delivery,Yes,1,No,Faster refunds when something goes wrong.,51.2,50.0,56.6,111.2,91.5,67.4
R00563,P100563,Complete,100,2026-07-08T04:07:25+01:00,2026-07-08T04:17:21+01:00,596,Mobile,Safari,Panel A,687b59c255df,c1ee1dbce1dd,26,25-34,Woman,North West,Rural,Student,"Under £20,000",No,Yes,2-3,8-30 days ago,MealDash,3,2,3,5,3,2,2,4,4,3,3,3,2,34.73,Yes,Late delivery,Yes,3,No,More restaurant choice in my area.,68.9,54.6,104.3,207.8,57.9,36.6
R00564,P100564,Complete,100,2026-07-17T11:59:21+01:00,2026-07-17T12:08:40+01:00,559,Mobile,Safari,Panel C,962fed0e1730,8e515ca417f1,57,55-64,Woman,South East,Urban,Employed full-time,"Under £20,000",No,Yes,2-3,Past week,MealDash,5,7,5,5,6,5,5,5,5,5,7,3,5,35.93,No,,,,Yes,More responsive customer support.,34.0,84.4,136.5,147.5,78.0,35.8
R00565,P100565,Complete,100,2026-07-14T17:34:51+01:00,2026-07-14T17:43:55+01:00,544,Desktop,Edge,Panel B,9832a3bcbe30,db34d4000e8f,28,25-34,Prefer not to say,South West,Suburban,Employed full-time,Prefer not to say,No,Yes,0,31-90 days ago,FoodGo,5,5,6,6,5,4,4,6,7,6,3,3,4,32.89,No,,,,No,Give drivers clearer instructions for flats and apartment buildings.,48.4,49.5,117.3,136.3,74.0,39.8
R00566,P100566,Complete,100,2026-07-07T00:00:51+01:00,2026-07-07T00:09:35+01:00,524,Mobile,Safari,Panel A,1e14770bd2a6,ff1afd512971,56,55-64,Man,North West,Urban,Employed full-time,"£50,000-£74,999",No,Yes,0,31-90 days ago,FoodGo,5,5,7,7,5,3,5,7,6,7,4,3,5,29.86,No,,,,Yes,Nothing major; the service generally works well for me.,42.9,76.7,51.4,94.9,85.8,81.0
R00567,P100567,Complete,100,2026-07-07T06:05:44+01:00,2026-07-07T06:14:25+01:00,521,Mobile,Safari,Panel B,44f8187477d0,5c699596defb,20,18-24,Man,South West,Suburban,Not currently employed,"£20,000-£34,999",No,Yes,1,8-30 days ago,Restaurant direct,3,3,0,5,2,3,2,3,3,3,2,3,2,48.71,Yes,Missing or incorrect items,Yes,3,No,Show unavailable items before I start ordering.,54.6,60.1,105.8,121.3,54.7,50.7
R00568,P100568,Complete,100,2026-07-11T05:22:09+01:00,2026-07-11T05:31:46+01:00,577,Desktop,Chrome,Panel C,c8861f38788d,6dfe7a14cc71,26,25-34,Woman,North West,Urban,Self-employed,"£50,000-£74,999",No,Yes,4-5,Past week,MealDash,4,3,5,2,4,3,3,5,4,3,4,3,4,19.42,No,,,,No,Better tracking when the driver is close.,41.1,63.3,159.7,120.8,97.6,26.5
R00569,P100569,Complete,100,2026-07-14T18:58:56+01:00,2026-07-14T19:07:43+01:00,527,Mobile,Edge,Panel A,7372c6715ec7,33a7a9f871fa,39,35-44,Woman,North East,Urban,Self-employed,"Under £20,000",No,Yes,2-3,Past week,Restaurant direct,6,5,8,5,7,6,4,6,5,6,6,3,6,22.64,No,,,,No,Improve food temperature on longer deliveries.,40.9,71.3,65.4,111.8,102.7,109.9
R00570,P100570,Complete,100,2026-07-11T19:15:56+01:00,2026-07-11T19:23:27+01:00,451,Desktop,Safari,Panel C,595cac0a3efb,d59973dba845,19,18-24,Woman,East of England,Urban,Not currently employed,Prefer not to say,No,Yes,10+,Past week,QuickBite,5,6,6,6,5,5,3,5,6,6,6,3,4,33.31,Yes,Payment or refund issue,No,,No,More responsive customer support.,30.2,83.1,76.0,85.9,53.5,85.6
R00571,P100571,Complete,100,2026-07-09T08:39:14+01:00,2026-07-09T08:48:11+01:00,537,Mobile,Chrome,Panel A,f714fdcb428b,73cc7b6f2895,57,55-64,Woman,London,Urban,Student,"£20,000-£34,999",No,Yes,10+,Today,MealDash,7,6,10,6,7,7,6,7,7,7,6,3,5,17.26,No,,,,Yes,More restaurant choice in my area.,51.6,33.0,85.4,183.9,87.6,57.9
R00572,P100572,Complete,100,2026-07-09T19:43:59+01:00,2026-07-09T19:53:21+01:00,562,Mobile,Safari,Panel B,26b91be3eef7,2df7616382c5,68,65-74,Woman,South West,Urban,Student,Prefer not to say,Yes,Yes,0,31-90 days ago,Restaurant direct,5,6,7,3,4,5,4,5,4,4,4,3,4,31.55,No,,,,Yes,"Lower delivery fees, especially on smaller orders.",44.0,76.7,165.8,73.7,43.6,89.9
R00573,P100573,Complete,100,2026-07-11T14:09:37+01:00,2026-07-11T14:18:41+01:00,544,Mobile,Safari,Panel B,3ad7b2a98f47,944987596862,55,55-64,Woman,South East,Suburban,Employed full-time,"£50,000-£74,999",No,Yes,2-3,Past week,FoodGo,5,7,6,5,5,5,6,6,6,5,4,3,6,48.28,No,,,,No,"Lower delivery fees, especially on smaller orders.",30.4,101.7,60.4,94.2,81.8,113.6
R00574,P100574,Complete,100,2026-07-09T15:26:07+01:00,2026-07-09T15:33:36+01:00,449,Mobile,Chrome,Panel B,57ffc9e2b014,338342807b46,36,35-44,Man,Scotland,Urban,Employed full-time,"£75,000-£99,999",Yes,Yes,6-9,Today,Restaurant direct,5,5,5,3,5,5,5,4,5,4,2,3,6,42.77,Yes,Driver or handoff issue,No,,No,Nothing major; the service generally works well for me.,49.5,65.7,84.7,80.4,69.4,48.7
R00575,P100575,Complete,100,2026-07-12T07:11:21+01:00,2026-07-12T07:19:55+01:00,514,Desktop,Chrome,Panel A,5700a78add0a,db52d0e809ee,61,55-64,Man,East Midlands,Suburban,Employed part-time,"£50,000-£74,999",Yes,Yes,2-3,8-30 days ago,FoodGo,4,5,6,4,5,3,3,5,4,5,5,3,3,23.36,Yes,Food arrived cold,No,,No,Reduce minimum order values.,51.0,66.1,106.2,87.6,63.3,60.5
R00576,P100576,Complete,100,2026-07-07T11:11:10+01:00,2026-07-07T11:19:29+01:00,499,Mobile,Chrome,Panel B,a7d77b71d713,23643ebd8a30,50,45-54,Man,West Midlands,Suburban,Employed part-time,"£20,000-£34,999",No,Yes,1,8-30 days ago,QuickBite,7,7,9,7,7,7,5,7,6,6,6,3,6,26.25,No,,,,No,Better tracking when the driver is close.,26.2,67.8,148.5,37.8,40.5,105.7
R00577,P100577,Complete,100,2026-07-20T02:21:00+01:00,2026-07-20T02:29:03+01:00,483,Desktop,Chrome,Panel C,60d0348f9bfa,014793a90fe9,59,55-64,Woman,London,Urban,Employed full-time,"£75,000-£99,999",Yes,Yes,4-5,Past week,QuickBite,5,5,6,6,6,6,5,6,7,5,6,3,5,26.73,No,,,,No,Show unavailable items before I start ordering.,67.6,56.1,95.9,178.9,94.2,87.5
R00578,P100578,Complete,100,2026-07-13T15:54:48+01:00,2026-07-13T16:05:12+01:00,624,Mobile,Chrome,Panel A,7bc12bb1125b,c2a426623db2,22,18-24,Man,London,Urban,Employed part-time,"£20,000-£34,999",No,Yes,4-5,Past week,QuickBite,6,7,7,6,6,6,6,6,6,6,6,3,5,24.29,No,,,,Yes,Improve the accuracy of map tracking.,70.4,83.2,89.4,140.0,94.4,82.8
R00579,P100579,Complete,100,2026-07-12T07:28:27+01:00,2026-07-12T07:37:35+01:00,548,Mobile,Safari,Panel A,13d0d7a67504,30d283b819f9,24,18-24,Prefer not to say,South West,Suburban,Employed part-time,"£20,000-£34,999",No,Yes,2-3,Past week,FoodGo,5,5,6,4,6,5,4,6,3,5,6,3,6,30.69,No,,,,No,Improve food temperature on longer deliveries.,50.0,98.9,103.6,135.1,87.3,27.8
R00580,P100580,Complete,100,2026-07-09T21:02:58+01:00,2026-07-09T21:13:21+01:00,623,Mobile,Chrome,Panel C,e8cbcab3edfe,0030a040601d,35,35-44,Woman,South East,Suburban,Employed full-time,"Under £20,000",Yes,Yes,1,8-30 days ago,QuickBite,5,4,7,3,4,6,3,7,6,4,5,3,4,14.18,No,,,,No,Reduce minimum order values.,29.4,89.2,136.3,171.4,44.0,86.3
R00581,P100581,Complete,100,2026-07-15T00:10:42+01:00,2026-07-15T00:18:03+01:00,441,Mobile,Safari,Panel C,0c6b0618061f,52c0e8b8682e,26,25-34,Man,East of England,Urban,Employed full-time,"£20,000-£34,999",No,Yes,6-9,Past week,QuickBite,5,5,5,5,3,6,6,7,5,6,4,3,4,17.6,No,,,,No,Better loyalty rewards.,28.3,76.0,44.6,114.4,51.8,79.7
R00582,P100582,Complete,100,2026-07-10T23:52:59+01:00,2026-07-11T00:04:11+01:00,672,Mobile,Safari,Panel A,8b008b68aea2,3a3a1c0f295f,21,18-24,Woman,London,Urban,Employed full-time,"Under £20,000",Yes,Yes,4-5,Past week,QuickBite,4,3,6,5,4,5,2,4,6,4,2,3,2,48.2,No,,,,No,Faster refunds when something goes wrong.,59.5,92.3,113.0,194.5,84.2,79.0
R00583,P100583,Complete,100,2026-07-16T18:06:55+01:00,2026-07-16T18:14:42+01:00,467,Mobile,Edge,Panel C,f14f63b9a4f2,b51ab221ecb0,65,65-74,Woman,South East,Suburban,Self-employed,"£100,000+",No,Yes,0,31-90 days ago,MealDash,6,6,6,6,6,6,5,6,6,7,5,3,5,34.36,No,,,,No,Reduce minimum order values.,44.7,64.9,134.4,62.6,47.1,59.1
R00584,P100584,Complete,100,2026-07-13T07:47:25+01:00,2026-07-13T07:55:47+01:00,502,Mobile,Safari,Panel B,fc4981d331ef,cfaa2bbed0b1,29,25-34,Woman,London,Suburban,Student,"£35,000-£49,999",Yes,Yes,2-3,Past week,QuickBite,5,6,7,5,7,5,5,4,5,4,5,3,4,31.38,No,,,,Yes,Make service charges easier to understand before checkout.,54.1,98.6,66.3,142.1,30.2,71.4
R00585,P100585,Complete,100,2026-07-16T05:33:55+01:00,2026-07-16T05:44:24+01:00,629,Mobile,Safari,Panel A,b57312ef24f6,d7f28babb8bd,62,55-64,Woman,London,Urban,Employed full-time,"£50,000-£74,999",Yes,Yes,1,8-30 days ago,QuickBite,5,5,6,5,6,4,5,4,5,7,7,3,4,29.14,No,,,,No,More responsive customer support.,52.2,82.8,117.7,155.8,85.6,82.5
R00586,P100586,Complete,100,2026-07-17T07:25:55+01:00,2026-07-17T07:34:00+01:00,485,Mobile,Chrome,Panel C,4b389b1375f6,13969e789c71,19,18-24,Man,South East,Rural,Employed full-time,"Under £20,000",No,Yes,0,31-90 days ago,FoodGo,6,7,10,5,4,6,6,7,7,7,5,3,7,17.65,No,,,,No,Improve food temperature on longer deliveries.,55.3,70.4,114.6,117.4,74.2,28.4
R00587,P100587,Complete,100,2026-07-09T23:38:57+01:00,2026-07-09T23:47:41+01:00,524,Mobile,Chrome,Panel A,ffda9dba5437,629091a92864,27,25-34,Woman,London,Rural,Employed full-time,"£35,000-£49,999",No,Yes,6-9,Today,Restaurant direct,5,5,4,5,6,3,4,5,6,4,4,3,4,27.42,No,,,,No,More responsive customer support.,58.5,57.7,86.7,101.1,73.9,100.0
R00588,P100588,Complete,100,2026-07-17T18:36:58+01:00,2026-07-17T18:45:09+01:00,491,Desktop,Chrome,Panel A,5cde37d1e3ef,01e5eb08ba9b,50,45-54,Woman,London,Rural,Self-employed,"£20,000-£34,999",No,Yes,4-5,Past week,MealDash,7,7,8,6,7,5,7,6,7,7,5,3,7,34.11,No,,,,No,Make service charges easier to understand before checkout.,55.3,40.8,90.5,110.2,79.6,36.9
R00589,P100589,Complete,100,2026-07-16T20:11:58+01:00,2026-07-16T20:20:25+01:00,507,Mobile,Safari,Panel B,e68c1b9b1b5d,8f75c641e3db,19,18-24,Woman,West Midlands,Urban,Employed full-time,"£20,000-£34,999",Yes,Yes,2-3,Past week,QuickBite,6,7,9,7,6,7,5,6,5,7,6,3,5,72.25,No,,,,Yes,Reduce minimum order values.,50.8,70.0,115.7,112.2,61.2,25.7
R00590,P100590,Complete,100,2026-07-15T17:21:34+01:00,2026-07-15T17:30:59+01:00,565,Mobile,Firefox,Panel C,dba198fcfba5,861f12ebbaf6,30,25-34,Man,London,Urban,Employed full-time,"£75,000-£99,999",Yes,Yes,6-9,Past week,Other,5,5,5,5,5,4,4,4,4,5,5,3,4,34.99,No,,,,No,More restaurant choice in my area.,40.6,75.7,65.8,140.3,83.5,134.5
R00591,P100591,Complete,100,2026-07-17T23:59:15+01:00,2026-07-18T00:08:37+01:00,562,Desktop,Chrome,Panel A,e602957276b3,06d9e3645fae,22,18-24,Woman,West Midlands,Suburban,Employed full-time,"£75,000-£99,999",No,Yes,1,8-30 days ago,QuickBite,5,5,6,6,6,4,3,5,6,5,4,3,5,14.18,No,,,,No,More accurate delivery time estimates.,54.1,46.9,98.8,133.5,80.4,70.4
R00592,P100592,Complete,100,2026-07-15T23:53:02+01:00,2026-07-16T00:00:16+01:00,434,Mobile,Chrome,Panel B,7d06a25f15df,3a8a0b2c1099,32,25-34,Man,South East,Suburban,Employed full-time,"Under £20,000",No,Yes,2-3,Past week,FoodGo,5,5,6,6,6,7,3,7,5,5,6,3,6,13.94,No,,,,Yes,Make service charges easier to understand before checkout.,45.8,77.0,71.3,81.2,76.5,48.9
R00593,P100593,Complete,100,2026-07-20T09:16:38+01:00,2026-07-20T09:25:18+01:00,520,Mobile,Safari,Panel A,220890acae1f,49334b6b16d1,51,45-54,Woman,North East,Suburban,Employed full-time,"Under £20,000",No,Yes,0,31-90 days ago,FoodGo,4,5,6,5,5,6,4,4,5,5,4,3,4,20.45,Yes,Payment or refund issue,No,,No,"Better offers for existing customers, not just new users.",34.4,67.2,63.4,182.3,65.3,42.4
R00594,P100594,Complete,100,2026-07-13T11:46:12+01:00,2026-07-13T11:56:01+01:00,589,Mobile,Safari,Panel A,5f99c20d24e1,13915a75193a,21,18-24,Woman,South West,Suburban,Employed full-time,"£20,000-£34,999",No,Yes,4-5,Past week,Restaurant direct,5,5,7,6,5,5,5,5,6,4,6,3,4,11.34,No,,,,No,Improve the accuracy of map tracking.,47.7,53.5,37.8,163.8,103.2,91.4
R00595,P100595,Complete,100,2026-07-19T00:54:27+01:00,2026-07-19T01:04:11+01:00,584,Mobile,Edge,Panel B,15b48aa05155,7f21b72bf507,73,65-74,Woman,South East,Rural,Employed part-time,"£20,000-£34,999",Yes,Yes,1,8-30 days ago,MealDash,3,3,3,5,5,3,4,4,4,3,4,3,2,40.62,No,,,,No,Give drivers clearer instructions for flats and apartment buildings.,51.7,55.5,95.1,154.0,101.4,62.1
R00596,P100596,Complete,100,2026-07-09T16:37:04+01:00,2026-07-09T16:47:36+01:00,632,Mobile,Safari,Panel A,003d03938cea,2b02cb7867f2,32,25-34,Woman,Yorkshire and the Humber,Suburban,Employed full-time,"£20,000-£34,999",No,Yes,2-3,Past week,QuickBite,3,4,4,2,2,4,2,3,2,4,3,3,3,33.04,Yes,Missing or incorrect items,Yes,5,No,More responsive customer support.,68.5,54.3,113.6,128.6,99.9,82.0
R00597,P100597,Complete,100,2026-07-17T20:48:13+01:00,2026-07-17T20:56:29+01:00,496,Mobile,Chrome,Panel A,e061fb80b071,14e0b3cde509,35,35-44,Woman,East of England,Urban,Employed full-time,"£20,000-£34,999",Yes,Yes,6-9,Past week,FoodGo,5,5,6,4,4,3,2,7,4,5,4,3,4,49.03,No,,,,Yes,Lower prices overall.,47.3,108.6,104.3,100.4,65.3,34.0
R00598,P100598,Complete,100,2026-07-14T15:40:46+01:00,2026-07-14T15:48:44+01:00,478,Mobile,Firefox,Panel C,6f25ed2c3b9c,e686164515ee,59,55-64,Man,West Midlands,Urban,Not currently employed,Prefer not to say,No,Yes,10+,Past week,QuickBite,5,5,5,5,6,5,4,4,4,4,5,3,3,24.67,No,,,,Yes,More accurate delivery time estimates.,42.6,89.3,95.9,104.4,35.7,58.1
R00599,P100599,Complete,100,2026-07-16T07:05:12+01:00,2026-07-16T07:15:08+01:00,596,Mobile,Chrome,Panel A,fbdf49a4c4c0,55555a9430f5,43,35-44,Man,London,Suburban,Retired,"Under £20,000",No,Yes,4-5,Today,MealDash,5,5,8,5,6,4,4,5,5,6,6,3,6,25.23,No,,,,No,Improve food temperature on longer deliveries.,58.6,39.8,100.4,119.0,60.4,143.5
R00600,P100600,Complete,100,2026-07-15T22:29:55+01:00,2026-07-15T22:37:36+01:00,461,Desktop,Chrome,Panel B,bad8c9b8c2d4,bb4b3ed8880f,25,25-34,Man,London,Rural,Retired,"£50,000-£74,999",No,Yes,2-3,Past week,FoodGo,4,4,6,4,5,4,5,5,4,3,3,3,2,34.11,No,,,,No,Give drivers clearer instructions for flats and apartment buildings.,59.6,28,90.6,94.4,49.9,70.7
R00601,P100601,Complete,100,2026-07-12T05:27:37+01:00,2026-07-12T05:36:20+01:00,523,Mobile,Chrome,Panel C,9ecad344c800,aeffa5053076,26,25-34,Woman,East of England,Urban,Employed full-time,Prefer not to say,No,Yes,0,8-30 days ago,Restaurant direct,7,7,10,5,5,5,5,5,5,5,5,3,7,13.51,No,,,,Yes,Lower prices overall.,66.5,77.6,91.2,104.6,70.0,71.5
R00602,P100602,Complete,100,2026-07-14T14:49:53+01:00,2026-07-14T14:51:41+01:00,108,Mobile,Chrome,Panel B,fe9f1d8b3f51,469a43d37286,47,45-54,Woman,Scotland,Suburban,Self-employed,"£50,000-£74,999",No,Yes,1,8-30 days ago,MealDash,6,6,3,6,6,5,4,5,6,5,5,3,4,10.79,Yes,Late delivery,No,,Yes,"Better offers for existing customers, not just new users.",16.4,52.2,3,10.1,4.9,12.0
R00603,P100603,Complete,100,2026-07-14T14:17:40+01:00,2026-07-14T14:27:52+01:00,612,Mobile,Safari,Panel A,609156870e1c,933cf347ef81,20,18-24,Woman,Wales,Urban,Employed full-time,"£50,000-£74,999",No,Yes,4-5,Past week,Restaurant direct,7,7,10,7,6,6,7,7,7,7,5,3,7,49.75,No,,,,No,Show unavailable items before I start ordering.,36.2,88.8,127.4,143.5,68.7,75.0
R00604,P100604,Complete,100,2026-07-10T09:21:24+01:00,2026-07-10T09:28:51+01:00,447,Desktop,Chrome,Panel B,6cff97b4740a,52220f9b36be,38,35-44,Woman,South West,Rural,Employed full-time,"Under £20,000",No,Yes,2-3,8-30 days ago,MealDash,3,3,2,3,3,3,2,3,3,3,2,3,1,28.82,No,,,,No,Give drivers clearer instructions for flats and apartment buildings.,53.0,72.6,55.0,91.3,72.1,40.3
R00605,P100605,Complete,100,2026-07-19T07:48:25+01:00,2026-07-19T07:59:06+01:00,641,Mobile,Chrome,Panel A,8c2746ce4e3f,c7439dc0ed06,38,35-44,Man,North West,Suburban,Employed full-time,"£20,000-£34,999",No,Yes,4-5,Past week,MealDash,6,7,8,6,5,7,7,7,5,7,6,3,4,21.7,No,,,,Yes,Fewer missing items and clearer substitutions.,48.7,56.6,119.6,124.1,108.0,108.9
R00606,P100606,Complete,100,2026-07-09T04:10:47+01:00,2026-07-09T04:18:52+01:00,485,Mobile,Chrome,Panel B,3c62d89743d2,e8d5133cb21c,44,35-44,Woman,South West,Urban,Retired,"£50,000-£74,999",No,Yes,1,8-30 days ago,MealDash,5,6,7,5,5,4,4,5,6,3,5,3,4,53.88,No,,,,No,"Lower delivery fees, especially on smaller orders.",38.8,78.8,63.8,130.4,35.9,60.1
R00607,P100607,Complete,100,2026-07-07T02:56:28+01:00,2026-07-07T03:04:52+01:00,504,Mobile,Safari,Panel A,a343fb8f1261,7186e0fc9671,21,18-24,Man,Yorkshire and the Humber,Urban,Employed full-time,Prefer not to say,No,Yes,4-5,Past week,QuickBite,5,4,5,5,5,6,4,6,4,4,5,3,3,17.35,No,,,,No,Better loyalty rewards.,56.8,64.6,93.1,81.2,62.4,91.9
R00608,P100608,Complete,100,2026-07-10T19:12:03+01:00,2026-07-10T19:21:41+01:00,578,Mobile,Chrome,Panel B,9325f59299d6,454ea06ab0b8,38,35-44,Man,London,Urban,Student,"Under £20,000",No,Yes,4-5,Past week,QuickBite,4,4,4,5,3,6,3,4,5,3,4,3,3,24.95,Yes,Driver or handoff issue,No,,No,Faster refunds when something goes wrong.,43.7,63.0,94.7,171.5,58.2,58.1
R00609,P100609,Complete,100,2026-07-15T01:38:52+01:00,2026-07-15T01:48:34+01:00,582,Mobile,Safari,Panel B,2e2899b7bbaa,292759b92cf7,26,25-34,Man,North East,Urban,Employed full-time,"£75,000-£99,999",No,Yes,4-5,Past week,QuickBite,5,5,6,3,5,5,6,6,5,5,7,3,4,18.99,No,,,,No,Nothing major; the service generally works well for me.,33.7,52.0,120.5,113.9,99.7,75.9
R00610,P100610,Complete,100,2026-07-20T13:09:47+01:00,2026-07-20T13:17:47+01:00,480,Desktop,Chrome,Panel A,dd18936507e1,42837d913826,49,45-54,Man,Scotland,Suburban,Employed full-time,"Under £20,000",No,Yes,4-5,Past week,FoodGo,6,7,7,7,7,6,5,5,6,6,6,3,6,21.67,No,,,,Yes,Let customers edit an order for a short time after placing it.,31.2,88.3,100.1,68.7,69.6,62.9
R00611,P100611,Complete,100,2026-07-18T22:20:55+01:00,2026-07-18T22:30:22+01:00,567,Mobile,Safari,Panel A,a5471a7283bf,80e940231dc7,54,45-54,Man,East of England,Urban,Employed part-time,"£50,000-£74,999",No,Yes,2-3,8-30 days ago,QuickBite,3,3,5,3,4,4,1,3,5,3,3,3,1,28.6,Yes,Late delivery,Yes,5,No,More accurate delivery time estimates.,36.7,48.2,84.9,154.2,88.6,86.9
R00612,P100612,Complete,100,2026-07-12T14:50:58+01:00,2026-07-12T14:59:27+01:00,509,Mobile,Safari,Panel A,e7be92799e7f,eb7ab5d5701f,54,45-54,Woman,North East,Rural,Self-employed,"Under £20,000",No,Yes,0,8-30 days ago,Restaurant direct,3,3,4,6,6,6,6,6,6,6,6,3,4,20.81,Yes,Order cancelled,No,,No,Improve the accuracy of map tracking.,45.2,76.0,107.6,122.6,95.2,19.4
R00613,P100613,Complete,100,2026-07-20T12:53:35+01:00,2026-07-20T13:01:27+01:00,472,Mobile,Safari,Panel C,e46aa233f2e5,270fd1a002fd,59,55-64,Man,Yorkshire and the Humber,Suburban,Retired,"£35,000-£49,999",No,Yes,2-3,Past week,QuickBite,5,5,7,6,4,4,4,4,6,3,5,3,4,51.26,Yes,Payment or refund issue,Yes,3,No,More responsive customer support.,66.4,67.2,50.2,110.9,57.8,49.1
R00614,P100614,Complete,100,2026-07-14T23:07:06+01:00,2026-07-14T23:17:00+01:00,594,Mobile,Chrome,Panel C,b1a7fa67d0c6,98d84bab93e0,56,55-64,Woman,East of England,Urban,Employed full-time,"£20,000-£34,999",Yes,Yes,0,31-90 days ago,MealDash,4,5,5,5,6,3,6,4,3,3,4,3,4,22.6,No,,,,No,More accurate delivery time estimates.,36.3,50.4,69.0,160.9,77.2,97.2
R00615,P100615,Complete,100,2026-07-11T11:27:13+01:00,2026-07-11T11:35:14+01:00,481,Desktop,Safari,Panel B,288db3374d94,1e4b6e7f107b,29,25-34,Woman,West Midlands,Suburban,Student,"£75,000-£99,999",No,Yes,2-3,Past week,Other,4,4,6,4,3,3,4,4,5,3,5,3,2,21.4,No,,,,No,More restaurant choice in my area.,40.1,36.5,119.4,139.9,68.1,38.6
R00616,P100616,Complete,100,2026-07-06T16:35:11+01:00,2026-07-06T16:45:16+01:00,605,Mobile,Chrome,Panel C,1c63a6272d47,d8801839f3e1,18,18-24,Man,East of England,Urban,Self-employed,"£20,000-£34,999",No,Yes,4-5,Today,MealDash,6,5,8,7,5,5,6,7,6,5,3,3,6,25.17,No,,,,No,Show unavailable items before I start ordering.,56.0,85.4,119.8,136.7,72.6,89.7
R00617,P100617,Complete,100,2026-07-19T17:31:48+01:00,2026-07-19T17:40:50+01:00,542,Mobile,Chrome,Panel B,ca67517cd43d,f8faaf01ed5c,46,45-54,Woman,West Midlands,Urban,Employed full-time,"£50,000-£74,999",No,Yes,2-3,8-30 days ago,FoodGo,3,3,5,3,5,3,3,3,4,2,3,3,2,40.87,Yes,Late delivery,Yes,3,Yes,More responsive customer support.,41.5,66.4,128.7,106.3,87.6,85.0
R00618,P100618,Complete,100,2026-07-06T13:03:06+01:00,2026-07-06T13:12:01+01:00,535,Mobile,Chrome,Panel C,39a77c45c4f8,c95035b5aab4,21,18-24,Man,North West,Rural,Employed full-time,"£35,000-£49,999",Yes,Yes,0,31-90 days ago,QuickBite,6,7,10,6,7,6,6,7,7,7,4,3,4,29.54,No,,,,No,"Better offers for existing customers, not just new users.",46.4,52.2,126.1,144.0,35.3,64.0
R00619,P100619,Complete,100,2026-07-08T21:49:43+01:00,2026-07-08T21:58:13+01:00,510,Mobile,Chrome,Panel A,a0006be47201,40b374f23734,38,35-44,Man,South East,Urban,Employed full-time,"£50,000-£74,999",No,Yes,6-9,Today,MealDash,4,4,5,4,5,4,3,4,3,4,3,3,5,41.4,No,,,,No,Fewer missing items and clearer substitutions.,36.7,71.2,69.6,114.0,125.0,19.4
R00620,P100620,Complete,100,2026-07-09T21:41:47+01:00,2026-07-09T21:51:21+01:00,574,Mobile,Safari,Panel C,96fc83ee4628,3c44385eb800,51,45-54,Woman,East Midlands,Rural,Self-employed,"£20,000-£34,999",Yes,Yes,0,8-30 days ago,QuickBite,6,6,8,6,6,6,6,6,6,6,6,3,5,22.42,No,,,,Yes,More consistent delivery times at weekends.,48.0,61.1,125.1,113.6,97.9,62.7
R00621,P100621,Complete,100,2026-07-11T18:15:46+01:00,2026-07-11T18:25:59+01:00,613,Mobile,Safari,Panel A,6879f4056506,6d14d87992ce,73,65-74,Man,South East,Urban,Student,"£75,000-£99,999",No,Yes,6-9,Past week,MealDash,6,5,7,7,6,5,6,6,6,6,6,3,7,26.14,No,,,,Yes,"Lower delivery fees, especially on smaller orders.",56.6,71.0,138.9,140.5,64.6,81.4
R00622,P100622,Complete,100,2026-07-16T11:15:39+01:00,2026-07-16T11:24:05+01:00,506,Tablet,Chrome,Panel C,66b0e1a5c6c6,8ca12e42869f,61,55-64,Man,London,Urban,Retired,"£20,000-£34,999",No,Yes,2-3,8-30 days ago,QuickBite,4,4,6,2,2,2,2,2,2,2,2,3,3,23.35,Yes,Late delivery,No,,Yes,Make service charges easier to understand before checkout.,60.1,53.0,98.8,111.2,42.0,51.3
R00623,P100623,Complete,100,2026-07-08T00:40:31+01:00,2026-07-08T00:51:14+01:00,643,Mobile,Chrome,Panel A,56c961443946,537db77e2c46,22,18-24,Woman,Northern Ireland,Urban,Employed full-time,"£50,000-£74,999",No,Yes,2-3,8-30 days ago,MealDash,5,5,4,5,5,5,4,5,4,4,3,3,4,38.42,No,,,,Yes,Improve food temperature on longer deliveries.,51.0,79.0,139.7,67.5,93.3,39.2
R00624,P100624,Complete,100,2026-07-12T19:50:15+01:00,2026-07-12T19:58:22+01:00,487,Desktop,Safari,Panel C,c128d23bd6d5,ed0e7f747827,71,65-74,Woman,East Midlands,Suburban,Self-employed,"£35,000-£49,999",No,Yes,1,Past week,Restaurant direct,5,5,6,7,5,5,5,4,5,5,7,3,4,17.28,No,,,,No,"Better offers for existing customers, not just new users.",42.0,96.5,74.1,93.2,49.3,28.8
R00625,P100625,Complete,100,2026-07-14T19:59:35+01:00,2026-07-14T20:06:39+01:00,424,Desktop,Chrome,Panel C,c0adb42c00cd,84247c1e1878,28,25-34,Woman,South West,Urban,Retired,"Under £20,000",Yes,Yes,1,8-30 days ago,FoodGo,4,3,5,4,4,3,3,4,3,3,3,3,4,50.18,Yes,Late delivery,Yes,6,No,Let customers edit an order for a short time after placing it.,43.9,68.3,92.7,87.7,62.8,27.8
R00626,P100626,Complete,100,2026-07-16T11:15:07+01:00,2026-07-16T11:26:00+01:00,653,Mobile,Chrome,Panel B,defcf8cc88f8,84334f3b9a97,64,55-64,Woman,London,Suburban,Employed part-time,"Under £20,000",Yes,Yes,6-9,Past week,QuickBite,4,5,5,5,6,3,4,3,4,3,5,3,4,22.77,Yes,Missing or incorrect items,Yes,5,Yes,"Lower delivery fees, especially on smaller orders.",42.3,73.6,79.9,138.4,132.6,109.4
R00627,P100627,Complete,100,2026-07-09T20:38:11+01:00,2026-07-09T20:47:56+01:00,585,Mobile,Safari,Panel A,ee34a5045c22,695e2d22b02f,30,25-34,Prefer not to say,North East,Urban,Employed part-time,"£75,000-£99,999",Yes,Yes,0,Today,QuickBite,5,6,8,5,5,6,5,5,5,3,6,3,3,55.69,No,,,,Yes,More restaurant choice in my area.,60.7,76.7,129.9,139.1,54.7,58.5
R00628,P100628,Complete,100,2026-07-13T05:13:02+01:00,2026-07-13T05:19:36+01:00,394,Desktop,Chrome,Panel A,b0e6ae8619c9,47ae45ecbca6,73,65-74,Man,South East,Urban,Employed full-time,"£35,000-£49,999",No,Yes,10+,Today,FoodGo,3,3,4,5,5,5,5,5,5,5,5,3,1,20.38,No,,,,Yes,Give drivers clearer instructions for flats and apartment buildings.,18,28,81.5,80.6,70.5,74.5
R00629,P100629,Complete,100,2026-07-17T17:42:31+01:00,2026-07-17T17:50:50+01:00,499,Mobile,Chrome,Panel B,a3100c889c04,882a15c71b66,63,55-64,Woman,Scotland,Rural,Employed full-time,"£50,000-£74,999",No,Yes,0,31-90 days ago,QuickBite,4,4,3,3,4,5,4,5,4,4,2,3,3,18.27,No,,,,No,Lower prices overall.,37.7,67.7,63.6,144.3,30.2,69.8
R00630,P100630,Complete,100,2026-07-16T02:08:24+01:00,2026-07-16T02:10:31+01:00,127,Desktop,Edge,Panel A,f9b6c13d92b8,1bee33cecbb4,34,25-34,Man,North West,Urban,Self-employed,"£50,000-£74,999",Yes,Yes,4-5,Past week,QuickBite,6,6,10,6,6,5,6,6,6,6,5,3,5,25.91,No,,,,Yes,More environmentally friendly packaging options.,4.5,18.2,3,66.3,3,23.8
R00631,P100631,Complete,100,2026-07-15T12:46:25+01:00,2026-07-15T12:56:42+01:00,617,Mobile,Safari,Panel B,be8cfe85a382,7359be10a483,57,55-64,Woman,North West,Suburban,Not currently employed,"£50,000-£74,999",No,Yes,1,Past week,QuickBite,3,3,2,4,2,3,2,3,2,1,2,3,3,22.04,Yes,Order cancelled,Yes,3,No,Better tracking when the driver is close.,57.3,73.7,115.7,159.9,74.8,77.4
R00632,P100632,Complete,100,2026-07-15T03:41:25+01:00,2026-07-15T03:49:41+01:00,496,Desktop,Safari,Panel A,a12c553d7c54,afd793186854,70,65-74,Woman,South East,Rural,Student,"£20,000-£34,999",Yes,Yes,4-5,Past week,QuickBite,4,5,5,3,5,2,3,4,6,6,3,3,5,21.68,No,,,,Yes,Let customers edit an order for a short time after placing it.,52.6,74.8,119.8,66.9,74.8,18
R00633,P100633,Complete,100,2026-07-11T20:21:23+01:00,2026-07-11T20:29:41+01:00,498,Mobile,Chrome,Panel A,f300be87c8a2,8b0f5e3d2035,27,25-34,Man,West Midlands,Suburban,Employed part-time,"£50,000-£74,999",No,Yes,4-5,Past week,QuickBite,3,3,4,4,4,2,3,2,4,4,3,3,3,19.29,Yes,Food arrived cold,Yes,3,Yes,More consistent delivery times at weekends.,42.0,77.8,58.8,156.4,83.2,19.4
R00634,P100634,Complete,100,2026-07-14T13:11:32+01:00,2026-07-14T13:19:59+01:00,507,Tablet,Safari,Panel C,cec00138a53e,2df07c7adc16,32,25-34,Woman,North East,Urban,Employed part-time,"£20,000-£34,999",Yes,Yes,2-3,8-30 days ago,Other,5,5,5,5,6,4,4,5,5,4,4,3,5,21.11,Yes,Late delivery,Yes,4,No,"Better offers for existing customers, not just new users.",18.9,50.0,79.5,121.5,87.6,95.9
R00635,P100635,Complete,100,2026-07-15T09:34:35+01:00,2026-07-15T09:43:51+01:00,556,Tablet,Safari,Panel B,cda10d472220,710f2e827b10,33,25-34,Man,North West,Suburban,Employed part-time,"£50,000-£74,999",No,Yes,10+,Past week,QuickBite,4,4,8,5,3,3,3,4,3,2,3,3,3,13.84,No,,,,No,"Lower delivery fees, especially on smaller orders.",42.0,60.2,98.2,159.0,74.9,47.8
R00636,P100636,Complete,100,2026-07-11T10:58:21+01:00,2026-07-11T11:08:36+01:00,615,Mobile,Safari,Panel A,b00752728651,f3b8fbdcfb51,27,25-34,Woman,West Midlands,Urban,Retired,"£100,000+",Yes,Yes,6-9,Past week,Restaurant direct,3,5,2,3,3,4,3,3,3,3,3,3,3,22.32,Yes,Payment or refund issue,Yes,6,No,Let customers edit an order for a short time after placing it.,54.0,86.9,89.4,119.5,121.3,82.0
R00637,P100637,Complete,100,2026-07-18T14:14:20+01:00,2026-07-18T14:15:33+01:00,73,Mobile,Firefox,Panel B,2b735fbd6da3,6fb165d0ff24,22,18-24,Woman,Yorkshire and the Humber,Rural,Self-employed,"£20,000-£34,999",No,Yes,2-3,Past week,FoodGo,4,4,6,4,6,5,4,3,4,4,3,3,4,19.65,Yes,Food arrived cold,No,,Yes,Make service charges easier to understand before checkout.,3,29.9,3,15.5,9.9,3
R00638,P100638,Complete,100,2026-07-18T19:52:39+01:00,2026-07-18T20:04:13+01:00,694,Mobile,Chrome,Panel A,43a951d1e740,03f8827ab154,60,55-64,Woman,London,Suburban,Employed full-time,"£75,000-£99,999",Yes,Yes,0,31-90 days ago,QuickBite,5,5,6,6,4,5,4,5,4,4,3,3,6,49.61,No,,,,No,Lower prices overall.,39.5,110.2,99.3,161.4,93.7,103.8
R00639,P100639,Complete,100,2026-07-19T10:28:01+01:00,2026-07-19T10:36:21+01:00,500,Desktop,Edge,Panel A,32d0fc81e742,f3c618846444,24,18-24,Man,West Midlands,Urban,Self-employed,"£75,000-£99,999",No,Yes,0,Today,Other,5,6,5,5,5,5,4,6,6,6,4,3,4,36.57,No,,,,No,Make service charges easier to understand before checkout.,41.3,74.0,76.4,97.0,39.6,95.5
R00640,P100640,Complete,100,2026-07-08T17:01:22+01:00,2026-07-08T17:10:34+01:00,552,Tablet,Safari,Panel A,16d86f562062,0821fe6c8585,64,55-64,Man,North West,Suburban,Employed full-time,"£75,000-£99,999",Yes,Yes,2-3,8-30 days ago,QuickBite,7,7,10,6,7,6,7,7,6,7,7,3,7,29.7,No,,,,No,Reduce minimum order values.,32.3,61.0,96.2,100.6,56.5,93.5
R00641,P100641,Complete,100,2026-07-08T04:26:29+01:00,2026-07-08T04:34:29+01:00,480,Mobile,Safari,Panel B,0da3e4022e18,703152fa40a3,57,55-64,Woman,West Midlands,Suburban,Student,"£50,000-£74,999",No,Yes,4-5,Past week,QuickBite,4,4,3,5,5,3,3,5,4,3,3,3,2,26.32,Yes,Missing or incorrect items,No,,No,Fewer missing items and clearer substitutions.,33.1,80.7,150.6,38.5,63.0,50.5
R00642,P100642,Complete,100,2026-07-20T03:14:40+01:00,2026-07-20T03:25:41+01:00,661,Mobile,Chrome,Panel C,2f81bc3227c4,be591d1d438a,62,55-64,Woman,East of England,Rural,Retired,"£75,000-£99,999",Yes,Yes,0,8-30 days ago,Restaurant direct,4,3,4,4,6,3,2,6,4,5,4,3,5,36.53,No,,,,No,Show unavailable items before I start ordering.,45.6,88.7,117.4,200.1,47.8,92.5
R00643,P100643,Complete,100,2026-07-12T05:55:10+01:00,2026-07-12T06:04:04+01:00,534,Mobile,Firefox,Panel C,a3af9ca60e44,2b5ed875a770,59,55-64,Woman,North West,Urban,Employed part-time,"£50,000-£74,999",Yes,Yes,2-3,8-30 days ago,QuickBite,5,5,5,7,4,5,4,6,5,6,5,3,4,20.49,No,,,,No,Fewer missing items and clearer substitutions.,43.1,77.8,81.5,154.8,87.1,52.7
R00644,P100644,Complete,100,2026-07-15T17:17:47+01:00,2026-07-15T17:27:52+01:00,605,Tablet,Chrome,Panel A,e139fb03e192,2bc4ef7ea009,55,55-64,Woman,London,Suburban,Employed part-time,"£20,000-£34,999",Yes,Yes,0,31-90 days ago,FoodGo,6,5,7,6,5,4,5,4,5,5,5,3,5,30.78,No,,,,No,Nothing major; the service generally works well for me.,61.4,78.1,132.6,101.6,84.5,99.6
R00645,P100645,Complete,100,2026-07-15T21:41:15+01:00,2026-07-15T21:51:34+01:00,619,Mobile,Edge,Panel B,efbb2be4bac7,a4810d734453,47,45-54,Man,Yorkshire and the Humber,Urban,Retired,"£35,000-£49,999",No,Yes,6-9,Past week,QuickBite,6,7,10,4,4,4,4,4,4,4,4,3,5,15.56,No,,,,No,Better tracking when the driver is close.,40.4,59.0,111.4,175.6,92.1,70.2
R00646,P100646,Complete,100,2026-07-16T05:38:50+01:00,2026-07-16T05:47:01+01:00,491,Desktop,Chrome,Panel A,395b204c7ba4,e5b8a226c399,33,25-34,Woman,Yorkshire and the Humber,Urban,Employed full-time,"Under £20,000",No,Yes,2-3,Past week,QuickBite,6,6,8,6,7,6,6,7,5,5,6,3,5,24.85,No,,,,No,Nothing major; the service generally works well for me.,28.5,41.2,114.2,96.6,89.7,62.8
R00647,P100647,Complete,100,2026-07-17T04:11:32+01:00,2026-07-17T04:19:40+01:00,488,Mobile,Firefox,Panel B,372747dad86f,c2e77b52b379,52,45-54,Man,South West,Suburban,Employed part-time,"£35,000-£49,999",Yes,Yes,0,8-30 days ago,FoodGo,5,6,7,5,3,6,6,6,5,6,5,3,6,27.16,No,,,,No,Show unavailable items before I start ordering.,47.9,84.0,88.8,79.4,76.0,53.9
R00648,P100648,Complete,100,2026-07-14T16:41:25+01:00,2026-07-14T16:50:43+01:00,558,Desktop,Edge,Panel B,b3f4011ccda4,8451941a0823,33,25-34,Man,Wales,Urban,Employed full-time,Prefer not to say,No,Yes,2-3,Past week,Restaurant direct,6,6,8,4,4,4,4,4,4,4,4,3,4,21.75,No,,,,No,Faster refunds when something goes wrong.,36.4,96.0,90.1,127.0,114.6,18
R00649,P100649,Complete,100,2026-07-08T19:13:30+01:00,2026-07-08T19:22:39+01:00,549,Mobile,Chrome,Panel B,f6f56fef3991,306652984c28,23,18-24,Woman,South East,Urban,Employed full-time,"Under £20,000",Yes,Yes,0,31-90 days ago,FoodGo,5,4,6,6,6,5,3,4,5,4,3,3,6,26.65,No,,,,Yes,Better loyalty rewards.,50.7,43.6,103.1,154.5,67.1,39.4
R00650,P100650,Complete,100,2026-07-18T04:34:10+01:00,2026-07-18T04:43:03+01:00,533,Mobile,Firefox,Panel A,b44996880384,8a459ec24b42,52,45-54,Man,London,Suburban,Employed full-time,"£50,000-£74,999",No,Yes,6-9,Past week,MealDash,3,5,3,4,3,3,3,3,3,4,4,3,3,20.79,Yes,Late delivery,Yes,5,No,Reduce minimum order values.,71.1,60.9,123.3,99.2,84.7,68.9
R00651,P100651,Complete,100,2026-07-17T01:18:00+01:00,2026-07-17T01:19:26+01:00,86,Mobile,Safari,Panel A,8fface3a14a2,0e108e63c99a,60,55-64,Woman,London,Rural,Employed part-time,"£20,000-£34,999",No,Yes,2-3,Past week,Restaurant direct,5,6,6,5,6,5,6,6,7,5,4,3,6,29.99,No,,,,No,qwerty,3,5.5,17.2,10.2,27.5,13.7
R00652,P100652,Complete,100,2026-07-11T23:23:52+01:00,2026-07-11T23:33:00+01:00,548,Mobile,Chrome,Panel A,c5af91518c48,48d1e3ed03ef,25,25-34,Man,North East,Urban,Employed full-time,"£100,000+",No,Yes,4-5,Past week,QuickBite,5,5,7,6,6,4,4,5,6,3,5,3,5,53.08,No,,,,Yes,More environmentally friendly packaging options.,80.5,64.8,126.2,87.1,86.3,52.8
R00653,P100653,Complete,100,2026-07-15T10:26:04+01:00,2026-07-15T10:35:15+01:00,551,Mobile,Chrome,Panel C,8339a8077172,a72d69db193b,59,55-64,Man,South East,Rural,Not currently employed,"£50,000-£74,999",No,Yes,0,31-90 days ago,FoodGo,6,6,7,7,7,7,5,7,6,6,6,3,5,31.07,No,,,,No,Lower prices overall.,50.9,66.8,87.9,181.9,90.6,35.2
R00654,P100654,Complete,100,2026-07-17T19:44:46+01:00,2026-07-17T19:54:26+01:00,580,Desktop,Safari,Panel B,da68bcf38a55,3af347bb3e95,44,35-44,Woman,East of England,Rural,Employed part-time,"£35,000-£49,999",No,Yes,0,31-90 days ago,FoodGo,5,5,5,4,5,4,5,2,5,4,4,3,3,25.69,No,,,,No,Better tracking when the driver is close.,30.8,68.2,88.8,155.7,75.7,110.7
R00655,P100655,Complete,100,2026-07-13T18:27:03+01:00,2026-07-13T18:35:37+01:00,514,Mobile,Chrome,Panel A,87f0d182ad03,252e1cb0eb86,29,25-34,Man,South East,Suburban,Not currently employed,"£20,000-£34,999",No,Yes,0,31-90 days ago,Restaurant direct,6,6,9,6,7,7,7,7,6,7,5,3,4,18.78,No,,,,No,Nothing major; the service generally works well for me.,43.1,81.8,68.6,55.5,110.3,102.1
R00656,P100656,Complete,100,2026-07-15T06:54:27+01:00,2026-07-15T07:03:32+01:00,545,Mobile,Chrome,Panel B,b398c4551ac7,f507ec3ebc29,37,35-44,Woman,London,Suburban,Employed part-time,"£50,000-£74,999",No,Yes,0,8-30 days ago,Restaurant direct,6,7,6,6,6,5,4,6,6,6,6,3,6,14.49,Yes,Driver or handoff issue,Yes,4,No,Nothing major; the service generally works well for me.,41.7,83.9,106.9,98.9,54.3,79.5
R00657,P100657,Complete,100,2026-07-15T07:49:35+01:00,2026-07-15T07:57:09+01:00,454,Mobile,Chrome,Panel B,b7a099351316,a52a125944f1,63,55-64,Man,Wales,Urban,Retired,"£35,000-£49,999",Yes,Yes,6-9,Today,FoodGo,5,5,8,5,5,4,5,6,5,5,5,3,4,18.25,No,,,,Yes,Lower prices overall.,43.2,62.3,88.6,149.3,30.2,19.4
R00658,P100658,Complete,100,2026-07-09T13:58:23+01:00,2026-07-09T14:07:05+01:00,522,Mobile,Firefox,Panel A,b3ef1991d845,9d7e5a563bf7,23,18-24,Woman,North West,Rural,Employed full-time,"£75,000-£99,999",No,Yes,2-3,Past week,QuickBite,5,6,7,5,5,4,4,4,6,3,3,3,4,15.98,No,,,,Yes,Better tracking when the driver is close.,44.9,56.9,98.3,149.6,66.9,67.9
R00659,P100659,Complete,100,2026-07-08T17:09:13+01:00,2026-07-08T17:17:35+01:00,502,Desktop,Safari,Panel A,5100ef523988,d5958e470878,28,25-34,Man,West Midlands,Urban,Student,"£35,000-£49,999",No,Yes,10+,Past week,QuickBite,6,7,9,7,7,5,5,7,6,6,6,3,7,37.95,No,,,,No,"Better offers for existing customers, not just new users.",43.0,69.2,86.4,101.7,70.3,56.4
R00660,P100660,Complete,100,2026-07-07T00:54:40+01:00,2026-07-07T01:03:26+01:00,526,Mobile,Chrome,Panel A,255c52aecf96,0269089aa006,18,18-24,Woman,West Midlands,Rural,Employed full-time,"£75,000-£99,999",Yes,Yes,1,8-30 days ago,QuickBite,5,7,7,6,3,5,5,4,4,7,5,3,4,45.05,Yes,Payment or refund issue,No,,No,Make service charges easier to understand before checkout.,23.2,41.1,89.1,122.8,71.6,139.6
R00661,P100661,Complete,100,2026-07-09T17:46:17+01:00,2026-07-09T17:55:48+01:00,571,Mobile,Chrome,Panel A,916a6617fa2c,91ef48c246e1,28,25-34,Man,London,Rural,Retired,"£35,000-£49,999",Yes,Yes,2-3,Past week,QuickBite,5,5,7,5,6,4,3,6,5,6,3,3,4,27.94,No,,,,No,More environmentally friendly packaging options.,44.8,67.8,79.5,172.9,53.5,111.7
R00662,P100662,Complete,100,2026-07-10T15:45:32+01:00,2026-07-10T15:55:07+01:00,575,Mobile,Safari,Panel C,9b0664e5e474,59094c37774f,46,45-54,Woman,West Midlands,Rural,Employed full-time,"£20,000-£34,999",No,Yes,1,8-30 days ago,MealDash,5,5,8,4,6,4,4,4,5,6,6,3,6,16.74,No,,,,No,Improve the accuracy of map tracking.,28.8,92.0,64.6,166.6,35.9,108.3
R00663,P100663,Complete,100,2026-07-08T23:52:27+01:00,2026-07-09T00:01:06+01:00,519,Desktop,Safari,Panel C,314737834d43,e5c9a29d7dfa,56,55-64,Man,South West,Urban,Employed part-time,"£50,000-£74,999",Yes,Yes,1,Past week,MealDash,5,6,5,5,5,5,5,5,5,5,5,3,6,51.77,No,,,,No,More environmentally friendly packaging options.,18,67.4,108.9,122.1,72.3,53.7
R00664,P100664,Complete,100,2026-07-17T18:16:21+01:00,2026-07-17T18:27:02+01:00,641,Mobile,Firefox,Panel B,05634f791359,28146509e21d,53,45-54,Man,North West,Suburban,Student,"£50,000-£74,999",No,Yes,6-9,Past week,QuickBite,5,3,5,3,5,6,4,5,6,5,4,3,3,21.81,No,,,,No,Show unavailable items before I start ordering.,43.3,95.5,102.9,78.3,132.9,85.0
R00665,P100665,Complete,100,2026-07-15T22:55:16+01:00,2026-07-15T23:05:21+01:00,605,Mobile,Safari,Panel B,716b5fee5c50,1c370d97dcbf,29,25-34,Woman,London,Urban,Employed full-time,"Under £20,000",No,Yes,6-9,Today,QuickBite,6,5,8,5,6,7,5,7,7,5,5,3,4,27.86,No,,,,Yes,Lower prices overall.,43.5,83.3,127.0,84.9,126.8,73.8
R00666,P100666,Complete,100,2026-07-20T19:08:45+01:00,2026-07-20T19:17:56+01:00,551,Mobile,Safari,Panel A,1177b5e16be0,be16e89fed0f,19,18-24,Man,Scotland,Urban,Employed full-time,"£20,000-£34,999",No,Yes,2-3,Past week,Restaurant direct,6,5,9,7,5,7,4,7,6,5,6,3,6,30.14,Yes,Driver or handoff issue,Yes,6,Yes,More consistent delivery times at weekends.,56.4,92.1,102.9,114.8,98.4,19.4
R00667,P100667,Complete,100,2026-07-20T15:47:02+01:00,2026-07-20T15:58:19+01:00,677,Tablet,Safari,Panel A,af0e51e5727a,92e658026622,44,35-44,Man,London,Suburban,Employed part-time,Prefer not to say,No,Yes,6-9,Past week,MealDash,5,4,6,4,6,6,4,5,5,5,5,3,4,21.07,No,,,,No,Improve the accuracy of map tracking.,47.8,83.7,152.8,138.6,68.0,111.3
R00668,P100668,Complete,100,2026-07-19T19:22:57+01:00,2026-07-19T19:32:56+01:00,599,Desktop,Edge,Panel A,da5503e61db5,8846e5901b46,34,25-34,Man,West Midlands,Urban,Employed full-time,"£50,000-£74,999",Yes,Yes,10+,Today,MealDash,3,3,3,3,2,5,4,3,2,3,3,3,3,63.26,Yes,Late delivery,No,,No,Reduce minimum order values.,37.4,109.6,108.4,124.2,85.4,64.0
R00669,P100669,Complete,100,2026-07-13T07:10:09+01:00,2026-07-13T07:19:59+01:00,590,Mobile,Chrome,Panel A,d2fd8a0b0fba,c2136d25ed91,42,35-44,Woman,North West,Suburban,Employed full-time,"£20,000-£34,999",Yes,Yes,1,Past week,QuickBite,6,7,8,6,7,5,5,7,5,5,7,3,5,120,No,,,,No,"Better offers for existing customers, not just new users.",19.4,80.6,143.9,131.9,93.9,73.4
R00670,P100670,Complete,100,2026-07-06T14:11:33+01:00,2026-07-06T14:19:21+01:00,468,Mobile,Firefox,Panel A,c7601dc3c365,aa45abb6115b,44,35-44,Woman,West Midlands,Urban,Employed full-time,"£50,000-£74,999",No,Yes,6-9,Past week,QuickBite,4,4,6,4,3,3,5,5,3,3,5,3,4,36.35,No,,,,No,More environmentally friendly packaging options.,57.1,40.0,40.8,117.1,45.9,77.1
R00671,P100671,Complete,100,2026-07-20T14:10:49+01:00,2026-07-20T14:17:52+01:00,423,Mobile,Edge,Panel B,87b1c2dabeb2,efb4f51f1252,40,35-44,Woman,West Midlands,Urban,Employed part-time,"Under £20,000",No,Yes,0,31-90 days ago,QuickBite,5,6,6,5,5,5,5,5,7,5,4,3,4,41.04,No,,,,No,Let customers edit an order for a short time after placing it.,32.7,89.1,74.1,80.8,78.3,38.4
R00672,P100672,Complete,100,2026-07-20T18:50:56+01:00,2026-07-20T19:01:24+01:00,628,Mobile,Safari,Panel B,eef4d3675801,7ec82cc7a84a,67,65-74,Man,West Midlands,Urban,Employed full-time,"£50,000-£74,999",No,Yes,2-3,Past week,FoodGo,5,4,4,5,5,5,4,5,6,4,5,3,3,38.59,Yes,Late delivery,No,,No,More environmentally friendly packaging options.,63.2,61.8,107.9,156.7,82.2,75.8
R00673,P100673,Complete,100,2026-07-19T01:39:13+01:00,2026-07-19T01:47:52+01:00,519,Mobile,Chrome,Panel A,6d29f9ac7142,823411970834,46,45-54,Woman,Yorkshire and the Humber,Rural,Employed part-time,"£50,000-£74,999",No,Yes,1,Past week,MealDash,5,6,8,6,6,5,4,5,5,4,5,3,5,16.41,No,,,,Yes,Improve food temperature on longer deliveries.,39.1,82.1,120.9,95.2,95.0,24.9
R00674,P100674,Complete,100,2026-07-20T01:58:20+01:00,2026-07-20T02:04:15+01:00,355,Mobile,Firefox,Panel C,71a3dd9a59df,64a816ff736e,50,45-54,Woman,West Midlands,Suburban,Retired,"£50,000-£74,999",Yes,Yes,4-5,Past week,FoodGo,5,5,5,5,6,4,3,5,4,5,5,3,6,28.0,No,,,,Yes,More accurate delivery time estimates.,41.4,55.7,107.4,49.0,30.2,24.0
R00675,P100675,Complete,100,2026-07-10T04:41:47+01:00,2026-07-10T04:51:53+01:00,606,Mobile,Safari,Panel A,6982b7172608,0963584934ad,56,55-64,Woman,London,Urban,Employed full-time,"£35,000-£49,999",Yes,Yes,1,Past week,QuickBite,5,5,6,5,4,3,5,6,5,4,4,3,4,31.04,No,,,,Yes,Better loyalty rewards.,51.6,62.7,136.1,175.7,50.1,74.3
R00676,P100676,Complete,100,2026-07-17T15:37:23+01:00,2026-07-17T15:44:55+01:00,452,Desktop,Chrome,Panel B,4ed9ce994f13,a3ec8b682c5f,44,35-44,Woman,North East,Urban,Employed full-time,"Under £20,000",Yes,Yes,4-5,Past week,FoodGo,6,6,6,7,4,7,5,7,5,5,5,3,5,50.34,No,,,,Yes,qwerty,40.2,42.0,86.8,78.9,85.0,62.3
R00677,P100677,Complete,100,2026-07-15T10:23:34+01:00,2026-07-15T10:25:32+01:00,118,Mobile,Safari,Panel B,5ee99314413a,90afa4c3bb7c,46,45-54,Woman,South East,Rural,Student,"Under £20,000",No,Yes,4-5,Today,FoodGo,4,4,5,3,4,4,2,4,5,5,4,3,3,19.91,Yes,Other,No,,No,More responsive customer support.,44.2,29.4,12.0,16.0,4.1,3
R00678,P100678,Complete,100,2026-07-13T17:31:12+01:00,2026-07-13T17:40:59+01:00,587,Mobile,Safari,Panel B,81f834729802,420e6c60095d,31,25-34,Woman,Yorkshire and the Humber,Urban,Employed part-time,"£75,000-£99,999",No,Yes,10+,Past week,QuickBite,5,5,6,4,6,4,4,4,4,4,5,3,4,34.17,No,,,,No,Show unavailable items before I start ordering.,62.6,102.6,96.8,119.4,86.9,82.3
R00679,P100679,Complete,100,2026-07-20T08:39:50+01:00,2026-07-20T08:49:46+01:00,596,Mobile,Safari,Panel A,8b966d7fc37d,fada6d1e9986,26,25-34,Man,North West,Urban,Not currently employed,"£35,000-£49,999",Yes,Yes,6-9,Today,Other,5,6,8,5,5,5,5,5,5,6,4,3,6,45.04,No,,,,No,Show unavailable items before I start ordering.,69.4,96.3,122.4,105.6,42.2,78.6
R00680,P100680,Complete,100,2026-07-11T22:01:30+01:00,2026-07-11T22:12:56+01:00,686,Mobile,Safari,Panel B,0dc2d005ff78,d2795ebf5aa4,27,25-34,Man,South West,Suburban,Employed full-time,"£35,000-£49,999",Yes,Yes,4-5,Past week,MealDash,4,4,5,4,4,4,2,5,1,3,3,3,3,26.57,Yes,Late delivery,No,,No,Faster refunds when something goes wrong.,49.1,76.3,146.3,161.5,111.6,75.6
R00681,P100681,Complete,100,2026-07-15T04:53:17+01:00,2026-07-15T05:01:00+01:00,463,Tablet,Safari,Panel C,154933f7fc38,758c92b2e97a,53,45-54,Man,East of England,Suburban,Employed full-time,"£20,000-£34,999",No,Yes,2-3,8-30 days ago,MealDash,4,5,4,5,4,5,5,5,4,3,4,3,2,37.13,Yes,Payment or refund issue,No,,No,More restaurant choice in my area.,37.0,73.2,84.1,100.8,76.7,33.3
R00682,P100682,Complete,100,2026-07-12T09:33:24+01:00,2026-07-12T09:41:17+01:00,473,Mobile,Chrome,Panel A,dc4d90235e7e,7303cdb4506f,20,18-24,Man,South East,Suburban,Employed full-time,"£50,000-£74,999",Yes,Yes,4-5,Past week,MealDash,5,4,7,4,7,5,4,5,5,5,3,3,5,27.84,No,,,,No,Faster refunds when something goes wrong.,54.8,70.2,64.4,122.9,80.0,19.4
R00683,P100683,Complete,100,2026-07-17T15:29:36+01:00,2026-07-17T15:39:32+01:00,596,Mobile,Chrome,Panel A,d49ae8d6830e,1db6e3249a1a,46,45-54,Woman,Scotland,Urban,Employed full-time,Prefer not to say,Yes,Yes,0,31-90 days ago,QuickBite,7,6,8,7,7,6,6,6,7,7,7,3,6,12.39,No,,,,No,Nothing major; the service generally works well for me.,63.3,71.5,90.8,95.8,75.7,92.5
R00684,P100684,Complete,100,2026-07-18T02:19:07+01:00,2026-07-18T02:29:00+01:00,593,Desktop,Chrome,Panel A,70ef7060c4d8,fa1d21da78d9,46,45-54,Woman,Scotland,Urban,Self-employed,Prefer not to say,No,Yes,6-9,Past week,Restaurant direct,5,5,8,5,4,4,5,5,5,6,5,3,6,27.56,No,,,,No,Reduce minimum order values.,53.1,113.7,118.1,65.2,100.1,80.1
R00685,P100685,Complete,100,2026-07-13T07:03:57+01:00,2026-07-13T07:11:55+01:00,478,Mobile,Chrome,Panel B,a743fdd629f1,da9ea1da376c,67,65-74,Woman,Scotland,Suburban,Retired,"£35,000-£49,999",Yes,Yes,1,8-30 days ago,FoodGo,6,6,6,7,7,7,6,7,6,7,5,3,6,30.14,No,,,,No,Show unavailable items before I start ordering.,38.5,61.0,137.6,81.0,62.9,25.9
R00686,P100686,Complete,100,2026-07-11T21:33:03+01:00,2026-07-11T21:42:03+01:00,540,Mobile,Other,Panel C,f3fad0ebbf07,e0f70cff4c15,34,25-34,Man,East Midlands,Suburban,Not currently employed,"£50,000-£74,999",Yes,Yes,2-3,Past week,QuickBite,7,7,10,7,7,7,7,6,6,7,7,3,6,48.28,No,,,,No,Lower prices overall.,24.7,30.9,101.9,112.5,70.3,116.1
R00687,P100687,Complete,100,2026-07-08T10:12:24+01:00,2026-07-08T10:22:05+01:00,581,Mobile,Safari,Panel C,6053699f8d40,05764b92e350,54,45-54,Man,North East,Urban,Employed part-time,"£75,000-£99,999",Yes,Yes,1,8-30 days ago,QuickBite,6,5,9,5,7,6,5,5,6,5,7,3,4,11.09,No,,,,Yes,Let customers edit an order for a short time after placing it.,50.7,87.4,185.9,97.3,41.4,72.1
R00688,P100688,Complete,100,2026-07-12T18:01:04+01:00,2026-07-12T18:09:33+01:00,509,Mobile,Chrome,Panel A,dbe6db27df43,9074380f0a2e,31,25-34,Woman,East of England,Urban,Not currently employed,"£75,000-£99,999",Yes,Yes,1,8-30 days ago,Other,5,6,7,5,5,4,5,7,6,5,5,5,6,40.94,No,,,,No,Fewer missing items and clearer substitutions.,27.5,37.3,75.8,139.4,93.6,86.4
R00689,P100689,Complete,100,2026-07-12T00:36:12+01:00,2026-07-12T00:44:19+01:00,487,Desktop,Chrome,Panel B,0ed3e26bf051,452292679a41,37,35-44,Woman,Northern Ireland,Urban,Self-employed,"£35,000-£49,999",Yes,Yes,4-5,Past week,QuickBite,4,4,4,5,5,4,3,4,5,5,4,3,5,22.93,No,,,,No,Make service charges easier to understand before checkout.,55.6,41.7,87.4,144.0,44.0,30.7
R00690,P100690,Complete,100,2026-07-08T16:17:59+01:00,2026-07-08T16:25:14+01:00,435,Mobile,Edge,Panel A,d32fd0e1db2f,7d6a5583c312,40,35-44,Woman,South West,Suburban,Retired,"£20,000-£34,999",No,Yes,1,8-30 days ago,FoodGo,5,5,8,4,6,4,4,6,7,5,5,3,5,37.16,No,,,,No,Fewer missing items and clearer substitutions.,30.2,56.8,81.5,90.5,86.2,35.7
R00691,P100691,Complete,100,2026-07-10T20:00:36+01:00,2026-07-10T20:09:01+01:00,505,Mobile,Firefox,Panel C,1caba37c25c5,84d16ea3ac04,37,35-44,Man,London,Urban,Student,"£100,000+",Yes,Yes,2-3,Past week,FoodGo,6,6,5,5,4,6,6,6,6,5,6,3,5,31.26,No,,,,Yes,Lower prices overall.,30.0,30.2,118.9,164.1,57.3,76.4
R00692,P100692,Complete,100,2026-07-20T10:46:35+01:00,2026-07-20T10:55:21+01:00,526,Mobile,Chrome,Panel A,c30aaa74d21b,2ce4232640d8,49,45-54,Man,East of England,Urban,Employed full-time,"£35,000-£49,999",Yes,Yes,2-3,Past week,MealDash,4,5,5,5,4,4,2,5,4,4,5,3,4,38.94,Yes,Driver or handoff issue,No,,Yes,"Better offers for existing customers, not just new users.",38.3,77.2,145.5,51.2,73.1,84.7
R00693,P100693,Complete,100,2026-07-09T09:58:47+01:00,2026-07-09T10:08:39+01:00,592,Mobile,Firefox,Panel A,6948e91dc2ab,c165b0a108da,43,35-44,Man,West Midlands,Rural,Not currently employed,"£20,000-£34,999",Yes,Yes,2-3,More than 3 months ago,MealDash,5,6,7,5,6,5,4,5,4,3,5,3,5,69.03,Yes,Late delivery,No,,No,More environmentally friendly packaging options.,76.5,42.2,94.5,162.7,67.5,112.4
R00694,P100694,Complete,100,2026-07-07T09:33:02+01:00,2026-07-07T09:42:39+01:00,577,Mobile,Chrome,Panel C,b2f7be8ebcf5,3c615ec00934,29,25-34,Man,West Midlands,Urban,Employed full-time,Prefer not to say,Yes,Yes,2-3,Past week,Restaurant direct,5,6,7,6,5,7,6,6,6,6,7,3,6,23.15,No,,,,No,Let customers edit an order for a short time after placing it.,35.5,79.3,94.9,112.0,74.3,116.2
R00695,P100695,Complete,100,2026-07-17T00:28:53+01:00,2026-07-17T00:38:14+01:00,561,Mobile,Chrome,Panel C,be8dbdf10ca9,52f8e3652eb6,58,55-64,Woman,North West,Rural,Self-employed,"£50,000-£74,999",No,Yes,2-3,8-30 days ago,FoodGo,5,6,4,3,5,5,4,6,5,4,6,3,3,36.37,No,,,,No,"Lower delivery fees, especially on smaller orders.",52.5,68.2,107.4,105.0,97.2,77.7
R00696,P100696,Complete,100,2026-07-16T19:48:08+01:00,2026-07-16T19:56:22+01:00,494,Mobile,Safari,Panel A,f7ae236b8298,99ee7c3cf2b3,38,35-44,Man,London,Rural,Employed full-time,"£50,000-£74,999",No,Yes,0,8-30 days ago,QuickBite,6,6,9,7,5,6,4,4,6,5,7,3,4,21.51,No,,,,No,blah blah,60.4,118.8,75.9,120.5,47.6,24.1
R00697,P100697,Complete,100,2026-07-20T14:01:37+01:00,2026-07-20T14:12:42+01:00,665,Mobile,Chrome,Panel C,b6741f7ada8b,093209756a54,64,55-64,Woman,West Midlands,Urban,Employed full-time,"£20,000-£34,999",Yes,Yes,2-3,Past week,MealDash,4,6,4,4,4,5,4,3,4,5,4,3,4,22.86,No,,,,No,Make service charges easier to understand before checkout.,33.8,93.5,113.5,212.9,51.6,91.4
R00698,P100698,Complete,100,2026-07-19T00:55:32+01:00,2026-07-19T00:57:16+01:00,104,Desktop,Firefox,Panel C,ad0a82231707,2b0d368f1338,51,45-54,Man,East Midlands,Suburban,Employed full-time,"£35,000-£49,999",Yes,Yes,1,8-30 days ago,FoodGo,6,6,7,6,5,5,6,6,6,4,7,3,6,52.21,No,,,,Yes,Reduce minimum order values.,36.7,17.5,3,3.9,3.2,28.9
R00699,P100699,Complete,100,2026-07-08T04:50:01+01:00,2026-07-08T04:58:07+01:00,486,Mobile,Chrome,Panel C,868268ab3a16,af318fc9ff31,27,25-34,Woman,South West,Urban,Not currently employed,"£20,000-£34,999",No,Yes,1,Past week,MealDash,5,5,4,4,4,6,5,6,6,7,5,3,3,22.67,No,,,,Yes,Reduce minimum order values.,31.7,92.4,67.0,74.0,83.7,58.9
R00700,P100700,Complete,100,2026-07-13T00:30:44+01:00,2026-07-13T00:40:14+01:00,570,Mobile,Chrome,Panel A,3e3ada9f212e,4ece07c971a7,51,45-54,Man,East Midlands,Urban,Employed full-time,"Under £20,000",No,Yes,1,8-30 days ago,Other,5,5,8,5,3,5,2,6,6,6,4,3,4,17.65,No,,,,Yes,Improve food temperature on longer deliveries.,41.5,47.7,90.8,142.6,116.8,60.5
R00701,P100701,Complete,100,2026-07-06T20:37:16+01:00,2026-07-06T20:46:18+01:00,542,Mobile,Chrome,Panel B,1589ee1fd07e,1bb30379ee0f,72,65-74,Man,West Midlands,Urban,Employed full-time,Prefer not to say,No,Yes,4-5,Past week,MealDash,6,7,6,6,7,6,6,7,6,6,5,3,6,22.89,No,,,,Yes,"Better offers for existing customers, not just new users.",53.4,93.7,118.6,122.6,49.5,28.3
R00702,P100702,Complete,100,2026-07-10T02:29:52+01:00,2026-07-10T02:38:57+01:00,545,Mobile,Safari,Panel A,53c68ac43053,bcb6993b40cc,52,45-54,Woman,London,Urban,Retired,"£20,000-£34,999",No,Yes,2-3,Past week,QuickBite,7,7,9,7,7,7,7,7,6,7,7,3,6,35.29,No,,,,No,Nothing major; the service generally works well for me.,19.4,79.6,122.7,110.9,53.4,61.2
R00703,P100703,Complete,100,2026-07-16T19:16:34+01:00,2026-07-16T19:26:23+01:00,589,Mobile,Safari,Panel A,27ccd78b37d7,57a5630084b9,61,55-64,Man,South East,Rural,Not currently employed,"£100,000+",Yes,Yes,4-5,Past week,QuickBite,5,6,5,5,5,5,3,7,6,4,6,3,6,22.15,No,,,,Yes,Make service charges easier to understand before checkout.,50.5,59.6,106.2,132.6,69.2,76.8
R00704,P100704,Complete,100,2026-07-20T07:25:31+01:00,2026-07-20T07:35:57+01:00,626,Mobile,Edge,Panel A,ce0df4ccc675,3ab7086feb99,28,25-34,Woman,East of England,Urban,Employed full-time,"£20,000-£34,999",Yes,Yes,1,8-30 days ago,FoodGo,5,6,6,5,5,5,4,5,6,6,5,3,3,20.27,No,,,,No,Give drivers clearer instructions for flats and apartment buildings.,74.6,126.8,104.0,66.4,85.2,108.1
R00705,P100705,Complete,100,2026-07-07T15:27:25+01:00,2026-07-07T15:36:46+01:00,561,Mobile,Safari,Panel A,b0d64db2508e,f4db82e8f20b,79,18-24,Woman,Scotland,Rural,Self-employed,"£35,000-£49,999",No,Yes,1,8-30 days ago,FoodGo,6,6,7,6,7,6,6,7,5,6,6,3,6,30.43,No,,,,Yes,"Better offers for existing customers, not just new users.",44.2,56.0,126.2,117.7,55.4,107.1
R00706,P100706,Complete,100,2026-07-18T01:41:22+01:00,2026-07-18T01:49:05+01:00,463,Mobile,Chrome,Panel C,a1587aa51902,ca5372093ba7,29,25-34,Man,Scotland,Urban,Retired,"£35,000-£49,999",No,Yes,4-5,Past week,FoodGo,7,6,9,7,7,7,7,6,7,6,7,3,6,31.16,No,,,,Yes,Better tracking when the driver is close.,56.8,47.3,89.5,82.4,87.6,19.4
R00707,P100707,Complete,100,2026-07-18T18:17:47+01:00,2026-07-18T18:27:22+01:00,575,Mobile,Edge,Panel C,e4f9f6504bbd,799802399d4d,19,18-24,Man,North West,Urban,Employed full-time,"£100,000+",No,Yes,4-5,Past week,MealDash,5,6,6,4,6,5,6,5,4,5,6,3,4,23.41,No,,,,No,Nothing major; the service generally works well for me.,28.2,69.1,131.8,155.9,67.5,56.6
R00708,P100708,Complete,100,2026-07-15T05:30:25+01:00,2026-07-15T05:40:32+01:00,607,Desktop,Chrome,Panel B,1a3c644f188c,631072d6d24e,36,35-44,Man,Scotland,Urban,Employed part-time,"£20,000-£34,999",No,Yes,1,8-30 days ago,MealDash,4,5,4,4,4,5,6,6,4,5,3,3,4,12.56,No,,,,No,Improve the accuracy of map tracking.,33.3,98.7,192.3,109.8,90.9,45.8
R00709,P100709,Complete,100,2026-07-13T10:03:07+01:00,2026-07-13T10:12:42+01:00,575,Mobile,Safari,Panel B,194b5c36d795,59674748fb53,57,55-64,Woman,Yorkshire and the Humber,Suburban,Employed part-time,"£20,000-£34,999",No,Yes,0,8-30 days ago,QuickBite,6,6,6,6,4,6,5,5,5,7,6,3,4,47.63,No,,,,No,Make service charges easier to understand before checkout.,51.3,91.3,78.3,154.6,59.8,100.3
R00710,P100710,Complete,100,2026-07-12T00:51:01+01:00,2026-07-12T00:59:32+01:00,511,Mobile,Safari,Panel A,46bd18535faa,86ddccecd9bf,46,45-54,Man,South West,Urban,Employed full-time,"£100,000+",Yes,Yes,2-3,Past week,MealDash,5,5,6,6,5,5,4,5,5,4,5,3,3,17.59,No,,,,No,Let customers edit an order for a short time after placing it.,51.8,97.0,136.6,61.6,60.6,65.8
R00711,P100711,Complete,100,2026-07-17T19:49:12+01:00,2026-07-17T19:59:06+01:00,594,Mobile,Chrome,Panel A,f9830f60a1b4,a465616d18e9,49,45-54,Man,Northern Ireland,Rural,Self-employed,"Under £20,000",No,Yes,4-5,Past week,Restaurant direct,5,3,5,5,5,5,5,4,3,6,4,3,5,35.56,No,,,,No,More environmentally friendly packaging options.,49.3,67.7,142.4,165.7,75.0,43.2
R00712,P100712,Complete,100,2026-07-06T18:06:19+01:00,2026-07-06T18:15:32+01:00,553,Mobile,Firefox,Panel A,d35e0e8a8aa9,1d3bcdf813b5,52,45-54,Man,London,Urban,Employed full-time,"£20,000-£34,999",No,Yes,0,31-90 days ago,Other,6,5,8,5,5,7,5,6,5,5,7,3,5,19.92,No,,,,Yes,More restaurant choice in my area.,56.6,52.1,127.9,104.9,65.9,83.7
R00713,P100713,Complete,100,2026-07-10T14:25:13+01:00,2026-07-10T14:31:47+01:00,394,Mobile,Chrome,Panel A,d32a45f723ec,16059a49221e,59,55-64,Man,Yorkshire and the Humber,Urban,Employed part-time,"£75,000-£99,999",Yes,Yes,10+,Past week,QuickBite,5,6,7,5,5,5,5,5,5,5,5,3,3,40.76,No,,,,No,Better tracking when the driver is close.,19.4,40.2,48.5,95.0,73.8,52.2
R00714,P100714,Complete,100,2026-07-10T18:34:19+01:00,2026-07-10T18:43:44+01:00,565,Desktop,Edge,Panel A,8ba2d79f773e,95d1dea03065,47,45-54,Man,North East,Urban,Retired,"£20,000-£34,999",No,Yes,1,Past week,MealDash,5,3,7,5,4,5,4,5,3,7,6,3,6,16.03,No,,,,No,Better loyalty rewards.,39.4,85.0,108.2,122.9,71.5,60.1
R00715,P100715,Complete,100,2026-07-09T03:57:43+01:00,2026-07-09T04:05:56+01:00,493,Desktop,Edge,Panel B,1816b202c80f,96578af0cfa2,62,55-64,Man,Wales,Rural,Employed full-time,"£75,000-£99,999",No,Yes,4-5,Past week,QuickBite,5,4,4,5,5,5,6,5,5,5,6,3,5,19.15,No,,,,No,More responsive customer support.,52.6,94.6,94.8,51.9,55.4,62.4
R00716,P100716,Complete,100,2026-07-19T06:34:22+01:00,2026-07-19T06:44:50+01:00,628,Tablet,Edge,Panel A,18c904e0d633,753ca9f37e5c,39,35-44,Man,East of England,Urban,Employed full-time,"£75,000-£99,999",No,Yes,0,8-30 days ago,MealDash,6,6,10,7,6,6,5,7,6,5,5,3,5,65.87,No,,,,Yes,More restaurant choice in my area.,30.4,75.8,118.6,169.7,94.0,69.7
R00717,P100717,Complete,100,2026-07-15T08:29:33+01:00,2026-07-15T08:38:07+01:00,514,Mobile,Firefox,Panel B,1835ed236f40,a87deb687a4b,24,18-24,Woman,West Midlands,Suburban,Employed full-time,"£20,000-£34,999",No,Yes,0,31-90 days ago,Restaurant direct,5,5,4,5,6,5,3,6,5,4,4,3,4,28.2,Yes,Food arrived cold,Yes,7,No,More accurate delivery time estimates.,29.9,62.8,92.6,138.4,65.2,57.8
R00718,P100718,Complete,100,2026-07-15T14:18:23+01:00,2026-07-15T14:28:05+01:00,582,Mobile,Safari,Panel A,94c904664639,cf07db3eb699,59,55-64,Woman,Scotland,Suburban,Not currently employed,"£75,000-£99,999",No,Yes,2-3,8-30 days ago,QuickBite,6,4,11,5,6,3,5,5,7,7,4,3,4,51.3,No,,,,No,Show unavailable items before I start ordering.,53.0,54.5,91.6,117.3,72.1,123.8
R00719,P100719,Complete,100,2026-07-09T06:12:38+01:00,2026-07-09T06:24:29+01:00,711,Mobile,Chrome,Panel B,6789e490c855,0e3df6f901e9,19,18-24,Woman,South East,Suburban,Employed full-time,"£35,000-£49,999",No,Yes,2-3,More than 3 months ago,QuickBite,5,4,8,5,6,5,4,7,6,5,6,3,5,39.25,No,,,,No,More accurate delivery time estimates.,55.1,86.5,172.1,169.9,76.8,51.8
R00720,P100720,Complete,100,2026-07-11T12:14:05+01:00,2026-07-11T12:23:45+01:00,580,Mobile,Firefox,Panel B,fd1132b33700,fabe9a9db6ec,50,45-54,Woman,North West,Urban,Retired,"£35,000-£49,999",No,Yes,0,Past week,MealDash,5,4,5,4,4,6,3,6,5,5,4,3,6,34.61,No,,,,Yes,Improve food temperature on longer deliveries.,22.8,52.5,90.3,91.0,103.5,131.7
R00721,P100721,Complete,100,2026-07-20T19:27:25+01:00,2026-07-20T19:34:34+01:00,429,Desktop,Chrome,Panel A,273abc63a2af,c9e7d8ce697d,27,25-34,Man,North West,Urban,Employed part-time,"£35,000-£49,999",No,Yes,1,8-30 days ago,MealDash,4,4,6,4,5,4,4,5,3,3,3,3,3,50.58,No,,,,No,Faster refunds when something goes wrong.,35.2,46.0,42.0,156.0,47.2,56.1
R00722,P100722,Complete,100,2026-07-17T18:42:22+01:00,2026-07-17T18:49:24+01:00,422,Desktop,Edge,Panel A,6166d54bb193,47de5cc05064,65,65-74,Man,South West,Suburban,Employed full-time,"£20,000-£34,999",Yes,Yes,1,Past week,MealDash,5,6,7,6,6,5,5,6,4,5,5,3,4,27.04,No,,,,No,Improve the accuracy of map tracking.,18,28.1,80.5,76.8,100.7,69.2
R00723,P100723,Complete,100,2026-07-07T05:30:28+01:00,2026-07-07T05:39:34+01:00,546,Mobile,Edge,Panel B,9cc49cf8a348,ae861a600b93,54,45-54,Woman,South East,Rural,Student,"£50,000-£74,999",No,Yes,0,31-90 days ago,FoodGo,6,5,9,7,6,6,6,7,7,5,6,3,5,23.39,No,,,,No,More accurate delivery time estimates.,48.8,70.3,124.7,85.7,75.4,63.4
R00724,P100724,Complete,100,2026-07-14T01:25:31+01:00,2026-07-14T01:33:18+01:00,467,Mobile,Safari,Panel C,38ac71968c9e,58c2b529489c,39,35-44,Man,South East,Rural,Student,"Under £20,000",Yes,Yes,4-5,Today,QuickBite,5,6,7,5,5,6,4,6,6,5,6,3,3,58.71,No,,,,No,x,47.3,62.5,108.5,44.6,87.8,54.0
R00725,P100725,Complete,100,2026-07-19T22:31:37+01:00,2026-07-19T22:41:23+01:00,586,Mobile,Chrome,Panel A,f2b815202cda,298416688e0d,54,45-54,Man,Yorkshire and the Humber,Urban,Not currently employed,"£50,000-£74,999",No,Yes,1,Past week,FoodGo,5,6,5,6,4,4,2,6,5,4,5,3,4,25.59,No,,,,Yes,More consistent delivery times at weekends.,34.6,74.5,127.9,116.0,108.4,58.8
R00726,P100726,Complete,100,2026-07-06T17:47:51+01:00,2026-07-06T17:57:56+01:00,605,Mobile,Safari,Panel B,62cfefad4677,3c6733811a1b,22,18-24,Woman,South West,Rural,Employed full-time,"£75,000-£99,999",Yes,Yes,1,Past week,MealDash,4,4,6,3,4,3,4,5,5,3,4,3,3,32.0,Yes,Missing or incorrect items,Yes,3,Yes,Make service charges easier to understand before checkout.,47.7,120.2,91.4,161.0,46.6,75.2
R00727,P100727,Complete,100,2026-07-11T05:19:09+01:00,2026-07-11T05:29:13+01:00,604,Mobile,Chrome,Panel A,8493b75d51f2,8414bd6f7c09,55,55-64,Woman,South West,Urban,Not currently employed,"£50,000-£74,999",Yes,Yes,2-3,Past week,QuickBite,3,3,3,3,2,3,2,3,4,3,4,3,4,24.46,Yes,Late delivery,No,,No,Nothing major; the service generally works well for me.,48.5,84.3,103.3,136.0,70.4,95.6
R00728,P100728,Complete,100,2026-07-17T19:01:37+01:00,2026-07-17T19:12:01+01:00,624,Mobile,Edge,Panel A,1c9ae9ff8d24,706734718721,45,45-54,Man,East of England,Rural,Student,"£100,000+",No,Yes,1,Past week,Other,4,5,3,3,3,4,3,5,3,2,5,3,3,33.69,Yes,Missing or incorrect items,Yes,6,No,"Better offers for existing customers, not just new users.",68.2,44.4,126.6,124.4,92.4,100.3
R00729,P100729,Complete,100,2026-07-16T08:56:41+01:00,2026-07-16T09:05:15+01:00,514,Mobile,Safari,Panel A,151223c65a56,b33fd4a16e41,22,18-24,Woman,Scotland,Rural,Employed full-time,"£20,000-£34,999",Yes,Yes,2-3,Past week,Other,6,6,7,5,6,5,5,7,7,6,6,3,5,23.26,No,,,,Yes,"Better offers for existing customers, not just new users.",19.4,49.0,138.1,92.1,85.6,98.9
R00730,P100730,Complete,100,2026-07-20T04:01:58+01:00,2026-07-20T04:12:51+01:00,653,Mobile,Chrome,Panel C,f5467d61b7f0,02925a0f1510,49,45-54,Woman,South East,Urban,Employed part-time,"Under £20,000",No,Yes,10+,Past week,FoodGo,5,4,6,4,5,6,6,5,5,5,5,3,4,16.7,No,,,,Yes,Improve the accuracy of map tracking.,57.4,92.4,123.7,83.8,66.7,116.9
R00731,P100731,Complete,100,2026-07-09T04:39:54+01:00,2026-07-09T04:47:33+01:00,459,Desktop,Chrome,Panel B,d503385426be,373624e4b4de,34,25-34,Woman,East of England,Suburban,Employed full-time,"£35,000-£49,999",Yes,Yes,6-9,Past week,FoodGo,4,5,4,3,4,4,4,4,4,5,3,3,4,18.05,No,,,,No,More responsive customer support.,35.8,55.3,80.2,136.7,45.9,41.6
R00732,P100732,Complete,100,2026-07-17T21:53:34+01:00,2026-07-17T22:02:58+01:00,564,Mobile,Chrome,Panel C,a82d9c0df417,2df0e45c6c6e,19,18-24,Man,London,Urban,Employed full-time,Prefer not to say,Yes,Yes,2-3,8-30 days ago,FoodGo,6,6,10,7,6,6,5,7,6,6,6,3,5,31.46,No,,,,No,More accurate delivery time estimates.,38.8,94.9,165.9,107.6,39.8,29.6
R00733,P100733,Complete,100,2026-07-15T05:55:32+01:00,2026-07-15T06:02:23+01:00,411,Mobile,Safari,Panel B,7f4396091d48,c833b9f09f36,56,55-64,Woman,West Midlands,Urban,Employed full-time,"£75,000-£99,999",No,Yes,2-3,8-30 days ago,FoodGo,6,5,8,6,7,4,4,6,7,6,6,3,3,35.69,No,,,,No,Give drivers clearer instructions for flats and apartment buildings.,45.9,41.0,81.5,73.8,68.9,26.1
R00734,P100734,Complete,100,2026-07-09T19:49:40+01:00,2026-07-09T19:59:15+01:00,575,Mobile,Edge,Panel A,ff2776b0ba48,6933fd91f23a,48,45-54,Woman,London,Urban,Employed full-time,"Under £20,000",No,Yes,2-3,8-30 days ago,MealDash,5,4,6,3,5,5,6,6,5,4,4,3,4,24.73,No,,,,No,Improve food temperature on longer deliveries.,49.5,93.6,102.4,94.1,85.1,86.2
R00735,P100735,Complete,100,2026-07-14T02:30:07+01:00,2026-07-14T02:39:14+01:00,547,Tablet,Chrome,Panel C,e32d5a61de64,c0a20b5d9b9b,46,45-54,Man,South East,Suburban,Employed full-time,"£35,000-£49,999",No,Yes,10+,Past week,QuickBite,6,7,6,5,6,5,6,5,6,5,7,3,6,21.95,No,,,,No,"Better offers for existing customers, not just new users.",42.5,70.8,112.1,122.6,54.0,37.7
R00736,P100736,Complete,100,2026-07-13T11:16:21+01:00,2026-07-13T11:18:19+01:00,118,Desktop,Edge,Panel B,7497027ebc80,50f3bc33edb1,43,35-44,Man,Scotland,Urban,Student,"£35,000-£49,999",No,Yes,4-5,Past week,Other,5,5,9,5,5,4,5,4,3,3,5,3,4,17.82,Yes,Late delivery,Yes,3,No,Better loyalty rewards.,30.9,9.9,14.0,22.9,25.8,3
R00737,P100737,Complete,100,2026-07-15T17:49:55+01:00,2026-07-15T17:51:09+01:00,74,Mobile,Chrome,Panel B,3edf1f9402f0,cf43767905c6,20,18-24,Man,East of England,Urban,Self-employed,"£50,000-£74,999",No,Yes,4-5,Past week,FoodGo,5,5,5,5,6,4,5,5,5,5,6,3,4,21.27,No,,,,No,Better tracking when the driver is close.,5.2,17.2,9.3,14.5,15.2,3
R00738,P100738,Complete,100,2026-07-15T10:28:07+01:00,2026-07-15T10:29:58+01:00,111,Mobile,Edge,Panel C,421aa5974263,eb2a0721f28f,29,25-34,Man,West Midlands,Urban,Employed part-time,"£20,000-£34,999",Yes,Yes,2-3,Past week,FoodGo,5,5,4,6,5,7,6,7,5,4,6,3,4,30.28,No,,,,No,Fewer missing items and clearer substitutions.,19.0,30.7,14.7,16.5,5.7,12.5
R00739,P100739,Complete,100,2026-07-17T10:17:21+01:00,2026-07-17T10:26:26+01:00,545,Mobile,Chrome,Panel C,39dedde85033,3c751afcd394,27,25-34,Man,Scotland,Suburban,Employed full-time,"£100,000+",Yes,Yes,4-5,Past week,Other,6,6,7,5,7,6,7,6,7,5,5,3,5,69.02,No,,,,No,"Better offers for existing customers, not just new users.",41.4,70.7,51.5,158.6,79.3,91.7
R00740,P100740,Complete,100,2026-07-17T06:52:28+01:00,2026-07-17T07:00:04+01:00,456,Desktop,Chrome,Panel B,2ce58513f427,0974898a0060,19,18-24,Man,South East,Rural,Employed full-time,"£50,000-£74,999",No,Yes,2-3,8-30 days ago,Other,5,6,6,6,6,5,4,5,5,5,5,3,3,31.7,No,,,,No,Fewer missing items and clearer substitutions.,33.5,78.1,123.0,79.3,72.6,40.2
R00741,P100741,Complete,100,2026-07-11T16:44:26+01:00,2026-07-11T16:52:38+01:00,492,Mobile,Safari,Panel A,8b557c07f558,67fd9c1dbb92,32,25-34,Non-binary,North West,Urban,Employed part-time,"£20,000-£34,999",No,Yes,6-9,Past week,FoodGo,5,6,6,6,6,5,5,6,5,4,3,3,5,19.82,No,,,,No,Reduce minimum order values.,52.7,97.7,59.7,72.4,72.6,56.4
R00742,P100742,Complete,100,2026-07-08T10:50:12+01:00,2026-07-08T10:58:11+01:00,479,Desktop,Safari,Panel A,83513a47ac32,3b9230630101,43,35-44,Woman,South East,Urban,Employed part-time,"£50,000-£74,999",No,Yes,1,8-30 days ago,MealDash,6,6,8,7,7,6,6,5,6,6,6,3,7,31.19,Yes,Late delivery,Yes,6,Yes,Improve the accuracy of map tracking.,43.9,66.4,80.2,103.6,80.8,44.9
R00743,P100743,Complete,100,2026-07-12T12:39:35+01:00,2026-07-12T12:47:39+01:00,484,Mobile,Chrome,Panel B,2b875093f327,9ab12f601365,45,45-54,Woman,East Midlands,Rural,Employed full-time,"£50,000-£74,999",No,Yes,10+,Past week,MealDash,6,7,9,5,7,6,6,6,7,6,5,3,6,27.16,No,,,,No,Better tracking when the driver is close.,55.9,70.7,86.6,85.6,55.9,63.2
R00744,P100744,Complete,100,2026-07-16T21:35:14+01:00,2026-07-16T21:44:44+01:00,570,Mobile,Edge,Panel B,eb0097673e86,93f14424f667,46,45-54,Man,London,Rural,Employed full-time,"£75,000-£99,999",No,Yes,1,Past week,QuickBite,5,5,8,5,5,5,4,6,5,5,6,3,4,13.0,No,,,,No,Reduce minimum order values.,62.7,116.0,51.4,144.8,101.1,67.0
R00745,P100745,Complete,100,2026-07-12T14:50:49+01:00,2026-07-12T15:01:05+01:00,616,Mobile,Edge,Panel A,0f1f8d4a315c,f7d8d1c6fb93,23,18-24,Woman,East Midlands,Urban,Self-employed,"£35,000-£49,999",No,Yes,4-5,Past week,Restaurant direct,6,7,8,6,7,7,7,7,6,5,7,3,3,18.38,No,,,,No,Let customers edit an order for a short time after placing it.,51.4,41.7,141.5,108.3,84.9,100.2
R00746,P100746,Complete,100,2026-07-18T09:36:38+01:00,2026-07-18T09:46:47+01:00,609,Mobile,Chrome,Panel C,22e11903498e,d2abd8ddde91,69,65-74,Man,Scotland,Urban,Employed full-time,"Under £20,000",Yes,Yes,0,31-90 days ago,MealDash,5,5,8,6,7,6,4,6,5,5,6,3,5,13.24,No,,,,No,More responsive customer support.,67.4,47.8,146.2,109.6,80.3,116.5
R00747,P100747,Complete,100,2026-07-12T21:21:59+01:00,2026-07-12T21:31:10+01:00,551,Desktop,Chrome,Panel A,d0b0efccaf0c,c35e6ec75f11,63,55-64,Man,London,Urban,Employed part-time,"£20,000-£34,999",No,Yes,1,Past week,QuickBite,5,5,7,5,5,3,5,6,5,3,4,3,5,32.54,No,,,,No,More responsive customer support.,45.6,53.5,71.5,106.2,135.2,68.6
R00748,P100748,Complete,100,2026-07-17T22:02:42+01:00,2026-07-17T22:11:22+01:00,520,Mobile,Chrome,Panel B,c951a1f647dd,e34c0ed9e223,41,35-44,Woman,Yorkshire and the Humber,Urban,Employed full-time,"£20,000-£34,999",No,Yes,6-9,Past week,QuickBite,6,6,9,5,6,5,5,5,6,6,6,3,5,28.81,No,,,,No,More restaurant choice in my area.,37.8,58.0,88.7,108.9,116.7,59.5
R00749,P100749,Complete,100,2026-07-12T08:27:48+01:00,2026-07-12T08:35:58+01:00,490,Tablet,Chrome,Panel A,28d718d714ef,cb3766cabdc7,41,35-44,Woman,Yorkshire and the Humber,Urban,Self-employed,"£50,000-£74,999",Yes,Yes,2-3,Past week,FoodGo,4,4,2,5,4,3,3,6,4,5,3,3,2,24.24,No,,,,No,More environmentally friendly packaging options.,36.6,46.9,51.7,117.9,79.8,87.9
R00750,P100750,Complete,100,2026-07-17T10:14:51+01:00,2026-07-17T10:24:19+01:00,568,Mobile,Safari,Panel B,09599566cd5a,1d1e963930ee,63,55-64,Man,London,Suburban,Student,"£20,000-£34,999",No,Yes,2-3,Past week,FoodGo,3,3,4,4,2,4,3,3,2,2,3,3,2,29.63,Yes,Food arrived cold,Yes,4,No,Let customers edit an order for a short time after placing it.,68.3,65.6,116.6,154.4,75.7,41.8
R00751,P100751,Complete,100,2026-07-11T18:19:32+01:00,2026-07-11T18:29:41+01:00,609,Mobile,Safari,Panel A,063e3533db3d,ccef029bb77f,46,45-54,Woman,South East,Urban,Employed full-time,Prefer not to say,No,Yes,4-5,Past week,MealDash,6,7,9,6,7,7,6,7,5,7,5,3,5,23.76,No,,,,No,Fewer missing items and clearer substitutions.,47.8,104.9,100.4,142.0,46.7,113.5
R00752,P100752,Complete,100,2026-07-18T11:40:19+01:00,2026-07-18T11:49:09+01:00,530,Desktop,Safari,Panel B,18fc55d4555c,f083b8cb71ea,45,45-54,Woman,Scotland,Urban,Employed full-time,"£50,000-£74,999",Yes,Yes,4-5,Today,FoodGo,5,4,6,6,5,4,4,5,6,4,4,3,2,51.18,No,,,,No,"Lower delivery fees, especially on smaller orders.",52.8,79.2,82.4,74.2,104.5,62.7
R00753,P100753,Complete,100,2026-07-16T15:29:53+01:00,2026-07-16T15:39:19+01:00,566,Desktop,Chrome,Panel B,1a1a2f045556,e160eab3b614,65,65-74,Woman,North West,Urban,Retired,"£50,000-£74,999",No,Yes,10+,Past week,MealDash,3,4,7,5,4,4,3,4,3,2,4,3,3,15.6,No,,,,No,Faster refunds when something goes wrong.,41.2,72.7,93.4,113.7,72.6,77.8
R00754,P100754,Complete,100,2026-07-06T11:37:41+01:00,2026-07-06T11:44:17+01:00,396,Mobile,Firefox,Panel A,5c2d1099d00c,cc72fc167e50,59,55-64,Man,Northern Ireland,Urban,Employed part-time,"£35,000-£49,999",Yes,Yes,2-3,Past week,QuickBite,3,2,5,4,3,4,3,4,4,2,2,3,3,27.75,Yes,Order cancelled,No,,No,More accurate delivery time estimates.,41.0,62.3,44.8,118.9,79.8,24.4
R00755,P100755,Complete,100,2026-07-06T14:54:31+01:00,2026-07-06T15:02:15+01:00,464,Desktop,Chrome,Panel B,c1a2748edcf1,6f098939068a,43,35-44,Woman,London,Urban,Employed full-time,"Under £20,000",No,Yes,4-5,Past week,MealDash,6,6,8,5,6,6,5,7,7,5,6,3,5,19.48,No,,,,No,Nothing major; the service generally works well for me.,23.0,52.3,79.9,49.9,86.5,101.1
R00756,P100756,Complete,100,2026-07-19T18:19:29+01:00,2026-07-19T18:21:45+01:00,136,Mobile,Chrome,Panel B,03b89646ad7a,02b069ca5aa2,18,18-24,Man,Wales,Rural,Student,"£50,000-£74,999",No,Yes,1,Past week,MealDash,5,4,6,5,7,6,4,4,6,7,6,3,5,29.29,No,,,,No,More restaurant choice in my area.,47.8,27.9,27.6,3,4.4,13.7
R00757,P100757,Complete,100,2026-07-17T20:21:31+01:00,2026-07-17T20:31:17+01:00,586,Mobile,Safari,Panel A,19738a958331,95e3443019f7,79,18-24,Woman,Yorkshire and the Humber,Suburban,Employed full-time,"£100,000+",No,Yes,1,Past week,FoodGo,6,6,7,6,4,5,5,4,6,5,6,3,5,20.28,No,,,,No,More consistent delivery times at weekends.,40.0,68.2,87.8,193.2,80.1,36.5
R00758,P100758,Complete,100,2026-07-09T16:23:44+01:00,2026-07-09T16:25:19+01:00,95,Mobile,Chrome,Panel B,d0fed765d1fe,f1d81438027c,51,45-54,Man,London,Rural,Self-employed,"£100,000+",No,Yes,2-3,8-30 days ago,FoodGo,4,5,5,5,4,3,5,5,4,3,4,3,2,48.91,No,,,,No,More accurate delivery time estimates.,15.6,3.8,9.5,9.1,38.9,6.0
R00759,P100759,Complete,100,2026-07-19T04:52:23+01:00,2026-07-19T05:02:02+01:00,579,Mobile,Chrome,Panel B,9a2f1f2f468d,71876007cf98,43,35-44,Man,East Midlands,Suburban,Employed full-time,"£20,000-£34,999",No,Yes,1,Past week,Other,3,3,5,3,4,3,2,2,4,2,3,3,3,42.21,Yes,Food arrived cold,No,,No,Better loyalty rewards.,24.0,67.4,49.4,155.6,111.7,116.5
R00760,P100760,Complete,100,2026-07-20T13:16:52+01:00,2026-07-20T13:27:40+01:00,648,Mobile,Edge,Panel A,eb652f54e8f5,d321e1c70207,34,25-34,Man,West Midlands,Suburban,Employed full-time,"£35,000-£49,999",No,Yes,1,Past week,Restaurant direct,5,5,5,5,6,5,4,3,4,4,3,3,5,14.81,No,,,,No,"Lower delivery fees, especially on smaller orders.",55.5,73.4,81.0,186.4,138.3,56.8
R00761,P100761,Complete,100,2026-07-08T22:48:29+01:00,2026-07-08T22:58:02+01:00,573,Desktop,Chrome,Panel C,c5e59129f0e4,c32c49a9c08a,39,35-44,Man,North West,Suburban,Employed part-time,"£20,000-£34,999",No,Yes,2-3,Past week,FoodGo,6,6,-1,7,7,6,7,7,6,7,7,3,7,29.41,No,,,,No,Improve food temperature on longer deliveries.,42.9,52.3,117.1,168.0,75.7,59.1
R00762,P100762,Complete,100,2026-07-10T21:42:05+01:00,2026-07-10T21:49:15+01:00,430,Mobile,Safari,Panel A,c7db94c5d04a,a9076835da24,50,45-54,Woman,London,Urban,Not currently employed,"Under £20,000",No,Yes,1,8-30 days ago,QuickBite,5,6,5,5,6,6,5,7,4,5,4,3,4,18.54,No,,,,No,Improve the accuracy of map tracking.,42.5,72.1,97.4,82.9,30.2,72.7
R00763,P100763,Complete,100,2026-07-10T05:20:35+01:00,2026-07-10T05:28:36+01:00,481,Mobile,Chrome,Panel B,96b050c01765,2aa5da6b7969,69,65-74,Man,London,Urban,Employed part-time,Prefer not to say,Yes,Yes,2-3,Past week,MealDash,5,6,8,6,5,6,5,5,5,6,4,3,4,21.07,No,,,,No,Better tracking when the driver is close.,48.9,48.0,107.2,95.5,52.8,68.2
R00764,P100764,Complete,100,2026-07-14T15:38:27+01:00,2026-07-14T15:44:29+01:00,362,Desktop,Chrome,Panel B,defe658c8618,4f7ac0c528b7,19,18-24,Man,London,Rural,Employed full-time,"Under £20,000",Yes,Yes,0,31-90 days ago,MealDash,6,6,9,6,5,6,6,7,6,6,6,3,5,39.38,Yes,Order cancelled,No,,No,Let customers edit an order for a short time after placing it.,24.6,51.5,55.3,107.5,48.3,20.3
R00765,P100765,Complete,100,2026-07-09T00:51:06+01:00,2026-07-09T01:01:14+01:00,608,Mobile,Chrome,Panel B,9a3e68e13c1a,570add11a3e9,45,45-54,Man,Wales,Urban,Employed full-time,"£75,000-£99,999",Yes,Yes,10+,Today,MealDash,5,5,4,5,4,5,5,5,5,5,6,3,6,20.06,Yes,Payment or refund issue,Yes,3,No,More consistent delivery times at weekends.,49.5,42.5,156.8,121.0,122.5,78.6
R00766,P100766,Complete,100,2026-07-06T16:37:00+01:00,2026-07-06T16:45:43+01:00,523,Tablet,Firefox,Panel B,7e9bb9b7daf7,a37f3bb1be8d,45,45-54,Woman,South West,Urban,Self-employed,"£20,000-£34,999",Yes,Yes,2-3,Past week,QuickBite,5,5,7,4,6,4,6,4,5,4,5,3,5,16.96,No,,,,No,Make service charges easier to understand before checkout.,42.5,31.8,147.7,86.7,62.6,77.0
R00767,P100767,Complete,100,2026-07-12T22:25:44+01:00,2026-07-12T22:36:01+01:00,617,Desktop,Chrome,Panel A,7fba7e76b9e8,d7b443863165,29,25-34,Woman,Yorkshire and the Humber,Urban,Employed full-time,"£35,000-£49,999",No,Yes,10+,More than 3 months ago,QuickBite,5,6,6,6,6,5,2,5,6,5,7,3,6,24.93,No,,,,No,"Lower delivery fees, especially on smaller orders.",54.5,70.5,106.2,151.4,68.1,73.7
R00768,P100768,Complete,100,2026-07-09T04:17:33+01:00,2026-07-09T04:25:54+01:00,501,Mobile,Chrome,Panel A,302513d51d26,51e4aabe570e,44,35-44,Man,South East,Rural,Employed full-time,"Under £20,000",No,Yes,1,Past week,Restaurant direct,4,7,6,3,2,4,2,4,5,5,4,3,3,16.45,No,,,,Yes,Improve the accuracy of map tracking.,26.3,96.0,75.3,79.3,60.9,85.1
R00769,P100769,Complete,100,2026-07-10T06:45:58+01:00,2026-07-10T06:56:52+01:00,654,Mobile,Chrome,Panel B,f63f4e067850,ea67ad04e0c6,52,45-54,Man,South East,Urban,Student,"£50,000-£74,999",No,Yes,2-3,Past week,FoodGo,6,4,4,5,5,4,4,6,6,7,6,3,6,36.12,No,,,,No,zzzzzzzz,34.8,95.0,130.9,119.4,108.9,104.4
R00770,P100770,Complete,100,2026-07-11T04:20:05+01:00,2026-07-11T04:27:23+01:00,438,Desktop,Chrome,Panel B,b3c6b1b567f8,9a2783888dbb,43,35-44,Man,Yorkshire and the Humber,Suburban,Employed full-time,"£35,000-£49,999",No,Yes,1,8-30 days ago,QuickBite,3,5,5,3,4,2,5,4,4,4,2,3,5,27.68,Yes,Late delivery,Yes,4,No,Better tracking when the driver is close.,36.9,66.4,106.0,66.7,85.3,23.3
R00771,P100771,Complete,100,2026-07-06T10:38:10+01:00,2026-07-06T10:46:34+01:00,504,Mobile,Chrome,Panel B,30807ebac073,800d63f0cb04,32,25-34,Man,South East,Urban,Employed full-time,Prefer not to say,Yes,Yes,2-3,Past week,MealDash,4,4,5,6,3,3,4,5,4,6,7,3,4,23.21,No,,,,No,blah blah,43.1,58.7,147.3,122.0,47.8,60.1
R00772,P100772,Complete,100,2026-07-07T17:44:12+01:00,2026-07-07T17:53:36+01:00,564,Mobile,Chrome,Panel C,a1dc6eda600f,8d995943c9f4,54,45-54,Woman,London,Urban,Employed full-time,"£50,000-£74,999",No,Yes,2-3,8-30 days ago,FoodGo,5,5,7,5,7,5,4,4,4,4,4,3,3,58.62,No,,,,No,More accurate delivery time estimates.,41.2,87.3,87.5,122.8,82.4,106.1
R00773,P100773,Complete,100,2026-07-07T21:14:53+01:00,2026-07-07T21:22:26+01:00,453,Mobile,Firefox,Panel C,43f0b09fbebc,d3dc9bec53ff,45,45-54,Man,Wales,Suburban,Employed full-time,"£50,000-£74,999",Yes,Yes,1,Past week,FoodGo,5,6,8,7,7,4,5,7,5,4,5,3,4,37.4,No,,,,No,Fewer missing items and clearer substitutions.,28.0,62.6,89.3,95.3,60.4,45.3
R00774,P100774,Complete,100,2026-07-16T19:34:11+01:00,2026-07-16T19:43:22+01:00,551,Mobile,Chrome,Panel A,a670cca2d075,2036c7c1a732,34,25-34,Woman,East of England,Suburban,Not currently employed,"Under £20,000",No,Yes,6-9,Past week,QuickBite,4,3,4,3,4,5,4,4,4,3,3,3,4,30.34,No,,,,Yes,Show unavailable items before I start ordering.,51.8,73.7,103.6,174.0,55.3,52.3
R00775,P100775,Complete,100,2026-07-16T19:32:48+01:00,2026-07-16T19:41:49+01:00,541,Mobile,Edge,Panel A,52f3edf354c0,bb7e46beca83,19,18-24,Woman,London,Urban,Self-employed,"£35,000-£49,999",No,Yes,1,8-30 days ago,MealDash,5,6,7,5,5,4,4,5,5,5,5,3,6,35.7,No,,,,No,"Lower delivery fees, especially on smaller orders.",44.1,75.1,72.8,92.1,88.9,109.0
R00776,P100776,Complete,100,2026-07-19T00:04:27+01:00,2026-07-19T00:11:59+01:00,452,Desktop,Chrome,Panel A,5d606fce65be,10fda2c9bb69,30,25-34,Man,North West,Urban,Employed full-time,"£75,000-£99,999",Yes,Yes,4-5,Past week,FoodGo,5,6,8,6,6,3,5,6,6,4,5,3,6,36.59,No,,,,No,Improve the accuracy of map tracking.,46.6,82.7,50.8,87.0,84.9,27.7
R00777,P100777,Complete,100,2026-07-11T11:11:28+01:00,2026-07-11T11:21:03+01:00,575,Mobile,Chrome,Panel A,0525bc236719,948040b9e79a,24,18-24,Woman,Yorkshire and the Humber,Urban,Employed full-time,"£75,000-£99,999",No,Yes,6-9,Past week,FoodGo,5,6,7,4,6,5,5,6,6,6,4,6,6,22.39,No,,,,No,Faster refunds when something goes wrong.,48.6,68.2,61.2,138.8,70.2,91.2
R00778,P100778,Complete,100,2026-07-20T14:03:19+01:00,2026-07-20T14:13:11+01:00,592,Desktop,Safari,Panel A,72d298b26387,4d4f84adbc66,26,25-34,Woman,Scotland,Urban,Student,"£50,000-£74,999",Yes,Yes,0,8-30 days ago,MealDash,5,5,6,6,5,6,4,7,5,5,5,3,6,34.61,No,,,,No,Better loyalty rewards.,49.3,65.2,88.9,113.1,60.5,128.3
R00779,P100779,Complete,100,2026-07-09T09:47:06+01:00,2026-07-09T09:55:13+01:00,487,Desktop,Chrome,Panel C,d86c70acfb82,e9c385d75d17,39,35-44,Woman,North West,Urban,Employed full-time,"£20,000-£34,999",No,Yes,1,8-30 days ago,QuickBite,5,4,5,4,4,5,4,5,5,4,7,3,4,31.68,No,,,,Yes,Let customers edit an order for a short time after placing it.,35.8,58.1,92.4,145.3,74.0,35.1
R00780,P100780,Complete,100,2026-07-12T15:06:52+01:00,2026-07-12T15:17:21+01:00,629,Mobile,Edge,Panel B,9a80f5d3bd30,15b5fa7ba1c7,23,18-24,Woman,South East,Rural,Employed full-time,"£75,000-£99,999",Yes,Yes,2-3,Past week,Restaurant direct,3,4,3,3,3,3,3,4,3,4,3,3,2,18.29,No,,,,No,More responsive customer support.,59.2,91.6,110.8,162.3,77.8,67.0
R00781,P100781,Complete,100,2026-07-12T18:08:22+01:00,2026-07-12T18:16:45+01:00,503,Mobile,Chrome,Panel A,1ea4cc601786,afc040addfad,20,18-24,Woman,North East,Urban,Self-employed,"Under £20,000",Yes,Yes,4-5,Past week,Restaurant direct,6,7,9,6,6,5,5,6,6,4,5,3,5,33.97,No,,,,Yes,Show unavailable items before I start ordering.,44.6,34.8,126.0,132.4,69.0,45.1
R00782,P100782,Complete,100,2026-07-20T19:07:35+01:00,2026-07-20T19:17:08+01:00,573,Desktop,Chrome,Panel A,be18aeb8741e,da71b2bfd50a,29,25-34,Woman,London,Suburban,Employed part-time,"£50,000-£74,999",Yes,Yes,6-9,Past week,Restaurant direct,5,6,6,6,6,4,4,4,6,5,5,3,5,28.37,No,,,,No,Let customers edit an order for a short time after placing it.,36.4,62.5,100.4,139.3,71.6,75.8
R00783,P100783,Complete,100,2026-07-12T04:54:40+01:00,2026-07-12T05:01:43+01:00,423,Desktop,Firefox,Panel C,79b4e975ae89,c10f560e73db,35,35-44,Woman,East Midlands,Urban,Student,"£20,000-£34,999",Yes,Yes,4-5,Past week,QuickBite,5,3,9,5,5,5,4,4,4,7,3,7,4,21.3,No,,,,No,Nothing major; the service generally works well for me.,24.4,60.3,86.6,119.5,40.9,66.7
R00784,P100784,Complete,100,2026-07-20T19:24:08+01:00,2026-07-20T19:33:44+01:00,576,Mobile,Safari,Panel B,5cedfa775a8f,5d2e5dc79c70,74,65-74,Woman,London,Suburban,Employed full-time,"Under £20,000",Yes,Yes,0,31-90 days ago,FoodGo,7,6,8,7,6,7,7,7,7,5,7,3,6,37.75,No,,,,No,Give drivers clearer instructions for flats and apartment buildings.,59.8,70.9,94.3,144.6,79.1,55.1
R00785,P100785,Complete,100,2026-07-08T04:35:11+01:00,2026-07-08T04:45:07+01:00,596,Mobile,Safari,Panel C,c94d1ce6b458,ee58567ca2f3,39,35-44,Woman,London,Urban,Employed full-time,"£50,000-£74,999",Yes,Yes,2-3,Past week,Restaurant direct,7,6,7,7,6,6,7,7,6,7,6,3,6,21.62,No,,,,No,Faster refunds when something goes wrong.,62.3,82.5,70.5,95.5,87.0,114.6
R00786,P100786,Complete,100,2026-07-20T14:36:55+01:00,2026-07-20T14:45:17+01:00,502,Mobile,Chrome,Panel C,558ba4f3a0b6,7247362ef2c6,41,35-44,Woman,Yorkshire and the Humber,Rural,Employed full-time,"£50,000-£74,999",No,Yes,2-3,Past week,MealDash,6,7,7,6,4,6,4,6,5,6,5,3,5,16.41,No,,,,No,More responsive customer support.,19.4,88.4,67.7,115.8,43.3,95.3
R00787,P100787,Complete,100,2026-07-08T16:01:53+01:00,2026-07-08T16:09:30+01:00,457,Tablet,Chrome,Panel C,50cca45c2153,5a47ee54ae61,52,45-54,Man,West Midlands,Suburban,Employed full-time,"£20,000-£34,999",Yes,Yes,1,Past week,Other,4,5,5,5,3,5,4,5,4,3,4,3,3,23.5,No,,,,No,More responsive customer support.,43.0,34.7,102.4,117.9,73.1,36.7
R00788,P100788,Complete,100,2026-07-09T07:32:52+01:00,2026-07-09T07:41:46+01:00,534,Desktop,Chrome,Panel A,849fb5402e8f,9349a5167d12,31,25-34,Man,South East,Urban,Employed full-time,"£50,000-£74,999",No,Yes,4-5,Past week,Restaurant direct,5,6,12,4,7,5,5,6,5,5,6,3,5,30.22,No,,,,No,More environmentally friendly packaging options.,43.5,28,84.3,138.7,69.3,104.4
R00789,P100789,Complete,100,2026-07-14T10:45:56+01:00,2026-07-14T10:55:15+01:00,559,Mobile,Safari,Panel A,240ca5922c90,f98d322e3308,34,25-34,Woman,London,Suburban,Employed full-time,"£35,000-£49,999",No,Yes,1,Past week,Other,5,6,9,6,5,5,4,6,6,6,6,3,4,16.55,No,,,,No,More consistent delivery times at weekends.,24.7,51.6,148.0,57.9,83.9,89.9
R00790,P100790,Complete,100,2026-07-15T10:35:29+01:00,2026-07-15T10:45:26+01:00,597,Mobile,Chrome,Panel A,c202fee14e46,2a6484ffd4a0,41,35-44,Woman,West Midlands,Suburban,Retired,"£20,000-£34,999",Yes,Yes,2-3,Past week,FoodGo,5,5,6,3,3,3,3,3,3,3,3,7,5,26.78,Yes,Late delivery,Yes,6,Yes,Give drivers clearer instructions for flats and apartment buildings.,60.8,73.5,94.5,140.7,70.1,74.9
R00791,P100791,Complete,100,2026-07-10T14:13:55+01:00,2026-07-10T14:25:12+01:00,677,Desktop,Chrome,Panel A,6db8503ffc22,b23d3c5cad0e,67,65-74,Woman,London,Suburban,Employed full-time,"£20,000-£34,999",No,Yes,2-3,8-30 days ago,MealDash,4,3,3,4,3,4,4,5,2,4,2,3,3,14.77,Yes,Late delivery,No,,No,Better tracking when the driver is close.,36.2,83.2,83.4,140.8,75.5,143.8
R00792,P100792,Complete,100,2026-07-16T01:44:35+01:00,2026-07-16T01:56:49+01:00,734,Mobile,Chrome,Panel B,3540256138cd,ad6665ae2c09,23,18-24,Woman,East of England,Rural,Student,"£20,000-£34,999",Yes,Yes,1,Past week,MealDash,4,3,5,3,4,4,2,6,5,3,3,3,3,59.68,Yes,Food arrived cold,Yes,4,No,...,34.9,83.9,90.6,252.8,96.7,73.2
R00793,P100793,Complete,100,2026-07-06T18:03:28+01:00,2026-07-06T18:11:49+01:00,501,Mobile,Edge,Panel B,73a7cd787f92,54c5890bb5fd,18,18-24,Man,North East,Urban,Employed full-time,"£20,000-£34,999",Yes,Yes,1,8-30 days ago,FoodGo,5,5,8,4,6,5,5,5,6,6,5,3,4,25.49,No,,,,Yes,"Better offers for existing customers, not just new users.",49.2,30.2,74.3,147.0,62.1,76.7
R00794,P100794,Complete,100,2026-07-18T08:08:16+01:00,2026-07-18T08:17:47+01:00,571,Tablet,Chrome,Panel A,2ed68b25bb8c,c0f20297e4cd,30,25-34,Woman,London,Urban,Employed full-time,"£100,000+",No,Yes,0,Past week,Restaurant direct,5,5,7,5,4,4,3,6,4,6,5,3,4,17.47,No,,,,No,Make service charges easier to understand before checkout.,65.0,81.7,129.1,137.3,73.4,18
R00795,P100795,Complete,100,2026-07-08T17:57:18+01:00,2026-07-08T18:05:49+01:00,511,Desktop,Firefox,Panel B,8fd3708f8c75,6fa4df7fb7ca,30,25-34,Man,Scotland,Suburban,Employed full-time,"£75,000-£99,999",No,Yes,6-9,Past week,QuickBite,5,6,4,7,5,3,4,6,4,4,5,3,4,47.41,No,,,,No,More accurate delivery time estimates.,50.1,76.9,106.4,107.2,89.1,37.6
R00796,P100796,Complete,100,2026-07-13T15:51:10+01:00,2026-07-13T16:00:35+01:00,565,Desktop,Chrome,Panel B,a62cbdbbb6b9,b8a4576f67dd,39,35-44,Woman,Scotland,Urban,Retired,"£50,000-£74,999",Yes,Yes,4-5,Past week,FoodGo,5,6,7,7,5,5,5,6,5,5,5,3,5,44.68,No,,,,No,Nothing major; the service generally works well for me.,53.3,46.0,110.3,126.3,70.5,68.1
R00797,P100797,Complete,100,2026-07-08T03:10:43+01:00,2026-07-08T03:18:00+01:00,437,Desktop,Safari,Panel A,99ef0bc02b8a,2d37b4feec35,35,35-44,Man,North East,Rural,Employed part-time,"£20,000-£34,999",No,Yes,2-3,8-30 days ago,Restaurant direct,6,6,8,7,7,6,5,7,6,6,6,3,5,14.72,No,,,,Yes,Lower prices overall.,41.4,59.6,61.1,84.9,67.4,62.5
R00798,P100798,Complete,100,2026-07-10T02:13:32+01:00,2026-07-10T02:23:08+01:00,576,Desktop,Chrome,Panel C,626c278e0fdc,a5c51a48215b,23,18-24,Man,South East,Urban,Employed full-time,"£35,000-£49,999",No,Yes,10+,Today,Restaurant direct,5,5,9,4,4,5,5,5,5,6,6,3,7,21.36,No,,,,No,Let customers edit an order for a short time after placing it.,42.3,41.8,137.6,122.3,71.0,95.4
R00799,P100799,Complete,100,2026-07-13T03:36:42+01:00,2026-07-13T03:46:00+01:00,558,Mobile,Chrome,Panel B,03a1a23658a1,9a6c58d3ae24,64,55-64,Woman,West Midlands,Urban,Employed full-time,"£20,000-£34,999",Yes,Yes,6-9,Past week,Other,6,7,10,6,7,5,6,5,6,5,7,3,6,31.93,No,,,,No,"Lower delivery fees, especially on smaller orders.",53.8,40.7,103.9,131.7,78.9,72.5
R00800,P100800,Complete,100,2026-07-18T22:04:48+01:00,2026-07-18T22:12:17+01:00,449,Desktop,Safari,Panel B,53a7a5bc26cd,03fbb0a8cab5,49,45-54,Man,Scotland,Suburban,Employed full-time,"£75,000-£99,999",No,Yes,1,Past week,Other,5,7,8,4,6,5,5,5,6,5,5,3,5,18.6,No,,,,Yes,Let customers edit an order for a short time after placing it.,18,28,77.3,128.2,81.7,68.7
R00801,P100801,Complete,100,2026-07-15T14:00:27+01:00,2026-07-15T14:10:02+01:00,575,Mobile,Chrome,Panel A,3cace977c33f,30b4580ee470,37,35-44,Woman,London,Urban,Self-employed,"Under £20,000",No,Yes,4-5,Today,QuickBite,5,4,6,3,5,4,5,6,5,5,5,3,4,23.67,No,,,,No,More responsive customer support.,75.2,68.6,120.3,111.7,72.7,96.3
R00802,P100802,Complete,100,2026-07-15T19:14:21+01:00,2026-07-15T19:22:50+01:00,509,Mobile,Chrome,Panel A,caffb4c52605,2562392e6396,24,18-24,Man,West Midlands,Urban,Employed full-time,"£100,000+",No,Yes,10+,Past week,MealDash,5,7,5,4,5,4,6,4,4,5,4,3,5,16.86,No,,,,No,Nothing major; the service generally works well for me.,46.5,93.0,64.2,130.7,97.9,19.4
R00803,P100803,Complete,100,2026-07-15T19:32:24+01:00,2026-07-15T19:43:19+01:00,655,Desktop,Safari,Panel B,7f433e6d7a8b,b8e3b7cfa37c,38,35-44,Woman,London,Urban,Not currently employed,Prefer not to say,Yes,Yes,4-5,Past week,MealDash,6,7,10,6,6,7,6,5,5,6,5,3,5,34.22,No,,,,No,More accurate delivery time estimates.,41.7,96.4,170.0,134.1,92.1,28.4
R00804,P100804,Complete,100,2026-07-14T13:23:08+01:00,2026-07-14T13:30:06+01:00,418,Mobile,Safari,Panel B,15637474c43e,658d92561e0f,23,18-24,Woman,East of England,Urban,Employed full-time,"£50,000-£74,999",No,Yes,2-3,Past week,Restaurant direct,6,6,9,6,7,7,5,6,7,6,7,3,5,24.65,No,,,,No,Nothing major; the service generally works well for me.,49.8,61.5,75.9,47.7,78.4,40.1
R00805,P100805,Complete,100,2026-07-09T21:07:21+01:00,2026-07-09T21:17:57+01:00,636,Mobile,Chrome,Panel B,02a805e60099,bdaed89100e0,70,65-74,Woman,West Midlands,Urban,Employed part-time,"£50,000-£74,999",No,Yes,2-3,8-30 days ago,QuickBite,6,5,9,5,5,5,5,5,5,5,5,3,5,37.07,No,,,,No,More consistent delivery times at weekends.,57.7,70.9,80.0,194.9,78.2,84.6
R00806,P100806,Complete,100,2026-07-20T12:49:01+01:00,2026-07-20T12:57:20+01:00,499,Desktop,Chrome,Panel B,230d8a219f89,35b3cc7b0329,26,25-34,Man,East of England,Suburban,Not currently employed,"£35,000-£49,999",No,Yes,1,Past week,QuickBite,5,6,8,5,6,5,5,5,7,7,4,3,3,27.78,No,,,,No,Improve the accuracy of map tracking.,44.1,81.9,102.4,102.3,75.0,42.3
R00807,P100807,Complete,100,2026-07-06T21:22:50+01:00,2026-07-06T21:30:11+01:00,441,Mobile,Safari,Panel A,5c272d545ac3,8cb5da8c4285,29,25-34,Man,South West,Suburban,Retired,"£35,000-£49,999",No,Yes,1,8-30 days ago,Restaurant direct,5,6,7,5,4,5,5,4,7,5,5,3,5,25.96,No,,,,No,Faster refunds when something goes wrong.,51.9,56.5,77.1,54.9,71.8,69.1
R00808,P100808,Complete,100,2026-07-11T22:36:09+01:00,2026-07-11T22:45:35+01:00,566,Mobile,Chrome,Panel A,8f18a74eda86,53c5b8c9b125,51,45-54,Woman,South West,Suburban,Employed full-time,"Under £20,000",Yes,Yes,1,Past week,Restaurant direct,5,6,8,2,2,2,2,2,2,2,2,3,5,16.91,No,,,,Yes,Fewer missing items and clearer substitutions.,49.5,41.2,157.5,145.3,81.3,55.0
R00809,P100809,Complete,100,2026-07-06T10:02:35+01:00,2026-07-06T10:12:18+01:00,583,Mobile,Chrome,Panel A,72332ca2b4ca,48e173f2783d,74,65-74,Woman,London,Urban,Self-employed,"£20,000-£34,999",No,Yes,2-3,Past week,QuickBite,5,4,9,5,5,4,6,7,6,6,4,3,5,30.61,No,,,,Yes,Reduce minimum order values.,43.9,75.8,74.7,124.0,79.7,129.4
R00810,P100810,Complete,100,2026-07-19T09:08:30+01:00,2026-07-19T09:10:44+01:00,134,Mobile,Chrome,Panel B,480ee8aa8709,2996f2216906,43,35-44,Woman,Scotland,Suburban,Employed part-time,"£100,000+",No,Yes,4-5,Past week,MealDash,4,4,3,4,4,5,2,4,5,4,3,3,2,15.08,No,,,,No,Improve the accuracy of map tracking.,24.4,12.6,19.2,26.7,16.4,22.9
R00811,P100811,Complete,100,2026-07-18T15:46:55+01:00,2026-07-18T15:55:27+01:00,512,Mobile,Chrome,Panel B,cc7739b7d012,b645b1cecc1d,28,25-34,Man,North West,Suburban,Employed full-time,"£75,000-£99,999",No,Yes,0,8-30 days ago,FoodGo,4,4,5,2,4,4,4,4,4,5,4,3,3,23.25,No,,,,No,Give drivers clearer instructions for flats and apartment buildings.,22.1,72.6,124.9,151.1,88.7,19.4
R00812,P100812,Complete,100,2026-07-14T23:17:52+01:00,2026-07-14T23:28:04+01:00,612,Mobile,Chrome,Panel A,5edeb71c8a4c,0454ae323850,41,35-44,Woman,West Midlands,Urban,Retired,"£75,000-£99,999",No,Yes,6-9,Today,QuickBite,4,4,6,5,3,5,4,4,3,5,4,3,3,27.13,Yes,Other,Yes,7,No,"Better offers for existing customers, not just new users.",23.6,109.5,103.4,115.0,110.3,73.1
R00813,P100813,Complete,100,2026-07-08T01:03:19+01:00,2026-07-08T01:11:25+01:00,486,Mobile,Safari,Panel B,19db8e4e80b4,ddc3a2080767,19,18-24,Non-binary,South East,Urban,Self-employed,"£20,000-£34,999",No,Yes,6-9,Today,MealDash,5,6,7,5,6,6,4,6,4,6,5,3,4,18.6,No,,,,No,Show unavailable items before I start ordering.,44.0,74.6,73.4,123.8,90.4,54.8
R00814,P100814,Complete,100,2026-07-18T10:34:55+01:00,2026-07-18T10:44:49+01:00,594,Mobile,Chrome,Panel C,15da212d3f19,8560d01994a2,60,55-64,Woman,Scotland,Urban,Self-employed,"£50,000-£74,999",No,Yes,1,8-30 days ago,FoodGo,6,6,8,5,6,6,4,5,7,5,5,3,6,18.42,No,,,,Yes,Improve the accuracy of map tracking.,56.7,41.6,143.2,145.6,75.5,80.6
R00815,P100815,Complete,100,2026-07-06T14:29:33+01:00,2026-07-06T14:37:54+01:00,501,Mobile,Firefox,Panel A,c7601dc3c365,aa45abb6115b,44,35-44,Woman,West Midlands,Urban,Employed full-time,"£50,000-£74,999",No,Yes,6-9,Past week,QuickBite,4,4,6,4,3,3,5,5,3,3,5,3,4,36.35,No,,,,No,More environmentally friendly packaging options.,21.2,66.9,96.3,171.4,39.9,70.5
R00816,P100816,Complete,100,2026-07-10T19:04:22+01:00,2026-07-10T19:12:54+01:00,512,Mobile,Chrome,Panel A,873b5453f117,716f1b44e401,68,65-74,Woman,West Midlands,Urban,Employed full-time,"Under £20,000",No,Yes,1,8-30 days ago,FoodGo,6,7,7,5,6,5,5,5,7,5,6,3,6,17.43,No,,,,No,Give drivers clearer instructions for flats and apartment buildings.,45.5,86.0,81.7,98.0,87.1,62.6
R00817,P100817,Complete,100,2026-07-12T15:27:14+01:00,2026-07-12T15:37:53+01:00,639,Desktop,Chrome,Panel C,430a92083d1d,5f3ec435534f,25,25-34,Woman,Yorkshire and the Humber,Urban,Retired,"Under £20,000",No,Yes,6-9,Today,Other,4,3,6,3,4,3,2,2,3,3,2,3,3,30.96,Yes,Late delivery,Yes,5,No,More accurate delivery time estimates.,24.3,96.4,153.3,126.3,94.4,89.6
R00818,P100818,Complete,100,2026-07-12T20:14:05+01:00,2026-07-12T20:23:02+01:00,537,Mobile,Edge,Panel B,9fdd06a7181a,a6bd92f5c18c,18,18-24,Woman,West Midlands,Urban,Employed full-time,"£20,000-£34,999",Yes,Yes,4-5,Today,FoodGo,6,6,7,6,5,6,6,5,7,4,7,3,4,30.16,No,,,,Yes,Better tracking when the driver is close.,40.7,87.7,90.7,107.0,78.4,53.7
R00819,P100819,Complete,100,2026-07-14T08:38:06+01:00,2026-07-14T08:47:50+01:00,584,Mobile,Chrome,Panel B,e9f374b01151,70439c4c1269,36,35-44,Woman,South East,Urban,Employed part-time,Prefer not to say,No,Yes,4-5,Past week,QuickBite,5,7,7,6,6,5,5,5,5,7,6,3,5,26.22,No,,,,No,More responsive customer support.,39.2,90.1,154.8,81.8,98.7,27.8
R00820,P100820,Complete,100,2026-07-08T21:19:19+01:00,2026-07-08T21:26:49+01:00,450,Desktop,Safari,Panel C,2eb16f92824a,15adf054ba50,20,18-24,Woman,East Midlands,Urban,Retired,"Under £20,000",No,Yes,2-3,8-30 days ago,QuickBite,5,5,8,6,6,5,4,4,6,5,5,3,4,43.95,No,,,,Yes,Lower prices overall.,24.4,38.7,57.2,75.5,64.4,33.5
R00821,P100821,Complete,100,2026-07-10T15:45:43+01:00,2026-07-10T15:53:08+01:00,445,Desktop,Chrome,Panel A,867e7888af5e,a68a57c407d7,55,55-64,Man,West Midlands,Rural,Student,"£75,000-£99,999",No,Yes,10+,Today,QuickBite,5,5,7,5,4,5,6,7,6,4,6,3,4,31.86,No,,,,No,More accurate delivery time estimates.,44.8,65.2,84.0,71.0,72.0,43.3
R00822,P100822,Complete,100,2026-07-14T18:28:47+01:00,2026-07-14T18:37:15+01:00,508,Mobile,Safari,Panel C,7b5e694ad0b4,f0bb244de22a,35,35-44,Woman,Wales,Suburban,Employed full-time,"£20,000-£34,999",No,Yes,2-3,Past week,Other,4,4,3,4,3,6,5,5,5,4,4,3,3,14.86,Yes,Food arrived cold,No,,Yes,"Lower delivery fees, especially on smaller orders.",52.3,71.2,68.1,112.2,72.7,78.5
R00823,P100823,Complete,100,2026-07-18T21:52:57+01:00,2026-07-18T22:00:46+01:00,469,Mobile,Safari,Panel A,4a46f3f38e2b,9163982af392,41,35-44,Man,Yorkshire and the Humber,Urban,Employed full-time,"£35,000-£49,999",Yes,Yes,1,Past week,QuickBite,6,6,8,6,7,6,7,7,7,7,6,3,6,50.83,Yes,Missing or incorrect items,Yes,5,No,"Lower delivery fees, especially on smaller orders.",48.7,33.1,78.6,117.9,95.9,49.2
R00824,P100824,Complete,100,2026-07-15T00:42:28+01:00,2026-07-15T00:51:30+01:00,542,Desktop,Safari,Panel A,9b41b0c1dc02,1c411b7fda84,56,55-64,Woman,West Midlands,Urban,Employed full-time,"£20,000-£34,999",No,Yes,1,8-30 days ago,QuickBite,5,5,7,6,5,5,4,5,5,5,6,3,4,34.85,No,,,,Yes,Show unavailable items before I start ordering.,56.9,56.3,80.8,151.8,60.0,51.1
R00825,P100825,Complete,100,2026-07-08T09:52:27+01:00,2026-07-08T10:01:11+01:00,524,Mobile,Edge,Panel A,92679ee6cb80,57f55b90b9ff,62,55-64,Man,East of England,Rural,Employed full-time,"£100,000+",No,Yes,1,8-30 days ago,FoodGo,6,6,7,6,7,5,4,6,5,7,5,3,4,29.88,No,,,,No,blah blah,50.2,89.0,71.6,87.1,92.4,89.0
R00826,P100826,Complete,100,2026-07-15T23:06:11+01:00,2026-07-15T23:12:28+01:00,377,Mobile,Chrome,Panel A,6ceeba94385b,828636c739fb,44,35-44,Man,East of England,Urban,Employed part-time,"£100,000+",No,Yes,4-5,Past week,FoodGo,5,5,8,5,5,7,6,6,5,5,6,3,5,17.69,No,,,,No,Better tracking when the driver is close.,19.4,46.6,37.8,104.2,49.4,79.8
R00827,P100827,Complete,100,2026-07-15T17:25:15+01:00,2026-07-15T17:33:41+01:00,506,Tablet,Chrome,Panel A,17b081ef1c38,07dfd9ac4c56,54,45-54,Woman,London,Urban,Employed full-time,"£35,000-£49,999",No,Yes,2-3,8-30 days ago,Restaurant direct,3,3,4,3,2,3,3,3,4,4,3,3,3,29.25,Yes,Payment or refund issue,No,,No,Improve the accuracy of map tracking.,43.8,94.9,97.0,120.9,57.9,34.2
R00828,P100828,Complete,100,2026-07-16T22:44:59+01:00,2026-07-16T22:54:08+01:00,549,Desktop,Safari,Panel A,458f5198507d,94d936841264,35,35-44,Woman,South West,Suburban,Employed part-time,"£75,000-£99,999",No,Yes,2-3,Past week,MealDash,7,7,9,6,6,7,5,5,7,7,7,3,5,16.41,No,,,,No,Show unavailable items before I start ordering.,42.0,88.6,112.6,117.9,67.4,55.9
R00829,P100829,Complete,100,2026-07-08T21:15:45+01:00,2026-07-08T21:23:48+01:00,483,Mobile,Safari,Panel A,d3a1d3ece050,581d2fa2ba48,57,55-64,Woman,East Midlands,Urban,Retired,"£50,000-£74,999",Yes,Yes,1,8-30 days ago,Other,5,5,5,4,6,4,6,3,6,6,6,3,4,27.62,No,,,,No,More restaurant choice in my area.,19.4,88.5,114.6,123.6,86.2,19.4
R00830,P100830,Complete,100,2026-07-08T14:06:13+01:00,2026-07-08T14:14:04+01:00,471,Mobile,Edge,Panel C,f7796f1872c1,3f689e2a3547,54,45-54,Man,North West,Suburban,Employed full-time,"£20,000-£34,999",Yes,Yes,10+,Today,MealDash,4,6,7,4,4,6,2,4,6,6,3,3,4,31.15,Yes,Late delivery,Yes,5,Yes,Lower prices overall.,52.0,87.2,74.7,66.8,70.1,43.6
R00831,P100831,Complete,100,2026-07-11T03:47:32+01:00,2026-07-11T03:58:15+01:00,643,Mobile,Edge,Panel B,8b90ddc6a59e,b9dca0cd8391,36,35-44,Man,London,Urban,Employed full-time,"Under £20,000",No,Yes,1,8-30 days ago,MealDash,6,4,8,6,6,5,5,7,6,7,4,3,6,31.37,No,,,,No,Make service charges easier to understand before checkout.,43.4,81.2,160.5,84.3,81.9,116.9
R00832,P100832,Complete,100,2026-07-18T01:13:50+01:00,2026-07-18T01:21:34+01:00,464,Tablet,Chrome,Panel A,e7bc02df09aa,9eef22b9f161,51,45-54,Man,South East,Rural,Employed full-time,"£75,000-£99,999",Yes,Yes,1,Past week,FoodGo,3,2,5,3,3,3,1,4,4,4,3,3,2,23.61,No,,,,No,Better loyalty rewards.,35.7,47.6,63.3,96.7,55.7,121.2
R00833,P100833,Complete,100,2026-07-19T19:05:40+01:00,2026-07-19T19:14:32+01:00,532,Desktop,Edge,Panel A,85073e9d22fe,46638a78beae,34,25-34,Man,London,Urban,Employed full-time,"£20,000-£34,999",No,Yes,4-5,Past week,QuickBite,5,6,8,5,4,6,3,6,5,6,5,3,5,17.12,Yes,Payment or refund issue,Yes,5,No,More restaurant choice in my area.,36.1,58.2,98.3,114.4,59.3,69.1
R00834,P100834,Complete,100,2026-07-17T03:42:58+01:00,2026-07-17T03:52:23+01:00,565,Mobile,Firefox,Panel A,e233d07b7da1,9ad4b3967d92,23,18-24,Man,East of England,Urban,Employed full-time,"£75,000-£99,999",No,Yes,4-5,Past week,Other,5,5,8,5,3,6,6,5,5,5,7,3,3,14.62,Yes,Late delivery,Yes,7,Yes,Lower prices overall.,40.0,79.6,70.3,177.4,82.0,67.2
R00835,P100835,Complete,100,2026-07-14T17:32:01+01:00,2026-07-14T17:40:47+01:00,526,Mobile,Chrome,Panel B,5b9aa267ced3,d95c0d1c32c4,31,25-34,Woman,West Midlands,Urban,Employed full-time,"Under £20,000",No,Yes,4-5,Past week,MealDash,7,6,10,6,6,7,6,7,7,7,6,3,7,30.64,No,,,,Yes,Improve the accuracy of map tracking.,60.9,52.7,128.7,178.3,44.3,36.9
R00836,P100836,Complete,100,2026-07-06T17:39:18+01:00,2026-07-06T17:47:26+01:00,488,Tablet,Chrome,Panel A,039034990ddc,2803c832a11a,60,55-64,Woman,South West,Urban,Student,"£20,000-£34,999",No,Yes,1,8-30 days ago,Restaurant direct,4,5,8,3,3,3,4,5,2,3,3,3,3,17.38,Yes,Order cancelled,No,,No,Nothing major; the service generally works well for me.,19.9,50.9,55.9,174.6,47.5,73.9
R00837,P100837,Complete,100,2026-07-11T05:11:06+01:00,2026-07-11T05:21:36+01:00,630,Desktop,Chrome,Panel A,9e42cb277752,a885e73a3200,48,45-54,Woman,London,Rural,Student,"£50,000-£74,999",No,Yes,4-5,Past week,MealDash,4,5,4,5,3,4,3,4,4,5,4,3,3,16.43,No,,,,No,Faster refunds when something goes wrong.,40.0,53.8,139.1,158.9,82.2,88.2
R00838,P100838,Complete,100,2026-07-16T14:46:58+01:00,2026-07-16T14:55:23+01:00,505,Desktop,Safari,Panel C,acf9d61f8370,96b67b47033c,48,45-54,Man,West Midlands,Urban,Employed full-time,Prefer not to say,No,Yes,1,8-30 days ago,Other,5,5,7,5,6,5,4,5,6,4,5,3,5,10.87,No,,,,No,Nothing major; the service generally works well for me.,24.2,69.1,135.2,88.3,60.9,58.3
R00839,P100839,Complete,100,2026-07-09T12:35:18+01:00,2026-07-09T12:43:50+01:00,512,Mobile,Chrome,Panel C,e375f2029259,14274e6401a1,40,35-44,Woman,South East,Urban,Employed part-time,"£20,000-£34,999",Yes,Yes,4-5,Today,FoodGo,5,4,6,5,3,4,4,5,6,6,3,3,3,30.18,No,,,,No,"Lower delivery fees, especially on smaller orders.",41.4,67.1,131.6,148.3,77.8,19.4
R00840,P100840,Complete,100,2026-07-12T05:27:36+01:00,2026-07-12T05:29:55+01:00,139,Mobile,Chrome,Panel C,7e33cb34bc79,4b7227b58805,18,18-24,Woman,Wales,Urban,Employed full-time,"£35,000-£49,999",No,Yes,6-9,Past week,Restaurant direct,3,2,5,5,3,4,5,5,1,1,3,3,3,19.37,Yes,Late delivery,Yes,5,Yes,More environmentally friendly packaging options.,10.1,4.3,83.3,3,27.7,3
R00841,P100841,Complete,100,2026-07-17T04:12:19+01:00,2026-07-17T04:22:01+01:00,582,Mobile,Firefox,Panel A,e630b05b41c4,abcc0cdabfaf,63,55-64,Woman,Yorkshire and the Humber,Urban,Self-employed,"£20,000-£34,999",No,Yes,1,8-30 days ago,MealDash,5,5,7,5,5,5,5,5,5,5,5,3,5,18.91,No,,,,No,Faster refunds when something goes wrong.,73.9,65.0,121.5,133.5,60.0,80.6
R00842,P100842,Complete,100,2026-07-20T04:10:33+01:00,2026-07-20T04:20:23+01:00,590,Mobile,Firefox,Panel B,2da90c2abcef,61ef44840a36,68,65-74,Woman,South West,Rural,Employed part-time,"Under £20,000",No,Yes,2-3,8-30 days ago,MealDash,6,6,10,6,6,6,4,6,5,5,4,3,6,18.51,No,,,,Yes,Better tracking when the driver is close.,81.7,81.5,82.1,120.9,99.1,83.4
R00843,P100843,Complete,100,2026-07-10T20:38:05+01:00,2026-07-10T20:47:11+01:00,546,Desktop,Edge,Panel A,2c1413a9a365,06ba6b215a25,65,65-74,Man,North East,Rural,Employed full-time,"£20,000-£34,999",No,Yes,1,8-30 days ago,MealDash,6,6,7,5,7,7,5,7,7,6,6,3,7,21.86,No,,,,No,Lower prices overall.,49.4,81.7,84.1,112.0,88.1,52.7
R00844,P100844,Complete,100,2026-07-16T17:03:30+01:00,2026-07-16T17:13:39+01:00,609,Desktop,Chrome,Panel B,f7c9dff15ee1,a194e89d336c,45,45-54,Man,Yorkshire and the Humber,Urban,Self-employed,"£50,000-£74,999",No,Yes,10+,Past week,FoodGo,5,6,6,6,6,6,6,6,4,5,4,3,5,38.08,No,,,,No,Reduce minimum order values.,51.6,55.9,164.2,156.1,56.4,44.8
R00845,P100845,Complete,100,2026-07-20T11:15:59+01:00,2026-07-20T11:26:03+01:00,604,Mobile,Chrome,Panel B,1e5a08251c3c,f1602c2da74c,43,35-44,Woman,Yorkshire and the Humber,Rural,Employed full-time,"£50,000-£74,999",No,Yes,2-3,8-30 days ago,Restaurant direct,4,4,7,4,3,4,5,4,6,5,5,3,3,40.74,No,,,,No,Nothing major; the service generally works well for me.,45.3,65.8,93.2,165.0,108.3,50.0
R00846,P100846,Complete,100,2026-07-11T17:38:07+01:00,2026-07-11T17:45:26+01:00,439,Tablet,Chrome,Panel A,afe92aef3239,3557cc51c042,24,18-24,Woman,East of England,Suburban,Student,"£35,000-£49,999",No,Yes,4-5,Past week,QuickBite,4,4,6,4,5,4,4,5,2,3,3,3,3,18.33,Yes,Late delivery,No,,No,More responsive customer support.,21.3,62.3,42.0,127.1,87.9,53.4
R00847,P100847,Complete,100,2026-07-10T12:53:56+01:00,2026-07-10T13:02:30+01:00,514,Mobile,Safari,Panel A,50b1d4d18408,9c3683d38900,66,65-74,Man,South West,Suburban,Employed full-time,"£100,000+",Yes,Yes,4-5,Today,Restaurant direct,6,6,8,7,6,6,6,7,6,7,6,7,6,52.25,No,,,,Yes,Improve food temperature on longer deliveries.,46.9,62.4,108.2,83.1,49.7,92.0
R00848,P100848,Complete,100,2026-07-19T02:04:24+01:00,2026-07-19T02:13:01+01:00,517,Desktop,Firefox,Panel B,7be2f2a2bf8c,df53e0473e0b,40,35-44,Woman,East Midlands,Urban,Student,"£35,000-£49,999",No,Yes,4-5,Past week,QuickBite,5,6,8,6,6,7,5,6,5,5,5,3,5,32.55,No,,,,Yes,Give drivers clearer instructions for flats and apartment buildings.,50.4,72.9,84.0,118.1,80.6,42.1
R00849,P100849,Complete,100,2026-07-15T00:53:54+01:00,2026-07-15T00:55:09+01:00,75,Mobile,Edge,Panel B,75c39d39a490,d55effec76e4,20,18-24,Woman,North West,Suburban,Employed full-time,"£50,000-£74,999",Yes,Yes,1,8-30 days ago,QuickBite,3,4,3,2,3,2,3,4,4,1,3,3,2,115.58,Yes,Late delivery,Yes,4,No,Improve the accuracy of map tracking.,3,12.4,17.7,3,18.6,10.8
R00850,P100850,Complete,100,2026-07-10T04:13:56+01:00,2026-07-10T04:21:28+01:00,452,Mobile,Safari,Panel C,5e155d608ba4,b23e0abc9737,51,45-54,Man,Scotland,Urban,Employed full-time,"£35,000-£49,999",No,Yes,4-5,Past week,FoodGo,6,7,6,7,7,7,7,7,7,7,7,3,7,24.53,No,,,,No,Better tracking when the driver is close.,50.9,76.5,70.3,88.5,94.8,30.2
R00851,P100851,Complete,100,2026-07-11T01:28:38+01:00,2026-07-11T01:37:12+01:00,514,Mobile,Chrome,Panel A,4418539347f6,5f630397d42e,37,35-44,Woman,North West,Suburban,Employed full-time,"£20,000-£34,999",No,Yes,1,Past week,Other,4,5,6,3,5,4,3,5,4,6,4,3,3,17.5,No,,,,No,Improve food temperature on longer deliveries.,44.6,76.0,115.9,111.4,73.7,30.0
R00852,P100852,Complete,100,2026-07-06T23:39:05+01:00,2026-07-06T23:47:44+01:00,519,Mobile,Chrome,Panel A,d3e2c2e39821,78b08e36ec2a,41,35-44,Woman,Wales,Suburban,Retired,"Under £20,000",No,Yes,1,Past week,FoodGo,5,4,8,6,5,6,5,7,5,3,4,3,3,49.82,No,,,,No,Faster refunds when something goes wrong.,49.6,128.8,97.3,52.5,54.3,69.9
R00853,P100853,Complete,100,2026-07-18T12:01:38+01:00,2026-07-18T12:10:55+01:00,557,Mobile,Chrome,Panel A,58ea5c2fb7b5,1538ff31b743,23,18-24,Woman,East Midlands,Urban,Student,"£50,000-£74,999",No,Yes,2-3,Past week,QuickBite,5,4,8,6,3,5,5,3,5,4,4,3,6,23.69,No,,,,Yes,Reduce minimum order values.,26.8,35.3,146.3,139.5,93.1,75.7
R00854,P100854,Complete,100,2026-07-10T15:04:36+01:00,2026-07-10T15:12:43+01:00,487,Mobile,Chrome,Panel A,2f0634779c4c,091e56de5f7a,57,55-64,Man,London,Rural,Employed full-time,"£35,000-£49,999",No,Yes,2-3,Past week,MealDash,5,5,7,4,6,3,6,4,6,6,4,3,3,29.22,No,,,,No,More responsive customer support.,58.0,65.3,98.3,103.4,80.5,20.0
R00855,P100855,Complete,100,2026-07-20T16:06:11+01:00,2026-07-20T16:16:46+01:00,635,Mobile,Chrome,Panel C,22c40cf9d0a6,935526efd4a5,58,55-64,Man,West Midlands,Urban,Employed part-time,"£20,000-£34,999",Yes,Yes,6-9,Past week,MealDash,4,3,4,5,3,5,4,3,4,4,2,3,4,15.26,No,,,,No,Fewer missing items and clearer substitutions.,58.1,30.5,147.1,122.0,57.1,133.3
R00856,P100856,Complete,100,2026-07-10T00:44:44+01:00,2026-07-10T00:53:00+01:00,496,Mobile,Chrome,Panel B,1997d88e1d35,6549c03e69ca,32,25-34,Woman,London,Urban,Employed part-time,"Under £20,000",No,Yes,2-3,8-30 days ago,Restaurant direct,5,5,6,6,4,5,5,5,5,5,4,3,5,18.21,Yes,Payment or refund issue,Yes,6,No,Improve the accuracy of map tracking.,20.4,72.9,106.7,128.5,102.1,37.1
R00857,P100857,Complete,100,2026-07-14T01:25:24+01:00,2026-07-14T01:36:50+01:00,686,Desktop,Edge,Panel C,d24da8d7f172,e64efe9ff7d7,27,25-34,Man,North West,Urban,Employed full-time,"£35,000-£49,999",No,Yes,6-9,Past week,QuickBite,5,7,7,3,6,5,4,5,5,4,3,3,5,20.97,No,,,,No,More restaurant choice in my area.,51.3,95.0,124.4,134.6,117.8,89.1
R00858,P100858,Complete,100,2026-07-08T04:33:29+01:00,2026-07-08T04:44:14+01:00,645,Tablet,Chrome,Panel B,756b58644122,29cf5b5f9ca7,60,55-64,Woman,North West,Urban,Employed part-time,"£20,000-£34,999",No,Yes,4-5,Past week,QuickBite,4,4,5,4,5,5,4,4,4,5,3,3,4,17.23,No,,,,No,More responsive customer support.,47.9,78.3,89.9,168.2,64.3,92.2
R00859,P100859,Complete,100,2026-07-19T05:41:02+01:00,2026-07-19T05:49:12+01:00,490,Mobile,Chrome,Panel B,32e4c4a68d15,6505fe7a47be,37,35-44,Man,South East,Urban,Student,"£50,000-£74,999",No,Yes,2-3,8-30 days ago,Restaurant direct,5,5,8,3,7,4,6,4,6,6,4,3,4,63.95,No,,,,No,Lower prices overall.,51.7,38.1,73.5,122.8,73.4,52.8
R00860,P100860,Complete,100,2026-07-13T16:45:16+01:00,2026-07-13T16:56:40+01:00,684,Mobile,Firefox,Panel B,bd4519a2764e,aa58303c9ccf,22,18-24,Woman,Wales,Urban,Employed full-time,"Under £20,000",No,Yes,0,Past week,Other,4,4,5,4,4,5,5,6,4,4,4,3,6,38.77,Yes,Driver or handoff issue,No,,No,Faster refunds when something goes wrong.,50.9,86.0,126.1,170.5,97.6,79.2
R00861,P100861,Complete,100,2026-07-12T02:45:50+01:00,2026-07-12T02:54:52+01:00,542,Mobile,Chrome,Panel A,864637d1ed6f,93e2942efbe3,41,35-44,Woman,East of England,Suburban,Employed part-time,"£50,000-£74,999",No,Yes,2-3,8-30 days ago,QuickBite,6,6,9,5,5,5,4,6,6,5,5,3,6,34.23,No,,,,No,Better loyalty rewards.,51.7,88.0,78.4,106.5,76.1,67.7
R00862,P100862,Complete,100,2026-07-08T13:21:33+01:00,2026-07-08T13:32:28+01:00,655,Mobile,Safari,Panel B,75c18e13721a,d1a3b3a6cdc8,36,35-44,Man,East Midlands,Urban,Retired,"£50,000-£74,999",Yes,Yes,4-5,Past week,Restaurant direct,5,5,7,5,5,5,5,5,5,5,5,3,5,23.04,No,,,,No,More responsive customer support.,62.7,79.7,116.5,174.4,62.9,88.6
R00863,P100863,Complete,100,2026-07-07T02:34:31+01:00,2026-07-07T02:42:11+01:00,460,Mobile,Chrome,Panel A,0a68b43b9242,417f0e110143,37,35-44,Woman,London,Suburban,Employed full-time,"£20,000-£34,999",Yes,Yes,1,8-30 days ago,FoodGo,6,7,8,6,5,5,5,6,6,5,6,3,5,39.11,No,,,,No,asdfgh,70.9,69.8,76.5,73.2,30.2,56.7
R00864,P100864,Complete,100,2026-07-06T10:02:36+01:00,2026-07-06T10:12:14+01:00,578,Mobile,Chrome,Panel C,74a64a609f9a,a6e8d58683f5,72,65-74,Woman,South East,Urban,Student,"Under £20,000",Yes,Yes,4-5,Past week,Restaurant direct,4,4,6,4,5,2,4,5,5,3,3,3,2,28.53,Yes,Driver or handoff issue,Yes,4,No,"Lower delivery fees, especially on smaller orders.",44.6,58.1,102.7,128.3,118.2,95.8
R00865,P100865,Complete,100,2026-07-10T00:10:46+01:00,2026-07-10T00:17:25+01:00,399,Mobile,Chrome,Panel A,9bd18ee76b6c,38b1c93bd5d1,55,55-64,Man,London,Urban,Employed full-time,"£50,000-£74,999",No,Yes,4-5,Past week,MealDash,5,5,7,7,6,5,3,5,7,5,5,3,6,35.97,No,,,,No,More responsive customer support.,46.2,64.3,118.5,86.7,39.1,19.4
R00866,P100866,Complete,100,2026-07-20T08:21:39+01:00,2026-07-20T08:29:33+01:00,474,Mobile,Chrome,Panel A,f96110d160cb,2203fdaa1421,61,55-64,Woman,London,Urban,Employed full-time,"£20,000-£34,999",Yes,Yes,2-3,Past week,QuickBite,4,5,4,2,5,4,3,3,4,5,4,3,3,39.84,No,,,,No,Show unavailable items before I start ordering.,46.1,60.0,121.5,123.5,78.7,120.4
R00867,P100867,Complete,100,2026-07-08T01:42:57+01:00,2026-07-08T01:52:02+01:00,545,Mobile,Chrome,Panel A,778d3698305e,2895777ba381,37,35-44,Woman,East of England,Suburban,Employed full-time,"£20,000-£34,999",No,Yes,2-3,Past week,QuickBite,5,6,6,4,4,4,4,4,4,5,3,3,5,18.92,No,,,,No,More restaurant choice in my area.,37.4,55.9,134.2,92.2,93.5,78.6
R00868,P100868,Complete,100,2026-07-15T05:36:08+01:00,2026-07-15T05:44:56+01:00,528,Mobile,Safari,Panel A,be21383bec79,3695e29208e2,66,65-74,Woman,East Midlands,Urban,Employed part-time,"£35,000-£49,999",No,Yes,1,Past week,QuickBite,6,4,7,7,5,7,5,6,6,5,6,3,6,19.33,Yes,Order cancelled,Yes,3,No,Faster refunds when something goes wrong.,62.7,60.3,97.6,129.8,62.3,65.7
R00869,P100869,Complete,100,2026-07-06T11:20:14+01:00,2026-07-06T11:29:57+01:00,583,Mobile,Chrome,Panel A,2ce018ac44a8,5ffc63bf5847,47,45-54,Man,East of England,Urban,Employed full-time,"£35,000-£49,999",No,Yes,1,8-30 days ago,Restaurant direct,7,7,10,7,7,7,7,7,7,7,7,3,7,36.28,No,,,,Yes,Improve food temperature on longer deliveries.,50.7,76.0,87.2,115.2,93.8,94.3
R00870,P100870,Complete,100,2026-07-17T09:26:32+01:00,2026-07-17T09:37:17+01:00,645,Mobile,Chrome,Panel A,596f1a8185f4,8ba0b8d576ae,26,25-34,Man,London,Urban,Not currently employed,"£20,000-£34,999",No,Yes,2-3,8-30 days ago,FoodGo,5,5,6,5,4,5,5,5,5,4,5,3,4,32.55,No,,,,Yes,Faster refunds when something goes wrong.,30.6,87.2,176.0,158.8,109.6,19.4
R00871,P100871,Complete,100,2026-07-20T18:24:55+01:00,2026-07-20T18:33:15+01:00,500,Mobile,Edge,Panel A,9ad0f6de55ac,4f83d3a34013,61,55-64,Man,North West,Suburban,Self-employed,"£35,000-£49,999",No,Yes,10+,Today,QuickBite,5,6,7,6,6,5,5,6,4,6,5,3,5,36.52,Yes,Missing or incorrect items,Yes,7,No,"Better offers for existing customers, not just new users.",58.0,77.0,113.6,108.8,65.5,43.4
R00872,P100872,Complete,100,2026-07-13T00:09:26+01:00,2026-07-13T00:16:53+01:00,447,Mobile,Chrome,Panel B,67208036a6ab,3ae0276b8a4a,54,45-54,Man,South West,Urban,Retired,"£20,000-£34,999",Yes,Yes,4-5,Past week,MealDash,5,6,7,7,6,6,4,6,6,7,5,3,5,33.8,No,,,,No,Lower prices overall.,39.6,80.3,60.2,76.8,81.7,54.8
R00873,P100873,Complete,100,2026-07-13T00:55:53+01:00,2026-07-13T01:05:34+01:00,581,Mobile,Chrome,Panel A,6690fe35a3e4,888396a72d7c,31,25-34,Man,North East,Rural,Employed full-time,"£50,000-£74,999",No,Yes,0,31-90 days ago,MealDash,4,4,6,3,4,4,4,4,5,4,4,3,4,12.8,Yes,Late delivery,Yes,4,No,Let customers edit an order for a short time after placing it.,39.3,38.6,135.7,102.9,114.4,69.1
R00874,P100874,Complete,100,2026-07-17T00:47:19+01:00,2026-07-17T00:57:04+01:00,585,Mobile,Chrome,Panel A,8ed89645bf41,edb3d0462dfa,28,25-34,Woman,West Midlands,Suburban,Student,"£20,000-£34,999",No,Yes,1,8-30 days ago,FoodGo,5,6,8,5,6,4,4,5,4,5,6,3,3,29.74,Yes,Missing or incorrect items,No,,Yes,Give drivers clearer instructions for flats and apartment buildings.,52.6,73.4,102.5,121.9,87.9,68.6
R00875,P100875,Complete,100,2026-07-19T02:57:48+01:00,2026-07-19T03:08:48+01:00,660,Mobile,Chrome,Panel B,3e157b2ab4a7,feae3e4ce245,19,18-24,Woman,South West,Rural,Retired,Prefer not to say,No,Yes,4-5,Past week,QuickBite,4,4,5,5,5,3,2,4,3,2,3,6,6,24.2,No,,,,No,Improve food temperature on longer deliveries.,64.2,99.2,120.9,148.9,77.3,60.4
R00876,P100876,Complete,100,2026-07-08T05:54:44+01:00,2026-07-08T06:02:40+01:00,476,Desktop,Edge,Panel A,1499eb8e6990,5db9215a1023,21,18-24,Man,West Midlands,Suburban,Self-employed,"£35,000-£49,999",No,Yes,4-5,Past week,QuickBite,4,5,4,3,3,2,4,5,4,4,2,3,5,23.93,Yes,Driver or handoff issue,Yes,4,Yes,More accurate delivery time estimates.,31.5,67.8,90.8,93.2,64.8,88.9
R00877,P100877,Complete,100,2026-07-09T15:40:11+01:00,2026-07-09T15:48:16+01:00,485,Mobile,Chrome,Panel A,fed0a7a3b05b,2be54d7d981e,50,45-54,Woman,West Midlands,Urban,Student,"Under £20,000",No,Yes,1,Past week,QuickBite,5,5,7,5,6,5,4,5,4,4,5,3,6,22.3,Yes,Late delivery,Yes,5,No,Show unavailable items before I start ordering.,51.4,78.3,74.8,68.2,86.9,60.8
R00878,P100878,Complete,100,2026-07-06T09:51:20+01:00,2026-07-06T09:59:34+01:00,494,Mobile,Chrome,Panel B,c8af17a7d2b2,45793d6ec109,46,45-54,Man,East of England,Rural,Employed part-time,"£100,000+",No,Yes,1,Past week,FoodGo,3,4,2,2,3,3,1,2,2,3,2,3,2,22.25,No,,,,No,Nothing major; the service generally works well for me.,29.4,72.9,117.1,84.2,65.1,81.4
R00879,P100879,Complete,100,2026-07-09T13:47:24+01:00,2026-07-09T13:56:38+01:00,554,Mobile,Chrome,Panel A,cd8a34d3bedc,484d34af1b4d,21,18-24,Man,East of England,Suburban,Employed full-time,"Under £20,000",No,Yes,4-5,Past week,MealDash,5,5,5,4,5,5,3,4,7,5,4,3,5,27.82,Yes,Late delivery,No,,No,Show unavailable items before I start ordering.,51.9,37.4,117.7,123.6,99.2,77.5
R00880,P100880,Complete,100,2026-07-07T14:14:40+01:00,2026-07-07T14:23:37+01:00,537,Mobile,Edge,Panel B,dd0d53a6a988,8d906fa83fa8,25,25-34,Woman,South East,Urban,Employed part-time,"£20,000-£34,999",Yes,Yes,2-3,Past week,QuickBite,5,5,7,6,5,6,5,6,6,6,5,3,5,21.03,No,,,,No,Let customers edit an order for a short time after placing it.,34.0,82.8,113.5,105.9,68.2,69.3
R00881,P100881,Complete,100,2026-07-14T15:08:43+01:00,2026-07-14T15:15:18+01:00,395,Desktop,Chrome,Panel A,9512810d9b62,9dbb5a282d11,27,25-34,Man,Wales,Urban,Employed full-time,"£20,000-£34,999",Yes,Yes,2-3,8-30 days ago,Restaurant direct,2,3,1,2,2,1,1,2,3,1,1,3,1,32.59,Yes,Late delivery,No,,No,Better loyalty rewards.,25.1,65.6,35,137.3,34.2,24.4
R00882,P100882,Complete,100,2026-07-17T11:06:22+01:00,2026-07-17T11:14:31+01:00,489,Desktop,Safari,Panel A,3cbffa70ba7c,6e48c11add6d,20,18-24,Prefer not to say,North West,Rural,Self-employed,"£35,000-£49,999",Yes,Yes,4-5,Past week,FoodGo,6,7,6,7,6,5,5,7,6,5,5,3,5,14.87,No,,,,Yes,Fewer missing items and clearer substitutions.,29.1,78.2,102.8,100.8,53.9,45.8
R00883,P100883,Complete,100,2026-07-20T00:19:16+01:00,2026-07-20T00:27:08+01:00,472,Desktop,Chrome,Panel B,36a083b40da0,0df3f7b72fab,32,25-34,Woman,East Midlands,Urban,Student,"£35,000-£49,999",Yes,Yes,2-3,Past week,Other,4,4,5,5,4,5,2,5,4,3,4,3,4,32.79,No,,,,No,"Lower delivery fees, especially on smaller orders.",36.5,80.2,63.0,110.7,83.5,47.1
R00884,P100884,Complete,100,2026-07-11T08:10:08+01:00,2026-07-11T08:16:31+01:00,383,Desktop,Chrome,Panel A,1b23ac8bd1c5,52820e834675,38,35-44,Man,Scotland,Urban,Not currently employed,"£75,000-£99,999",No,Yes,2-3,Past week,Other,5,4,5,4,4,4,4,5,6,4,6,3,4,35.23,No,,,,No,Better loyalty rewards.,26.2,85.1,35,84.3,100.6,21.5
R00885,P100885,Complete,100,2026-07-13T11:25:42+01:00,2026-07-13T11:34:30+01:00,528,Mobile,Safari,Panel A,0eeaee34aaf3,3b2bd0d788d1,28,25-34,Man,London,Urban,Not currently employed,Prefer not to say,No,Yes,10+,Past week,MealDash,6,6,5,5,5,5,5,5,5,5,5,3,4,52.89,No,,,,No,More consistent delivery times at weekends.,53.7,32.1,150.7,152.4,48.8,36.2
R00886,P100886,Complete,100,2026-07-09T07:32:39+01:00,2026-07-09T07:39:52+01:00,433,Mobile,Chrome,Panel A,0399172bc583,ffbdf9b8a0fa,51,45-54,Man,East Midlands,Urban,Employed full-time,"£50,000-£74,999",No,Yes,0,31-90 days ago,MealDash,6,6,10,7,7,6,6,7,5,7,6,3,5,37.5,No,,,,No,Faster refunds when something goes wrong.,54.2,36.5,75.0,94.2,81.9,19.4
R00887,P100887,Complete,100,2026-07-07T06:15:04+01:00,2026-07-07T06:24:11+01:00,547,Mobile,Firefox,Panel B,67dda8fcf290,7beb7751b1ce,53,45-54,Woman,West Midlands,Urban,Employed full-time,"£35,000-£49,999",No,Yes,0,31-90 days ago,MealDash,4,3,4,4,3,4,4,4,6,3,3,3,2,20.61,No,,,,No,Fewer missing items and clearer substitutions.,58.0,46.4,139.5,146.2,30.2,62.8
R00888,P100888,Complete,100,2026-07-09T05:49:52+01:00,2026-07-09T05:57:35+01:00,463,Desktop,Chrome,Panel B,a34d43817046,34227b4ec58b,53,45-54,Woman,West Midlands,Suburban,Employed full-time,Prefer not to say,Yes,Yes,1,8-30 days ago,QuickBite,5,5,6,4,5,5,2,5,5,4,5,3,3,42.88,Yes,Food arrived cold,No,,No,Make service charges easier to understand before checkout.,42.6,66.7,72.6,115.8,48.9,62.5
R00889,P100889,Complete,100,2026-07-10T15:24:16+01:00,2026-07-10T15:34:22+01:00,606,Desktop,Chrome,Panel A,c709ba865e16,3e33eee038ec,27,25-34,Man,Wales,Urban,Employed full-time,"£75,000-£99,999",No,Yes,4-5,Today,FoodGo,4,5,4,5,3,4,3,4,4,3,2,3,4,21.13,No,,,,No,Show unavailable items before I start ordering.,58.1,87.3,125.2,134.1,74.6,61.7
R00890,P100890,Complete,100,2026-07-17T02:06:07+01:00,2026-07-17T02:17:39+01:00,692,Mobile,Safari,Panel A,77642f5a6081,66df3a7df314,51,45-54,Woman,South West,Urban,Employed full-time,"£20,000-£34,999",No,Yes,4-5,Past week,MealDash,4,5,5,4,3,4,3,3,5,3,3,3,4,84.93,No,,,,No,More responsive customer support.,56.4,110.3,98.2,175.3,74.5,91.7
R00891,P100891,Complete,100,2026-07-13T20:58:21+01:00,2026-07-13T21:06:15+01:00,474,Mobile,Chrome,Panel B,f662dc861678,2984d220b5d6,25,25-34,Man,London,Urban,Employed full-time,"£50,000-£74,999",No,Yes,6-9,More than 3 months ago,FoodGo,4,4,5,2,4,5,2,4,5,3,3,3,2,29.24,Yes,Missing or incorrect items,Yes,5,No,Give drivers clearer instructions for flats and apartment buildings.,51.3,44.5,50.1,108.8,81.0,60.9
R00892,P100892,Complete,100,2026-07-14T03:05:34+01:00,2026-07-14T03:16:13+01:00,639,Desktop,Edge,Panel B,37399d1939ec,4d4ce7bc5f0d,48,45-54,Woman,Scotland,Suburban,Employed part-time,"£50,000-£74,999",Yes,Yes,0,8-30 days ago,MealDash,6,6,10,7,7,6,5,6,7,6,6,3,6,30.6,No,,,,No,Make service charges easier to understand before checkout.,51.1,45.2,122.7,161.8,78.9,77.2
R00893,P100893,Complete,100,2026-07-10T00:32:18+01:00,2026-07-10T00:41:34+01:00,556,Desktop,Chrome,Panel C,add47d61ca0b,9592ef426fab,54,45-54,Woman,South West,Urban,Employed full-time,"£50,000-£74,999",Yes,Yes,10+,Today,MealDash,5,6,8,5,5,6,4,6,5,4,4,3,6,27.6,No,,,,Yes,"Lower delivery fees, especially on smaller orders.",39.9,49.1,91.5,131.0,105.9,90.0
R00894,P100894,Complete,100,2026-07-10T07:37:02+01:00,2026-07-10T07:47:12+01:00,610,Mobile,Chrome,Panel A,598259e022cf,d3d79db0fdbf,19,18-24,Man,South West,Suburban,Employed part-time,"£50,000-£74,999",No,Yes,4-5,Today,FoodGo,4,4,6,4,5,4,4,4,2,5,5,3,5,42.43,Yes,Food arrived cold,Yes,6,Yes,Give drivers clearer instructions for flats and apartment buildings.,27.2,110.0,77.5,108.9,85.3,141.9
R00895,P100895,Complete,100,2026-07-10T15:33:16+01:00,2026-07-10T15:42:26+01:00,550,Mobile,Chrome,Panel A,a0b9ecd097d2,42b856c8c363,62,55-64,Woman,South East,Urban,Employed full-time,"£20,000-£34,999",No,Yes,4-5,Past week,MealDash,4,4,5,4,4,4,5,3,3,4,5,3,5,36.62,No,,,,No,More consistent delivery times at weekends.,42.9,89.2,124.6,61.1,93.3,59.5
R00896,P100896,Complete,100,2026-07-12T11:50:36+01:00,2026-07-12T11:59:11+01:00,515,Desktop,Safari,Panel B,062465b204b6,d3d3ef99fcd8,30,25-34,Woman,London,Urban,Not currently employed,Prefer not to say,No,Yes,1,Past week,MealDash,5,4,6,4,4,3,5,4,5,4,4,3,5,43.62,No,,,,No,Give drivers clearer instructions for flats and apartment buildings.,32.1,48.0,85.5,161.5,53.3,73.1
R00897,P100897,Complete,100,2026-07-17T02:43:18+01:00,2026-07-17T02:51:01+01:00,463,Desktop,Edge,Panel C,dbdf1712fc71,83795c51e7bd,28,25-34,Woman,South East,Suburban,Employed full-time,"£20,000-£34,999",No,Yes,2-3,8-30 days ago,QuickBite,4,5,7,5,3,3,4,5,4,4,5,3,1,40.68,No,,,,No,Better tracking when the driver is close.,18,85.8,105.0,61.5,79.9,56.1
R00898,P100898,Complete,100,2026-07-08T23:56:13+01:00,2026-07-09T00:03:30+01:00,437,Tablet,Safari,Panel A,04bfc9a0aa42,72e01fc905c7,30,25-34,Man,Yorkshire and the Humber,Urban,Employed full-time,"£75,000-£99,999",No,Yes,4-5,Past week,MealDash,6,6,7,5,7,6,6,6,7,7,6,3,7,70.3,No,,,,No,Give drivers clearer instructions for flats and apartment buildings.,60.2,71.1,46.3,80.5,28,53.8
R00899,P100899,Complete,100,2026-07-20T02:30:39+01:00,2026-07-20T02:38:43+01:00,484,Mobile,Chrome,Panel B,f96110d160cb,2203fdaa1421,61,55-64,Woman,London,Urban,Employed full-time,"£20,000-£34,999",Yes,Yes,2-3,Past week,QuickBite,4,5,4,2,5,4,3,3,4,5,4,3,3,39.84,No,,,,No,Show unavailable items before I start ordering.,52.1,60.7,83.8,114.1,93.5,55.1
R00900,P100900,Complete,100,2026-07-09T14:03:39+01:00,2026-07-09T14:12:49+01:00,550,Tablet,Chrome,Panel B,1d095554baf2,fbc651300cb7,46,45-54,Woman,North East,Urban,Employed full-time,"£35,000-£49,999",Yes,Yes,4-5,Past week,FoodGo,4,4,5,3,2,5,3,4,6,2,4,3,3,18.43,Yes,Payment or refund issue,Yes,4,Yes,"Better offers for existing customers, not just new users.",57.4,54.6,90.0,112.2,104.6,72.3
R00901,P100901,Complete,100,2026-07-10T07:58:25+01:00,2026-07-10T08:08:20+01:00,595,Mobile,Chrome,Panel C,391587325a37,e36eeabfafb4,43,35-44,Man,West Midlands,Suburban,Employed full-time,"£50,000-£74,999",Yes,Yes,0,8-30 days ago,QuickBite,5,4,6,4,7,5,6,5,6,4,4,3,5,17.76,No,,,,Yes,Improve the accuracy of map tracking.,49.4,90.7,109.8,131.0,99.8,80.5
R00902,P100902,Complete,100,2026-07-08T03:49:53+01:00,2026-07-08T03:57:55+01:00,482,Desktop,Edge,Panel A,66f511797e42,e6eaca5bb46c,51,45-54,Woman,Scotland,Suburban,Employed full-time,"£35,000-£49,999",No,Yes,1,Past week,FoodGo,4,3,3,3,4,4,4,6,4,3,5,3,2,30.4,Yes,Missing or incorrect items,No,,No,More environmentally friendly packaging options.,52.2,72.1,78.6,40.6,110.4,48.1
R00903,P100903,Complete,100,2026-07-17T08:33:16+01:00,2026-07-17T08:42:25+01:00,549,Mobile,Safari,Panel B,404695b55d9a,e18a15b50691,28,25-34,Man,South West,Urban,Employed full-time,"Under £20,000",No,Yes,2-3,Past week,MealDash,5,6,6,4,5,3,5,5,6,5,6,3,5,23.05,No,,,,No,"Lower delivery fees, especially on smaller orders.",51.8,43.1,144.8,100.6,76.6,74.6
R00904,P100904,Complete,100,2026-07-16T14:37:08+01:00,2026-07-16T14:47:00+01:00,592,Mobile,Chrome,Panel A,b2564a85e280,2a408f75235b,41,35-44,Man,East of England,Urban,Student,Prefer not to say,Yes,Yes,4-5,Past week,FoodGo,5,6,9,5,6,6,4,5,5,7,5,3,4,43.94,No,,,,No,Give drivers clearer instructions for flats and apartment buildings.,36.7,89.1,86.6,181.6,59.0,60.6
R00905,P100905,Complete,100,2026-07-15T14:12:43+01:00,2026-07-15T14:22:30+01:00,587,Mobile,Chrome,Panel A,76d59332d9ca,1b404cde87b7,40,35-44,Man,South East,Urban,Retired,"Under £20,000",Yes,Yes,4-5,Past week,MealDash,2,3,1,3,3,3,1,2,4,2,3,3,1,28.82,Yes,Missing or incorrect items,No,,Yes,Reduce minimum order values.,46.0,77.9,135.3,122.4,83.0,50.6
R00906,P100906,Complete,100,2026-07-18T11:47:22+01:00,2026-07-18T11:57:56+01:00,634,Mobile,Chrome,Panel C,a32c2e3dcd84,b201c9669eeb,34,25-34,Woman,Scotland,Rural,Retired,"£20,000-£34,999",No,Yes,2-3,Past week,QuickBite,5,4,5,4,3,5,3,6,4,3,4,3,4,38.18,No,,,,No,Better loyalty rewards.,58.5,80.2,149.4,146.1,100.4,52.5
R00907,P100907,Complete,100,2026-07-16T01:29:26+01:00,2026-07-16T01:38:04+01:00,518,Mobile,Edge,Panel A,cf1d5e96580d,49229b95accd,40,35-44,Woman,East of England,Suburban,Employed full-time,"£35,000-£49,999",Yes,Yes,4-5,Past week,MealDash,4,4,5,4,5,4,4,5,4,4,4,3,4,63.73,No,,,,No,Improve the accuracy of map tracking.,23.7,100.6,113.0,91.0,52.2,74.0
R00908,P100908,Complete,100,2026-07-12T05:59:07+01:00,2026-07-12T06:07:23+01:00,496,Mobile,Safari,Panel B,bacd46defe67,674bdd14915e,64,55-64,Woman,East Midlands,Urban,Not currently employed,"Under £20,000",Yes,Yes,1,8-30 days ago,Restaurant direct,5,5,5,6,5,5,5,5,5,5,5,3,3,14.11,No,,,,No,Nothing major; the service generally works well for me.,23.8,59.6,119.8,127.6,55.3,59.1
R00909,P100909,Complete,100,2026-07-13T08:28:21+01:00,2026-07-13T08:36:43+01:00,502,Mobile,Chrome,Panel B,c46c6d3f1d87,24dd20e32997,68,65-74,Woman,London,Rural,Self-employed,"£100,000+",Yes,Yes,1,Past week,Restaurant direct,5,6,7,6,5,5,6,6,5,3,4,3,5,35.98,No,,,,No,Reduce minimum order values.,32.1,98.1,60.7,90.5,84.2,75.0
R00910,P100910,Complete,100,2026-07-19T11:28:10+01:00,2026-07-19T11:37:24+01:00,554,Mobile,Safari,Panel B,51737ea936db,bcc6ece01665,24,18-24,Man,Yorkshire and the Humber,Urban,Student,"£50,000-£74,999",Yes,Yes,4-5,Past week,Other,5,6,9,5,6,5,5,6,5,4,5,3,5,32.28,No,,,,Yes,Lower prices overall.,33.1,46.9,109.6,112.9,83.6,104.8
R00911,P100911,Complete,100,2026-07-15T08:33:26+01:00,2026-07-15T08:43:35+01:00,609,Mobile,Chrome,Panel A,19cafcce2a1d,410c700a6051,36,35-44,Man,Northern Ireland,Suburban,Not currently employed,"£100,000+",No,Yes,4-5,Past week,MealDash,5,5,8,5,3,3,6,4,5,6,4,3,4,29.39,No,,,,No,Let customers edit an order for a short time after placing it.,63.4,71.7,115.4,121.4,89.4,61.3
R00912,P100912,Complete,100,2026-07-15T15:37:27+01:00,2026-07-15T15:46:44+01:00,557,Mobile,Chrome,Panel A,3cace977c33f,30b4580ee470,37,35-44,Woman,London,Urban,Self-employed,"Under £20,000",No,Yes,4-5,Today,QuickBite,5,4,6,3,5,4,5,6,5,5,5,3,4,23.67,No,,,,No,More responsive customer support.,18.5,81.4,116.6,162.2,79.7,69.0
R00913,P100913,Complete,100,2026-07-18T16:40:12+01:00,2026-07-18T16:48:14+01:00,482,Mobile,Chrome,Panel B,f8e22a5fbc50,f57a3e12ecab,34,25-34,Woman,Yorkshire and the Humber,Suburban,Employed full-time,"£50,000-£74,999",No,Yes,4-5,Past week,MealDash,6,7,10,4,4,4,4,4,4,4,4,3,5,27.29,No,,,,No,"Better offers for existing customers, not just new users.",62.3,36.7,99.5,110.0,67.9,52.3
R00914,P100914,Complete,100,2026-07-08T03:43:19+01:00,2026-07-08T03:49:30+01:00,371,Mobile,Chrome,Panel B,cde9ccbd82e6,e968b3beceaf,28,25-34,Man,Wales,Rural,Employed full-time,"Under £20,000",No,Yes,4-5,Today,FoodGo,6,7,10,5,5,5,5,6,7,6,5,3,5,18.82,No,,,,No,Show unavailable items before I start ordering.,59.5,51.8,43.3,88.9,49.6,34.5
R00915,P100915,Complete,100,2026-07-14T00:02:24+01:00,2026-07-14T00:11:37+01:00,553,Mobile,Firefox,Panel B,d86f0f7d1339,bd73898b6188,48,45-54,Man,Scotland,Suburban,Employed full-time,"Under £20,000",Yes,Yes,1,Past week,FoodGo,5,5,8,5,5,5,5,3,4,5,5,3,5,28.28,No,,,,No,Make service charges easier to understand before checkout.,43.1,81.0,85.5,183.1,64.9,19.4
R00916,P100916,Complete,100,2026-07-09T11:17:42+01:00,2026-07-09T11:28:07+01:00,625,Mobile,Chrome,Panel A,43904162ce64,be0fc0b9538f,27,25-34,Woman,South West,Urban,Student,"£20,000-£34,999",Yes,Yes,2-3,Past week,FoodGo,4,5,6,4,3,4,3,6,3,4,3,3,4,40.82,Yes,Food arrived cold,Yes,4,Yes,"Lower delivery fees, especially on smaller orders.",26.7,79.7,95.5,117.0,105.9,92.4
R00917,P100917,Complete,100,2026-07-07T06:47:23+01:00,2026-07-07T06:54:57+01:00,454,Mobile,Chrome,Panel B,c267b115cd99,636faab1f7a9,34,25-34,Man,London,Suburban,Not currently employed,"£20,000-£34,999",No,Yes,2-3,Past week,QuickBite,5,5,4,5,6,6,4,6,6,6,6,3,6,40.42,No,,,,Yes,Let customers edit an order for a short time after placing it.,71.5,93.1,58.3,64.3,70.9,71.7
R00918,P100918,Complete,100,2026-07-15T12:39:38+01:00,2026-07-15T12:48:28+01:00,530,Mobile,Chrome,Panel B,c7409351b746,f9cdf7b376b2,56,55-64,Woman,London,Suburban,Student,"£50,000-£74,999",Yes,Yes,4-5,Today,FoodGo,5,5,7,5,6,4,4,5,4,6,5,5,4,51.04,Yes,Food arrived cold,Yes,5,No,More responsive customer support.,64.3,61.5,89.2,116.2,71.9,71.2
R00919,P100919,Complete,100,2026-07-13T14:38:47+01:00,2026-07-13T14:46:42+01:00,475,Mobile,Chrome,Panel B,d651259f9d36,ac267e414120,67,65-74,Man,North East,Urban,Employed part-time,"£35,000-£49,999",No,Yes,2-3,Past week,QuickBite,5,6,9,4,5,4,6,6,5,5,4,3,4,24.13,No,,,,No,Faster refunds when something goes wrong.,54.2,81.2,100.5,92.7,65.3,25.7
R00920,P100920,Complete,100,2026-07-11T03:56:40+01:00,2026-07-11T04:06:15+01:00,575,Tablet,Safari,Panel C,74a1f488994c,809392b589a0,70,65-74,Man,South East,Suburban,Employed full-time,"£20,000-£34,999",Yes,Yes,2-3,8-30 days ago,QuickBite,6,6,7,5,5,5,4,5,5,6,5,3,5,21.0,No,,,,No,"Lower delivery fees, especially on smaller orders.",54.5,89.9,128.7,94.7,50.3,75.8
R00921,P100921,Complete,100,2026-07-14T05:19:04+01:00,2026-07-14T05:28:09+01:00,545,Mobile,Chrome,Panel C,e8478e54a6e7,3aae0fa8e24a,18,18-24,Man,South East,Urban,Employed full-time,"£75,000-£99,999",No,Yes,6-9,Past week,Restaurant direct,5,5,5,6,6,5,5,5,7,5,4,3,6,25.06,No,,,,No,"Better offers for existing customers, not just new users.",45.5,114.0,37.8,161.9,66.3,62.9
R00922,P100922,Complete,100,2026-07-20T08:19:01+01:00,2026-07-20T08:29:08+01:00,607,Mobile,Edge,Panel A,79a034b62643,2f29c3fe5ee0,33,25-34,Man,Wales,Urban,Employed part-time,Prefer not to say,No,Yes,2-3,Past week,Restaurant direct,7,7,10,7,7,6,7,7,7,7,7,3,7,27.87,No,,,,No,Fewer missing items and clearer substitutions.,42.8,54.8,107.1,158.2,69.7,75.3
R00923,P100923,Complete,100,2026-07-20T07:10:06+01:00,2026-07-20T07:19:43+01:00,577,Mobile,Chrome,Panel A,5ee1e2ebb9e6,61b1c13c290d,47,45-54,Prefer not to say,North East,Urban,Not currently employed,"£75,000-£99,999",No,Yes,1,8-30 days ago,MealDash,5,5,7,5,5,3,5,4,5,4,4,3,5,22.38,No,,,,Yes,Show unavailable items before I start ordering.,57.5,76.4,111.4,73.8,123.6,61.3
R00924,P100924,Complete,100,2026-07-16T10:16:19+01:00,2026-07-16T10:25:06+01:00,527,Mobile,Safari,Panel B,e5861b1f7d2e,c459fc169c3f,62,55-64,Man,North East,Urban,Employed full-time,"£20,000-£34,999",No,Yes,1,Past week,FoodGo,6,5,7,5,6,7,6,7,5,5,6,3,5,19.45,No,,,,Yes,Nothing major; the service generally works well for me.,32.4,63.7,155.3,82.6,69.1,53.1
R00925,P100925,Complete,100,2026-07-18T13:58:44+01:00,2026-07-18T14:05:42+01:00,418,Desktop,Chrome,Panel C,4306764b383e,6010d1d3186e,23,18-24,Man,East of England,Suburban,Employed full-time,"£75,000-£99,999",Yes,Yes,4-5,Past week,Restaurant direct,4,4,6,5,4,3,3,5,6,3,5,3,4,21.08,No,,,,No,Improve food temperature on longer deliveries.,35.3,76.0,45.5,73.9,63.9,87.6
R00926,P100926,Complete,100,2026-07-18T16:28:09+01:00,2026-07-18T16:37:13+01:00,544,Tablet,Edge,Panel B,7882b995d1e9,cfb304c292b9,52,45-54,Woman,Scotland,Rural,Employed full-time,"£50,000-£74,999",No,Yes,0,31-90 days ago,Restaurant direct,6,6,8,5,6,7,7,7,7,5,7,3,6,46.34,No,,,,Yes,"Better offers for existing customers, not just new users.",46.8,33.8,85.1,138.0,67.5,70.5
R00927,P100927,Complete,100,2026-07-16T08:03:12+01:00,2026-07-16T08:11:50+01:00,518,Mobile,Safari,Panel B,b78655a5c7fa,a2b9ab75261e,36,35-44,Man,South East,Rural,Employed full-time,"Under £20,000",No,Yes,2-3,8-30 days ago,MealDash,6,6,7,6,5,6,6,7,5,6,6,3,7,71.81,No,,,,No,Let customers edit an order for a short time after placing it.,45.7,72.3,83.6,128.9,67.5,54.5
R00928,P100928,Complete,100,2026-07-11T11:51:36+01:00,2026-07-11T11:59:51+01:00,495,Mobile,Safari,Panel C,a1a638be11ca,d73961f688cf,37,35-44,Woman,London,Urban,Employed full-time,"£35,000-£49,999",No,Yes,1,8-30 days ago,QuickBite,5,5,6,5,4,5,5,6,4,4,4,3,4,19.25,No,,,,No,More environmentally friendly packaging options.,39.7,90.5,108.8,125.7,40.1,47.3
R00929,P100929,Complete,100,2026-07-16T13:34:32+01:00,2026-07-16T13:42:58+01:00,506,Mobile,Chrome,Panel A,e868a2741676,7ba9bafe0e10,74,65-74,Woman,Scotland,Suburban,Employed part-time,"£50,000-£74,999",No,Yes,10+,Past week,MealDash,5,5,4,7,5,6,6,5,5,6,4,3,5,24.24,No,,,,No,More restaurant choice in my area.,63.4,100.9,132.4,56.6,54.3,65.6
R00930,P100930,Complete,100,2026-07-11T18:55:52+01:00,2026-07-11T19:05:59+01:00,607,Mobile,Safari,Panel C,cc7c6a8e2e46,a98a3add045b,47,45-54,Man,London,Suburban,Retired,"£20,000-£34,999",No,Yes,4-5,Past week,MealDash,5,4,7,6,6,6,6,6,5,5,3,3,4,22.57,No,,,,No,Better tracking when the driver is close.,46.4,57.6,182.7,134.3,47.8,60.8
R00931,P100931,Complete,100,2026-07-11T23:48:25+01:00,2026-07-11T23:59:03+01:00,638,Mobile,Chrome,Panel C,a719c93db406,01cd6d9540de,27,25-34,Man,London,Rural,Retired,"£75,000-£99,999",No,Yes,6-9,Past week,QuickBite,6,7,9,6,6,5,6,5,7,6,7,3,6,18.26,No,,,,Yes,Improve food temperature on longer deliveries.,45.7,73.9,145.2,215.1,109.8,19.4
R00932,P100932,Complete,100,2026-07-08T01:10:13+01:00,2026-07-08T01:18:32+01:00,499,Mobile,Other,Panel A,869b87906d31,ab5b05dc2e3b,53,45-54,Man,South West,Suburban,Not currently employed,"£20,000-£34,999",No,Yes,10+,Today,FoodGo,5,5,6,5,5,5,6,7,6,5,4,3,5,26.13,No,,,,Yes,Reduce minimum order values.,49.6,40.4,117.4,97.1,87.2,39.4
R00933,P100933,Complete,100,2026-07-09T01:10:29+01:00,2026-07-09T01:20:19+01:00,590,Desktop,Safari,Panel B,673aaa3db700,9e2da747cc8b,46,45-54,Man,East of England,Urban,Employed full-time,"£20,000-£34,999",No,Yes,0,8-30 days ago,MealDash,5,5,6,4,6,4,4,6,5,4,4,3,4,17.18,No,,,,No,More consistent delivery times at weekends.,47.2,83.2,162.5,105.4,69.2,31.1
R00934,P100934,Complete,100,2026-07-14T13:11:59+01:00,2026-07-14T13:21:27+01:00,568,Mobile,Safari,Panel B,2c14853c463f,15649c423bfb,58,55-64,Man,South East,Suburban,Employed full-time,"£100,000+",No,Yes,2-3,Past week,Restaurant direct,2,2,5,1,1,2,1,2,2,3,1,3,2,27.91,No,,,,No,Give drivers clearer instructions for flats and apartment buildings.,19.4,75.8,128.5,150.8,95.6,49.8
R00935,P100935,Complete,100,2026-07-11T20:40:24+01:00,2026-07-11T20:49:56+01:00,572,Mobile,Safari,Panel A,db22393203fb,f9ad7dbbd35c,26,25-34,Woman,South East,Urban,Self-employed,"Under £20,000",No,Yes,1,8-30 days ago,QuickBite,6,5,8,7,7,5,6,6,6,5,6,3,6,44.51,No,,,,No,More restaurant choice in my area.,25.4,64.8,112.3,136.1,78.6,73.9
R00936,P100936,Complete,100,2026-07-08T20:01:08+01:00,2026-07-08T20:08:17+01:00,429,Mobile,Chrome,Panel A,7c4b8cb78821,f572f93e795c,62,55-64,Woman,South East,Urban,Student,"£35,000-£49,999",No,Yes,1,8-30 days ago,FoodGo,5,3,7,4,4,5,4,5,5,4,4,3,5,31.53,No,,,,Yes,Nothing major; the service generally works well for me.,57.6,78.8,37.8,96.6,66.8,62.9
R00937,P100937,Complete,100,2026-07-18T14:59:47+01:00,2026-07-18T15:08:57+01:00,550,Mobile,Safari,Panel C,98541b8292fb,fd31a3668292,20,18-24,Man,South East,Suburban,Employed full-time,"£35,000-£49,999",Yes,Yes,10+,Today,Restaurant direct,5,5,5,5,5,5,5,5,6,4,5,3,4,18.88,No,,,,Yes,Better tracking when the driver is close.,51.2,80.1,85.1,120.0,69.6,80.8
R00938,P100938,Complete,100,2026-07-14T05:38:30+01:00,2026-07-14T05:48:10+01:00,580,Mobile,Chrome,Panel B,cc7c2f6d7ea7,b94d2d55f6db,66,65-74,Woman,South West,Urban,Self-employed,"£35,000-£49,999",No,Yes,0,31-90 days ago,QuickBite,6,7,8,6,6,5,6,6,6,7,7,3,5,30.73,No,,,,No,Give drivers clearer instructions for flats and apartment buildings.,47.1,80.6,59.4,99.9,120.3,68.9
R00939,P100939,Complete,100,2026-07-11T10:29:32+01:00,2026-07-11T10:37:43+01:00,491,Desktop,Safari,Panel A,d88d2481544b,3eec20fb709a,32,25-34,Woman,East Midlands,Urban,Employed full-time,"£35,000-£49,999",Yes,Yes,6-9,Past week,MealDash,5,5,7,4,6,6,5,5,5,4,6,3,4,31.11,No,,,,Yes,More consistent delivery times at weekends.,32.0,66.3,97.8,107.4,81.5,44.1
R00940,P100940,Complete,100,2026-07-06T09:36:27+01:00,2026-07-06T09:45:31+01:00,544,Desktop,Chrome,Panel B,1fb66627117d,dba6b2c26eae,28,25-34,Woman,North West,Urban,Employed full-time,"£50,000-£74,999",No,Yes,4-5,Past week,QuickBite,4,3,5,4,4,5,3,4,6,3,4,3,3,28.93,No,,,,No,Better loyalty rewards.,44.0,54.6,82.6,193.9,43.8,65.9
R00941,P100941,Complete,100,2026-07-12T01:59:09+01:00,2026-07-12T02:06:55+01:00,466,Desktop,Safari,Panel A,d073d942eeca,47fae49e0a55,28,25-34,Woman,South East,Urban,Employed full-time,"£50,000-£74,999",Yes,Yes,6-9,Past week,MealDash,5,5,7,5,5,5,5,5,4,5,5,3,4,47.32,Yes,Missing or incorrect items,Yes,4,No,Make service charges easier to understand before checkout.,32.6,97.4,63.2,65.8,65.9,50.2
R00942,P100942,Complete,100,2026-07-19T03:43:47+01:00,2026-07-19T03:51:55+01:00,488,Desktop,Chrome,Panel A,e9401cf0942a,979d99bea575,74,65-74,Woman,Yorkshire and the Humber,Urban,Self-employed,"£20,000-£34,999",No,Yes,2-3,8-30 days ago,QuickBite,6,6,10,6,7,6,4,7,6,7,7,3,5,24.72,No,,,,Yes,Nothing major; the service generally works well for me.,41.6,68.8,109.2,116.5,64.3,18
R00943,P100943,Complete,100,2026-07-18T18:41:33+01:00,2026-07-18T18:50:59+01:00,566,Tablet,Chrome,Panel C,cb96bd1cbfdb,32462b57ab1d,64,55-64,Woman,East of England,Urban,Employed full-time,"£50,000-£74,999",Yes,Yes,2-3,Past week,MealDash,3,3,5,4,5,4,5,4,3,2,3,3,3,27.01,Yes,Missing or incorrect items,No,,Yes,More accurate delivery time estimates.,51.1,112.5,87.7,75.5,94.1,64.4
R00944,P100944,Complete,100,2026-07-07T02:24:23+01:00,2026-07-07T02:32:30+01:00,487,Desktop,Safari,Panel A,84b56fd695ae,f29bef63effd,65,65-74,Woman,North East,Urban,Self-employed,"£35,000-£49,999",Yes,Yes,0,8-30 days ago,QuickBite,4,5,7,4,4,4,4,5,2,4,5,3,5,14.57,No,,,,Yes,Better loyalty rewards.,30.3,72.5,100.4,87.2,92.7,79.5
R00945,P100945,Complete,100,2026-07-16T01:11:11+01:00,2026-07-16T01:19:40+01:00,509,Tablet,Chrome,Panel C,778ab7041de6,8d043c5df3c7,38,35-44,Man,South East,Urban,Self-employed,"Under £20,000",No,Yes,0,8-30 days ago,Restaurant direct,3,3,4,4,2,4,4,3,3,3,4,3,3,18.72,Yes,Food arrived cold,Yes,2,No,Fewer missing items and clearer substitutions.,73.9,46.5,120.6,83.7,39.0,58.1
R00946,P100946,Complete,100,2026-07-18T01:39:25+01:00,2026-07-18T01:48:37+01:00,552,Desktop,Chrome,Panel A,181a7c33469e,61def83df055,24,18-24,Man,South West,Rural,Self-employed,"£20,000-£34,999",Yes,Yes,4-5,Today,Restaurant direct,7,7,10,6,7,5,5,7,6,5,7,3,6,31.47,No,,,,No,Lower prices overall.,29.5,95.2,136.1,67.3,79.9,119.2
R00947,P100947,Complete,100,2026-07-12T19:50:26+01:00,2026-07-12T19:52:47+01:00,141,Mobile,Chrome,Panel C,09979735ab03,882aa619956d,38,35-44,Woman,Yorkshire and the Humber,Suburban,Employed full-time,"£35,000-£49,999",Yes,Yes,2-3,Past week,FoodGo,5,6,10,5,7,7,4,4,6,5,4,3,4,34.69,No,,,,No,"Lower delivery fees, especially on smaller orders.",10.6,24.2,19.1,55.2,18.2,3
R00948,P100948,Complete,100,2026-07-19T22:44:15+01:00,2026-07-19T22:54:40+01:00,625,Desktop,Chrome,Panel B,72c429b5add6,b9fe72dc6765,18,18-24,Woman,West Midlands,Suburban,Employed part-time,"£50,000-£74,999",No,Yes,1,8-30 days ago,QuickBite,3,4,4,2,2,4,2,3,5,4,3,3,2,43.37,Yes,Missing or incorrect items,No,,No,Better loyalty rewards.,58.1,78.4,120.3,151.3,86.1,81.5
R00949,P100949,Complete,100,2026-07-18T23:28:17+01:00,2026-07-18T23:35:38+01:00,441,Desktop,Chrome,Panel A,6748b35379c2,fb76895e3c1c,55,55-64,Man,East Midlands,Rural,Not currently employed,"£50,000-£74,999",No,Yes,2-3,Past week,QuickBite,5,6,10,5,6,5,5,7,6,6,5,3,4,15.23,No,,,,No,Better loyalty rewards.,52.8,54.2,65.9,57.7,61.3,84.0
R00950,P100950,Complete,100,2026-07-13T04:33:26+01:00,2026-07-13T04:41:16+01:00,470,Desktop,Safari,Panel A,0d4891f0bfec,fd9205d9700d,59,55-64,Man,South West,Suburban,Employed full-time,"£35,000-£49,999",No,Yes,2-3,8-30 days ago,MealDash,6,6,8,5,6,5,6,7,6,6,5,3,4,39.62,No,,,,No,More accurate delivery time estimates.,42.8,41.6,87.7,126.0,34.9,68.5
R00951,P100951,Complete,100,2026-07-06T21:14:25+01:00,2026-07-06T21:22:17+01:00,472,Desktop,Firefox,Panel A,82063ff4d3d6,7bfaa9fb8dd6,58,55-64,Man,Yorkshire and the Humber,Suburban,Employed full-time,"£100,000+",No,Yes,1,Past week,FoodGo,6,5,7,7,6,5,6,6,6,7,4,3,4,23.95,No,,,,No,Let customers edit an order for a short time after placing it.,59.5,67.3,101.8,92.7,75.5,37.6
R00952,P100952,Complete,100,2026-07-15T10:56:26+01:00,2026-07-15T10:57:39+01:00,73,Mobile,Chrome,Panel B,e4446735d9cf,0b8c02c7deef,18,18-24,Woman,West Midlands,Urban,Employed part-time,"£20,000-£34,999",No,Yes,4-5,Past week,FoodGo,6,6,10,6,5,5,6,7,5,6,4,3,4,13.62,No,,,,Yes,Lower prices overall.,14.8,17.7,6.0,8.6,13.8,3
R00953,P100953,Complete,100,2026-07-20T13:11:40+01:00,2026-07-20T13:19:53+01:00,493,Mobile,Safari,Panel A,180529339390,02482e2521bd,54,45-54,Man,East of England,Urban,Employed part-time,"£35,000-£49,999",No,Yes,4-5,Past week,QuickBite,6,5,8,6,6,6,6,6,6,6,6,3,5,37.67,No,,,,Yes,Make service charges easier to understand before checkout.,41.3,49.0,92.5,101.6,109.8,46.8
R00954,P100954,Complete,100,2026-07-17T17:45:10+01:00,2026-07-17T17:55:07+01:00,597,Desktop,Edge,Panel B,48c095ee6f67,5247854d7765,53,45-54,Woman,London,Suburban,Self-employed,"£100,000+",No,Yes,2-3,8-30 days ago,MealDash,6,7,10,5,6,7,6,7,5,6,7,3,5,15.26,No,,,,Yes,Faster refunds when something goes wrong.,18,64.4,143.7,135.8,114.0,48.4
R00955,P100955,Complete,100,2026-07-11T13:42:06+01:00,2026-07-11T13:51:17+01:00,551,Mobile,Edge,Panel A,9ba82b4c598d,5a0c66e66286,33,25-34,Prefer not to say,South West,Rural,Employed full-time,"Under £20,000",No,Yes,4-5,Past week,Other,6,7,7,7,6,6,6,6,6,5,7,3,6,27.84,No,,,,Yes,x,38.8,48.8,81.9,147.5,71.3,97.0
R00956,P100956,Complete,100,2026-07-14T19:59:54+01:00,2026-07-14T20:08:35+01:00,521,Mobile,Chrome,Panel B,18d8567b5943,63fcdf77e5f8,69,65-74,Man,West Midlands,Urban,Employed full-time,"£35,000-£49,999",No,Yes,2-3,Past week,FoodGo,5,5,9,5,4,4,3,5,6,5,5,3,6,29.42,No,,,,Yes,"Better offers for existing customers, not just new users.",49.7,61.2,83.1,107.5,98.8,59.7
R00957,P100957,Complete,100,2026-07-08T20:05:26+01:00,2026-07-08T20:13:18+01:00,472,Mobile,Chrome,Panel A,b50b1c611504,154ea7efcc34,23,18-24,Man,Scotland,Rural,Student,"£20,000-£34,999",No,Yes,2-3,8-30 days ago,FoodGo,5,5,5,4,6,4,4,6,6,5,4,3,5,28.75,No,,,,No,Give drivers clearer instructions for flats and apartment buildings.,44.1,91.6,93.5,121.6,69.0,22.1
R00958,P100958,Complete,100,2026-07-11T16:57:07+01:00,2026-07-11T17:06:12+01:00,545,Mobile,Safari,Panel B,cf12b39362bd,7ddefdc71b45,28,25-34,Woman,West Midlands,Urban,Retired,"Under £20,000",No,Yes,2-3,Past week,Restaurant direct,4,4,5,4,5,4,4,5,4,4,3,3,4,18.04,No,,,,No,More responsive customer support.,64.1,30.2,144.1,131.3,93.9,19.4
R00959,P100959,Complete,100,2026-07-12T00:03:08+01:00,2026-07-12T00:11:39+01:00,511,Mobile,Safari,Panel A,ddf07589f4ce,883f1ceced0f,50,45-54,Man,North East,Urban,Employed full-time,"£50,000-£74,999",No,Yes,4-5,Past week,FoodGo,6,7,9,6,7,6,6,7,7,6,5,3,4,64.71,No,,,,Yes,More environmentally friendly packaging options.,44.3,83.1,122.2,77.5,40.7,93.2
R00960,P100960,Complete,100,2026-07-13T14:26:16+01:00,2026-07-13T14:35:18+01:00,542,Mobile,Chrome,Panel A,efa17f5c5ebd,094a8bb306b1,55,55-64,Man,West Midlands,Suburban,Employed full-time,"£50,000-£74,999",Yes,Yes,4-5,Today,FoodGo,7,7,9,7,7,7,6,6,7,7,5,3,7,25.48,No,,,,No,Make service charges easier to understand before checkout.,55.0,55.9,112.8,141.9,37.9,59.8
R00961,P100961,Complete,100,2026-07-20T21:46:41+01:00,2026-07-20T21:55:16+01:00,515,Desktop,Chrome,Panel B,8f7c426458f8,6c66ebbd712e,26,25-34,Man,West Midlands,Urban,Employed full-time,"£35,000-£49,999",Yes,Yes,0,8-30 days ago,QuickBite,4,3,6,4,5,5,5,5,3,4,4,3,4,14.51,No,,,,No,"Better offers for existing customers, not just new users.",62.7,69.8,119.3,86.7,50.3,57.1
R00962,P100962,Complete,100,2026-07-13T14:45:49+01:00,2026-07-13T14:55:26+01:00,577,Desktop,Edge,Panel A,4b83d4b2ee52,77b25a160477,37,35-44,Man,East of England,Suburban,Employed part-time,"£50,000-£74,999",Yes,Yes,6-9,Past week,QuickBite,6,7,9,6,6,6,5,6,6,5,5,3,4,46.48,No,,,,No,Give drivers clearer instructions for flats and apartment buildings.,46.5,91.8,118.8,127.0,70.5,47.5
R00963,P100963,Complete,100,2026-07-11T21:45:30+01:00,2026-07-11T21:54:30+01:00,540,Mobile,Chrome,Panel B,744df1f0abe5,80a22fc24834,20,18-24,Man,Wales,Suburban,Employed part-time,"£50,000-£74,999",No,Yes,4-5,Today,Restaurant direct,5,5,7,5,7,5,5,6,7,5,4,3,4,24.02,No,,,,No,Show unavailable items before I start ordering.,41.3,32.2,84.4,178.2,66.4,50.6
R00964,P100964,Complete,100,2026-07-14T16:17:09+01:00,2026-07-14T16:26:38+01:00,569,Desktop,Safari,Panel B,4a8affde9b58,a276c090bb25,57,55-64,Woman,South East,Suburban,Employed part-time,"Under £20,000",No,Yes,1,Past week,MealDash,4,6,4,5,6,3,4,4,5,4,4,3,3,22.09,No,,,,Yes,More responsive customer support.,47.2,62.3,40.0,139.2,97.2,100.1
R00965,P100965,Complete,100,2026-07-15T13:40:33+01:00,2026-07-15T13:49:38+01:00,545,Mobile,Chrome,Panel A,c6ed0e97b778,bd5876d33163,34,25-34,Woman,Scotland,Urban,Employed full-time,"£20,000-£34,999",No,Yes,4-5,Past week,QuickBite,3,2,1,3,3,4,2,2,3,4,3,3,1,30.09,No,,,,No,More restaurant choice in my area.,38.0,54.7,136.0,93.6,64.5,69.4
R00966,P100966,Complete,100,2026-07-08T16:52:43+01:00,2026-07-08T17:01:18+01:00,515,Desktop,Safari,Panel C,885308b440af,2b71e013ad8e,31,25-34,Prefer not to say,London,Urban,Employed full-time,"£50,000-£74,999",No,Yes,2-3,Past week,MealDash,4,3,2,3,4,2,3,4,3,4,5,3,2,21.46,No,Late delivery,Yes,3,No,More accurate delivery time estimates.,20.6,111.4,101.9,35,117.4,69.2
R00967,P100967,Complete,100,2026-07-12T06:04:16+01:00,2026-07-12T06:12:28+01:00,492,Desktop,Chrome,Panel A,e37330290c17,9b418fb9c974,60,55-64,Woman,North West,Suburban,Employed full-time,"£35,000-£49,999",Yes,Yes,10+,Past week,MealDash,5,5,6,2,4,4,5,5,7,5,5,3,5,25.3,No,,,,No,Better tracking when the driver is close.,38.8,107.4,110.4,82.6,65.8,52.1
R00968,P100968,Complete,100,2026-07-10T09:37:58+01:00,2026-07-10T09:45:47+01:00,469,Mobile,Safari,Panel B,ada90a497c30,72b902c36a4f,43,35-44,Woman,Northern Ireland,Urban,Self-employed,"£35,000-£49,999",Yes,Yes,1,8-30 days ago,QuickBite,3,2,2,3,2,4,3,4,4,2,3,3,2,37.8,Yes,Missing or incorrect items,Yes,4,No,Nothing major; the service generally works well for me.,57.6,51.3,66.2,135.6,81.0,44.5
R00969,P100969,Complete,100,2026-07-12T20:50:08+01:00,2026-07-12T21:01:50+01:00,702,Mobile,Edge,Panel C,20f6b4f42929,514ec7bce307,49,45-54,Woman,London,Urban,Employed full-time,"£20,000-£34,999",No,Yes,2-3,8-30 days ago,MealDash,5,6,6,6,4,4,5,6,5,5,5,3,5,59.07,No,,,,No,"Lower delivery fees, especially on smaller orders.",65.5,86.1,127.6,144.5,86.8,83.1
R00970,P100970,Complete,100,2026-07-09T19:29:52+01:00,2026-07-09T19:38:09+01:00,497,Mobile,Chrome,Panel A,9042d8a071de,1ebbef7ba71c,20,18-24,Woman,London,Rural,Student,"Under £20,000",No,Yes,6-9,Today,FoodGo,4,5,5,3,3,3,4,4,4,5,2,3,3,43.48,Yes,Missing or incorrect items,No,,No,Better loyalty rewards.,59.4,63.0,81.0,111.9,69.5,52.9
R00971,P100971,Complete,100,2026-07-19T21:22:58+01:00,2026-07-19T21:30:12+01:00,434,Desktop,Safari,Panel C,4c81f4ecd419,6a22349532ac,29,25-34,Man,North West,Urban,Retired,"£35,000-£49,999",Yes,Yes,4-5,Past week,FoodGo,5,6,5,5,5,4,4,6,5,5,4,3,6,36.7,No,,,,No,Improve food temperature on longer deliveries.,18,43.0,65.4,103.7,95.8,27.6
R00972,P100972,Complete,100,2026-07-17T21:03:19+01:00,2026-07-17T21:11:53+01:00,514,Desktop,Chrome,Panel B,822127129a11,e11b63793f67,53,45-54,Woman,Yorkshire and the Humber,Urban,Employed part-time,Prefer not to say,No,Yes,2-3,Past week,Restaurant direct,5,5,5,3,5,4,5,6,4,6,4,3,3,20.58,No,,,,No,Show unavailable items before I start ordering.,51.2,75.0,35,67.3,136.1,40.6
R00973,P100973,Complete,100,2026-07-16T03:53:05+01:00,2026-07-16T04:02:54+01:00,589,Mobile,Chrome,Panel B,b67c06ee34dd,2956e7935eb0,64,55-64,Woman,London,Urban,Employed full-time,"£35,000-£49,999",Yes,Yes,6-9,Past week,MealDash,3,3,3,3,3,3,4,4,4,4,3,3,3,19.24,Yes,Missing or incorrect items,Yes,1,Yes,Lower prices overall.,56.5,53.8,112.2,128.8,64.3,103.2
R00974,P100974,Complete,100,2026-07-08T05:22:24+01:00,2026-07-08T05:31:44+01:00,560,Desktop,Other,Panel C,15aa5a7eec2d,bb4ace2cefe2,71,65-74,Non-binary,Yorkshire and the Humber,Urban,Retired,Prefer not to say,No,Yes,1,Past week,FoodGo,5,5,8,5,6,4,4,6,4,5,3,3,4,30.21,No,,,,Yes,Better tracking when the driver is close.,42.8,82.9,96.3,123.1,83.1,61.2
R00975,P100975,Complete,100,2026-07-09T11:28:19+01:00,2026-07-09T11:37:37+01:00,558,Desktop,Safari,Panel A,8e544f00de6d,a8119fcd8fcb,51,45-54,Man,West Midlands,Suburban,Self-employed,"£50,000-£74,999",No,Yes,2-3,Past week,MealDash,4,5,5,4,3,3,4,5,4,4,3,3,3,21.86,Yes,Late delivery,Yes,3,Yes,Better loyalty rewards.,54.9,90.0,100.1,74.2,107.3,64.6
R00976,P100976,Complete,100,2026-07-10T10:36:56+01:00,2026-07-10T10:45:29+01:00,513,Mobile,Chrome,Panel A,94bf1b613d2d,d224bcb4a74a,54,45-54,Woman,London,Suburban,Employed full-time,"Under £20,000",No,Yes,6-9,Past week,QuickBite,5,5,5,4,4,5,5,6,3,5,6,3,7,30.06,Yes,Missing or incorrect items,Yes,5,No,"Better offers for existing customers, not just new users.",48.9,70.8,99.1,87.0,72.1,41.3
R00977,P100977,Complete,100,2026-07-13T22:38:44+01:00,2026-07-13T22:48:40+01:00,596,Mobile,Chrome,Panel C,41868d514b50,d87606210cab,58,55-64,Man,East Midlands,Urban,Employed full-time,"£20,000-£34,999",No,Yes,1,Past week,FoodGo,5,5,6,5,4,5,3,6,5,5,5,3,4,21.93,No,,,,No,Lower prices overall.,23.3,76.1,78.1,137.2,54.6,145.6
R00978,P100978,Complete,100,2026-07-19T22:04:30+01:00,2026-07-19T22:15:24+01:00,654,Mobile,Safari,Panel A,4e3ddd1b1ae8,0c960c0ae0d0,61,55-64,Woman,East Midlands,Rural,Employed full-time,"£75,000-£99,999",No,Yes,4-5,Past week,MealDash,6,7,10,6,6,6,5,6,6,7,4,3,4,38.95,No,,,,No,More environmentally friendly packaging options.,52.7,49.2,150.7,126.4,80.4,121.2
R00979,P100979,Complete,100,2026-07-19T09:41:08+01:00,2026-07-19T09:49:56+01:00,528,Mobile,Firefox,Panel A,a4fe761e19ec,7e92ee4c44ef,35,35-44,Man,East of England,Urban,Employed part-time,"Under £20,000",No,Yes,1,8-30 days ago,Restaurant direct,5,4,4,5,6,4,3,5,3,5,4,3,5,56.89,No,,,,No,Make service charges easier to understand before checkout.,54.9,65.0,98.0,106.2,58.6,59.2
R00980,P100980,Complete,100,2026-07-20T13:30:29+01:00,2026-07-20T13:38:34+01:00,485,Mobile,Chrome,Panel A,eb97547c5bc4,ae7f324e8947,47,45-54,Man,London,Rural,Not currently employed,"£75,000-£99,999",Yes,Yes,4-5,Past week,MealDash,6,5,10,6,5,6,5,6,7,7,7,3,7,22.39,No,,,,No,Improve the accuracy of map tracking.,38.6,48.8,97.5,105.5,80.9,30.1
R00981,P100981,Complete,100,2026-07-13T18:12:41+01:00,2026-07-13T18:21:41+01:00,540,Desktop,Chrome,Panel A,d079b57b5cf5,dee4bb71e7bd,23,18-24,Woman,West Midlands,Urban,Employed part-time,"£75,000-£99,999",Yes,Yes,0,8-30 days ago,FoodGo,5,5,5,5,6,5,4,6,5,4,7,3,5,30.3,No,,,,No,Faster refunds when something goes wrong.,47.2,85.6,80.3,81.8,72.5,82.6
R00982,P100982,Complete,100,2026-07-17T12:40:33+01:00,2026-07-17T12:48:49+01:00,496,Mobile,Chrome,Panel A,dfa815765976,d56cb276d061,39,35-44,Man,East of England,Suburban,Employed full-time,"£35,000-£49,999",No,Yes,1,8-30 days ago,Restaurant direct,5,5,10,5,5,4,4,5,6,6,5,3,7,35.22,No,,,,No,More restaurant choice in my area.,39.3,60.2,104.2,121.1,41.0,83.6
R00983,P100983,Complete,100,2026-07-12T09:28:56+01:00,2026-07-12T09:37:27+01:00,511,Mobile,Chrome,Panel B,3a77baa6710e,b475f223a43a,43,35-44,Man,London,Urban,Not currently employed,"Under £20,000",No,Yes,2-3,Past week,Restaurant direct,6,6,8,5,5,6,7,5,5,6,6,3,7,37.32,No,,,,No,More environmentally friendly packaging options.,20.6,38.3,90.0,187.1,30.2,73.0
R00984,P100984,Complete,100,2026-07-20T15:22:26+01:00,2026-07-20T15:24:37+01:00,131,Mobile,Chrome,Panel A,f5b64cada8ed,052dbbbb42c0,43,35-44,Woman,London,Urban,Student,"£20,000-£34,999",No,Yes,4-5,Past week,MealDash,7,6,10,7,7,7,6,7,7,6,7,3,5,27.16,No,,,,Yes,Improve the accuracy of map tracking.,29.9,16.8,3,3,17.6,52.2
R00985,P100985,Complete,100,2026-07-14T18:10:43+01:00,2026-07-14T18:12:45+01:00,122,Desktop,Chrome,Panel A,cac3d6b5dfe1,acfdac8a19a4,41,35-44,Man,London,Suburban,Employed part-time,"£75,000-£99,999",Yes,Yes,4-5,Past week,MealDash,5,6,7,5,5,6,5,5,4,6,4,4,6,29.93,No,,,,No,"Lower delivery fees, especially on smaller orders.",74.3,7.7,9.8,3,3,17.0
R00986,P100986,Complete,100,2026-07-14T01:25:59+01:00,2026-07-14T01:35:54+01:00,595,Mobile,Firefox,Panel B,deb6d36de633,131968b9b39e,35,35-44,Man,North West,Urban,Employed full-time,"£35,000-£49,999",No,Yes,2-3,Past week,Restaurant direct,6,6,7,7,7,6,3,7,6,5,3,3,6,33.49,Yes,Late delivery,Yes,3,No,Better loyalty rewards.,45.1,72.6,76.6,100.8,124.0,87.3
R00987,P100987,Complete,100,2026-07-16T06:35:03+01:00,2026-07-16T06:43:00+01:00,477,Desktop,Chrome,Panel A,2ab03b5e5a20,7cb277088eef,36,35-44,Woman,East Midlands,Urban,Student,"£20,000-£34,999",No,Yes,10+,Today,MealDash,7,6,10,7,7,7,7,6,6,7,5,3,7,51.4,No,,,,No,Nothing major; the service generally works well for me.,29.2,60.4,93.1,100.6,28,54.6
R00988,P100988,Complete,100,2026-07-09T04:00:53+01:00,2026-07-09T04:11:30+01:00,637,Mobile,Safari,Panel A,aa0f24a97c31,dac3fe3e0ca9,69,65-74,Woman,North East,Urban,Employed full-time,"£50,000-£74,999",Yes,Yes,4-5,Past week,MealDash,6,5,9,4,4,6,4,5,6,6,5,3,4,34.21,No,,,,Yes,Improve food temperature on longer deliveries.,47.6,79.9,113.2,184.6,78.1,67.9
R00989,P100989,Complete,100,2026-07-07T06:29:44+01:00,2026-07-07T06:40:37+01:00,653,Mobile,Safari,Panel B,b18aeed2b72f,87a5db074507,58,55-64,Man,South West,Rural,Employed full-time,"£100,000+",No,Yes,0,31-90 days ago,QuickBite,5,5,4,5,5,5,5,5,4,2,2,3,2,28.2,Yes,Food arrived cold,Yes,4,No,Fewer missing items and clearer substitutions.,77.4,113.0,95.7,130.1,124.3,52.5
R00990,P100990,Complete,100,2026-07-17T09:21:50+01:00,2026-07-17T09:31:32+01:00,582,Mobile,Edge,Panel B,ab9888ff81a1,b25cc29a7ee1,63,55-64,Woman,London,Urban,Employed full-time,Prefer not to say,No,Yes,2-3,Past week,QuickBite,4,3,4,4,2,3,5,6,4,5,3,3,5,17.62,No,,,,Yes,Reduce minimum order values.,41.3,68.8,90.9,128.7,110.2,65.1
R00991,P100991,Complete,100,2026-07-15T20:42:24+01:00,2026-07-15T20:50:57+01:00,513,Mobile,Safari,Panel C,19bb5d4759ed,2717d270e302,37,35-44,Prefer not to say,South East,Suburban,Employed part-time,"£20,000-£34,999",Yes,Yes,2-3,8-30 days ago,Restaurant direct,5,4,7,5,3,4,7,5,5,6,5,3,3,19.71,No,,,,Yes,Improve food temperature on longer deliveries.,41.6,76.8,114.4,70.0,58.1,76.5
R00992,P100992,Complete,100,2026-07-09T19:17:24+01:00,2026-07-09T19:26:31+01:00,547,Mobile,Chrome,Panel B,4add73ca7343,8b4cd22e8148,49,45-54,Man,East Midlands,Urban,Employed full-time,"£50,000-£74,999",No,Yes,2-3,8-30 days ago,QuickBite,5,5,7,5,6,5,3,5,5,6,6,3,5,32.3,No,,,,No,Fewer missing items and clearer substitutions.,70.6,113.5,81.6,172.3,58.0,19.4
R00993,P100993,Complete,100,2026-07-17T21:50:02+01:00,2026-07-17T22:00:55+01:00,653,Mobile,Firefox,Panel C,7271e5156fbb,db4f99b869f9,35,35-44,Man,East of England,Suburban,Employed full-time,"£75,000-£99,999",No,Yes,6-9,Past week,FoodGo,3,4,4,4,5,4,3,3,3,3,4,3,2,27.33,Yes,Late delivery,Yes,5,No,More accurate delivery time estimates.,58.1,97.8,77.2,131.7,103.1,76.7
R00994,P100994,Complete,100,2026-07-14T11:06:49+01:00,2026-07-14T11:15:47+01:00,538,Mobile,Chrome,Panel B,99a4207bd4ff,ed098ac82316,48,45-54,Man,West Midlands,Urban,Employed full-time,"£50,000-£74,999",No,Yes,1,8-30 days ago,MealDash,5,5,4,4,4,3,4,4,5,5,4,3,3,23.76,No,,,,No,"Lower delivery fees, especially on smaller orders.",19.4,85.1,113.6,106.9,96.0,61.2
R00995,P100995,Complete,100,2026-07-17T11:14:39+01:00,2026-07-17T11:25:24+01:00,645,Mobile,Chrome,Panel A,7df326f385bb,d2a5f23217af,36,35-44,Woman,Scotland,Urban,Employed full-time,"£20,000-£34,999",No,Yes,2-3,8-30 days ago,Restaurant direct,5,6,4,7,7,7,7,7,7,7,7,3,6,36.22,No,,,,No,Nothing major; the service generally works well for me.,46.0,93.3,119.6,136.5,76.9,116.1
R00996,P100996,Complete,100,2026-07-12T19:52:44+01:00,2026-07-12T20:00:37+01:00,473,Mobile,Chrome,Panel A,ef4a15e157a9,c7ee074642b4,41,35-44,Man,East Midlands,Urban,Employed part-time,"£20,000-£34,999",No,Yes,1,Past week,QuickBite,5,4,8,5,4,5,6,4,5,4,5,3,4,42.78,No,,,,No,"Better offers for existing customers, not just new users.",46.9,57.3,110.8,96.4,75.8,61.1
R00997,P100997,Complete,100,2026-07-16T10:34:53+01:00,2026-07-16T10:44:10+01:00,557,Desktop,Chrome,Panel B,1a1a2f045556,e160eab3b614,65,65-74,Woman,North West,Urban,Retired,"£50,000-£74,999",No,Yes,10+,Past week,MealDash,3,4,7,5,4,4,3,4,3,2,4,3,3,15.6,No,,,,No,Faster refunds when something goes wrong.,30.5,107.4,165.3,60.8,79.2,44.6
R00998,P100998,Complete,100,2026-07-12T17:04:40+01:00,2026-07-12T17:14:12+01:00,572,Mobile,Edge,Panel C,126ebe504056,181adb9abbc7,54,45-54,Man,South East,Suburban,Employed full-time,Prefer not to say,No,Yes,1,8-30 days ago,Restaurant direct,4,3,6,4,3,3,4,5,3,4,4,3,2,48.7,No,,,,No,Nothing major; the service generally works well for me.,37.2,96.8,94.0,151.2,114.1,38.1
R00999,P100999,Complete,100,2026-07-15T22:54:13+01:00,2026-07-15T23:03:09+01:00,536,Mobile,Firefox,Panel C,2ee898d84e03,9bc1b2352f90,60,55-64,Woman,Wales,Urban,Self-employed,"£75,000-£99,999",No,Yes,1,8-30 days ago,QuickBite,6,6,8,5,6,5,6,6,6,7,3,3,6,18.84,No,,,,No,Improve the accuracy of map tracking.,52.6,66.1,121.3,88.8,70.3,69.8
R01000,P101000,Complete,100,2026-07-20T19:27:15+01:00,2026-07-20T19:36:14+01:00,539,Desktop,Chrome,Panel C,47dd5c704538,eb6b186ed513,46,45-54,Woman,East Midlands,Suburban,Employed full-time,"£100,000+",Yes,Yes,2-3,Past week,Restaurant direct,5,6,7,6,6,3,7,7,5,6,5,3,4,37.64,No,,,,No,Better loyalty rewards.,27.2,86.7,99.4,84.7,80.1,82.5
R01001,P101001,Complete,100,2026-07-17T11:34:08+01:00,2026-07-17T11:41:14+01:00,426,Mobile,Other,Panel B,ffe2af39197a,9e3ae5829593,52,45-54,Woman,Wales,Suburban,Employed full-time,"£50,000-£74,999",Yes,Yes,2-3,8-30 days ago,MealDash,6,7,10,7,5,7,7,7,7,7,5,3,4,42.79,No,,,,No,More accurate delivery time estimates.,56.7,36.3,84.3,109.3,48.9,19.4
R01002,P101002,Complete,100,2026-07-07T11:35:40+01:00,2026-07-07T11:44:10+01:00,510,Mobile,Chrome,Panel C,896b5e431dd4,78da0e7ecadc,28,25-34,Man,South West,Urban,Retired,"£50,000-£74,999",No,Yes,10+,Past week,QuickBite,6,5,7,1,1,1,1,1,1,1,1,3,4,21.21,No,,,,Yes,Reduce minimum order values.,64.2,42.4,106.5,123.5,83.3,55.5
R01003,P101003,Complete,100,2026-07-09T00:35:54+01:00,2026-07-09T00:44:25+01:00,511,Tablet,Firefox,Panel B,caaeff9133af,f293cf2c7614,25,25-34,Man,Scotland,Rural,Self-employed,"£100,000+",No,Yes,4-5,Past week,QuickBite,4,5,7,3,3,4,3,3,3,3,3,3,2,31.13,No,,,,No,Make service charges easier to understand before checkout.,38.6,51.3,96.6,163.6,28,55.3
R01004,P101004,Complete,100,2026-07-14T09:24:33+01:00,2026-07-14T09:33:37+01:00,544,Mobile,Safari,Panel C,a352adcde7e3,5aef0a66ca1d,42,35-44,Man,London,Suburban,Self-employed,"£50,000-£74,999",No,Yes,4-5,Past week,Restaurant direct,6,6,9,7,5,7,7,7,6,7,6,3,6,43.16,No,,,,No,Reduce minimum order values.,41.6,86.3,149.6,78.7,59.0,62.3
R01005,P101005,Complete,100,2026-07-11T19:48:32+01:00,2026-07-11T19:57:18+01:00,526,Mobile,Edge,Panel A,6368a21e2cb1,5f5870c77616,41,35-44,Woman,Scotland,Urban,Employed full-time,"£35,000-£49,999",No,Yes,10+,Today,QuickBite,3,2,4,3,3,3,4,3,3,3,3,3,3,34.48,Yes,Missing or incorrect items,Yes,2,No,Fewer missing items and clearer substitutions.,55.0,67.8,44.1,130.4,88.5,49.9
R01006,P101006,Complete,100,2026-07-17T22:27:47+01:00,2026-07-17T22:35:12+01:00,445,Desktop,Chrome,Panel B,d896ceb3e13e,7c9bf6bf240a,37,35-44,Woman,Scotland,Suburban,Employed part-time,"£20,000-£34,999",No,Yes,2-3,8-30 days ago,Restaurant direct,7,7,10,7,5,7,6,7,7,7,7,3,7,17.3,No,,,,Yes,Better tracking when the driver is close.,30.7,91.2,76.5,82.3,58.5,50.6
R01007,P101007,Complete,100,2026-07-08T23:40:03+01:00,2026-07-08T23:49:33+01:00,570,Desktop,Chrome,Panel A,6f3fed024906,7f3bed5f5c45,48,45-54,Woman,North West,Rural,Employed full-time,"£20,000-£34,999",Yes,Yes,2-3,8-30 days ago,QuickBite,4,4,3,3,5,3,5,4,5,4,2,3,3,49.16,Yes,Food arrived cold,Yes,6,No,"Better offers for existing customers, not just new users.",33.0,82.9,116.2,119.8,122.2,67.5
R01008,P101008,Complete,100,2026-07-18T17:28:22+01:00,2026-07-18T17:36:56+01:00,514,Desktop,Firefox,Panel B,8b83586b2814,3e484cf8b2e6,43,35-44,Woman,East of England,Urban,Retired,"£35,000-£49,999",No,Yes,1,8-30 days ago,MealDash,6,6,7,5,7,7,5,6,6,7,5,3,5,41.48,No,,,,No,Improve food temperature on longer deliveries.,51.4,52.9,92.7,124.9,93.1,18
R01009,P101009,Complete,100,2026-07-06T15:10:24+01:00,2026-07-06T15:20:51+01:00,627,Mobile,Safari,Panel C,244d3590fc4b,3aa53608f23a,45,45-54,Man,Wales,Urban,Employed full-time,"£20,000-£34,999",No,Yes,4-5,Past week,MealDash,4,4,5,3,5,3,3,4,5,4,4,3,4,19.94,Yes,Late delivery,Yes,5,Yes,Fewer missing items and clearer substitutions.,53.6,72.9,129.7,135.3,66.6,75.0
R01010,P101010,Complete,100,2026-07-18T12:26:29+01:00,2026-07-18T12:36:27+01:00,598,Mobile,Edge,Panel A,827abd4f34d8,eaecf2bdfb8a,48,45-54,Man,London,Rural,Employed full-time,"£35,000-£49,999",No,Yes,4-5,Past week,QuickBite,6,6,6,6,7,7,6,6,5,7,4,3,4,39.37,No,,,,Yes,Give drivers clearer instructions for flats and apartment buildings.,33.8,76.2,99.5,222.9,48.3,56.2
R01011,P101011,Complete,100,2026-07-06T20:46:15+01:00,2026-07-06T20:55:14+01:00,539,Mobile,Safari,Panel A,86fd2fc29f16,e76dc4fde420,39,35-44,Man,Scotland,Urban,Not currently employed,"£35,000-£49,999",No,Yes,0,31-90 days ago,FoodGo,6,6,7,7,5,7,6,5,5,7,5,3,6,26.27,No,,,,No,Better tracking when the driver is close.,47.8,55.7,138.8,76.0,73.5,108.8
R01012,P101012,Complete,100,2026-07-17T00:27:40+01:00,2026-07-17T00:36:25+01:00,525,Desktop,Chrome,Panel A,1984781a3b03,b124a8da82df,31,25-34,Woman,South East,Rural,Student,"£20,000-£34,999",Yes,Yes,6-9,Past week,MealDash,6,6,10,7,6,6,5,7,5,7,6,3,5,11.68,No,,,,No,x,45.7,52.6,87.8,84.9,93.8,93.7
R01013,P101013,Complete,100,2026-07-14T14:23:30+01:00,2026-07-14T14:30:57+01:00,447,Mobile,Chrome,Panel A,61efdc7a73ab,c8cca5effdbe,48,45-54,Woman,Wales,Urban,Not currently employed,"£50,000-£74,999",Yes,Yes,2-3,Past week,MealDash,5,4,7,5,6,4,5,4,4,5,4,3,3,26.97,No,,,,No,"Lower delivery fees, especially on smaller orders.",28.8,75.8,74.3,95.8,88.6,29.2
R01014,P101014,Complete,100,2026-07-08T01:47:38+01:00,2026-07-08T01:53:30+01:00,352,Desktop,Chrome,Panel A,771ee32917a9,d03104a900f4,31,25-34,Woman,South East,Urban,Employed part-time,"£50,000-£74,999",No,Yes,0,31-90 days ago,QuickBite,4,5,6,4,5,4,3,3,4,4,5,3,3,32.44,No,,,,No,Make service charges easier to understand before checkout.,42.3,39.4,36.1,66.5,72.2,51.5
R01015,P101015,Complete,100,2026-07-19T19:26:29+01:00,2026-07-19T19:34:45+01:00,496,Desktop,Firefox,Panel B,80cc8e00c4f5,1383e36f3361,48,45-54,Woman,East of England,Rural,Self-employed,"Under £20,000",No,Yes,0,31-90 days ago,QuickBite,4,7,4,3,4,5,4,4,4,3,5,3,4,25.61,Yes,Driver or handoff issue,Yes,4,No,More restaurant choice in my area.,33.6,44.2,101.4,114.1,64.2,34.5
R01016,P101016,Complete,100,2026-07-07T11:28:36+01:00,2026-07-07T11:35:22+01:00,406,Mobile,Safari,Panel A,adc21a8ceb65,475aed98fb29,38,35-44,Man,Wales,Suburban,Employed full-time,"£35,000-£49,999",No,Yes,10+,Past week,Restaurant direct,4,5,5,3,4,4,4,4,4,4,6,3,4,26.75,No,,,,No,Improve the accuracy of map tracking.,45.1,51.0,66.2,62.4,93.9,47.2
R01017,P101017,Complete,100,2026-07-20T14:32:33+01:00,2026-07-20T14:42:07+01:00,574,Mobile,Other,Panel B,c30343672024,2d491c95185a,60,55-64,Woman,North West,Urban,Retired,"£20,000-£34,999",No,Yes,4-5,Past week,MealDash,7,7,10,7,7,6,6,7,7,7,7,3,7,19.39,No,,,,No,"Better offers for existing customers, not just new users.",60.5,72.5,95.3,92.8,84.3,94.3
R01018,P101018,Complete,100,2026-07-18T15:19:38+01:00,2026-07-18T15:27:23+01:00,465,Desktop,Safari,Panel B,ecbc02bcbddf,275506684438,46,45-54,Woman,Scotland,Suburban,Self-employed,"£35,000-£49,999",Yes,Yes,0,More than 3 months ago,QuickBite,5,4,5,5,6,5,4,5,4,5,5,3,3,15.95,No,,,,Yes,Fewer missing items and clearer substitutions.,65.6,65.2,114.5,99.9,61.9,18
R01019,P101019,Complete,100,2026-07-18T10:04:50+01:00,2026-07-18T10:11:25+01:00,395,Mobile,Chrome,Panel A,e31a384afb9b,22f5c0187e7c,45,45-54,Man,West Midlands,Urban,Not currently employed,"£75,000-£99,999",Yes,Yes,1,8-30 days ago,FoodGo,6,5,7,6,6,5,4,4,6,6,6,3,3,46.34,No,,,,Yes,Faster refunds when something goes wrong.,24.1,36.8,103.4,80.0,76.5,38.2
R01020,P101020,Complete,100,2026-07-16T09:27:23+01:00,2026-07-16T09:37:37+01:00,614,Mobile,Chrome,Panel C,de4ad36228bf,0ab44db4552b,74,65-74,Man,Scotland,Urban,Employed part-time,"£35,000-£49,999",No,Yes,4-5,Past week,QuickBite,7,7,9,7,7,7,7,7,7,6,7,3,7,26.48,No,,,,No,Lower prices overall.,41.9,50.1,154.4,192.4,54.8,62.8
R01021,P101021,Complete,100,2026-07-10T06:08:59+01:00,2026-07-10T06:17:01+01:00,482,Desktop,Edge,Panel B,f6a63e3c7cee,fb56a81336c1,24,18-24,Man,South West,Rural,Student,"£100,000+",No,Yes,4-5,Today,FoodGo,5,5,7,5,4,5,5,3,5,5,4,3,4,30.55,No,,,,Yes,Give drivers clearer instructions for flats and apartment buildings.,33.9,73.0,100.5,117.1,62.1,18
R01022,P101022,Complete,100,2026-07-19T00:26:20+01:00,2026-07-19T00:34:25+01:00,485,Desktop,Safari,Panel A,04b50466d73d,15adb59c098e,40,35-44,Woman,Yorkshire and the Humber,Rural,Employed full-time,Prefer not to say,No,Yes,1,8-30 days ago,MealDash,5,6,6,6,6,6,6,6,6,6,6,3,5,30.8,No,,,,No,Reduce minimum order values.,18,76.5,97.6,93.0,67.3,66.0
R01023,P101023,Complete,100,2026-07-14T15:42:08+01:00,2026-07-14T15:49:13+01:00,425,Desktop,Safari,Panel A,b41d397cb895,442474ce72a2,22,18-24,Prefer not to say,North East,Rural,Self-employed,"Under £20,000",Yes,Yes,0,8-30 days ago,Restaurant direct,5,6,8,6,3,4,5,7,4,4,5,3,3,23.68,Yes,Late delivery,No,,No,More consistent delivery times at weekends.,47.8,32.1,115.3,131.4,34.7,24.9
R01024,P101024,Complete,100,2026-07-07T14:31:41+01:00,2026-07-07T14:39:58+01:00,497,Mobile,Safari,Panel B,33a06bde49ce,930ced3ac389,51,45-54,Woman,West Midlands,Suburban,Student,"£50,000-£74,999",No,Yes,0,31-90 days ago,QuickBite,5,5,7,6,6,5,5,5,6,4,4,3,5,22.66,No,,,,No,Reduce minimum order values.,34.9,59.5,123.6,88.6,39.7,64.8
R01025,P101025,Complete,100,2026-07-14T23:26:54+01:00,2026-07-14T23:35:28+01:00,514,Mobile,Safari,Panel C,cbb404f4782a,61375cfc95d8,63,55-64,Woman,North West,Suburban,Employed full-time,"£35,000-£49,999",No,Yes,1,8-30 days ago,MealDash,5,5,9,6,6,5,6,7,6,7,5,6,5,16.06,No,,,,No,More consistent delivery times at weekends.,19.4,62.8,123.7,67.9,119.6,51.3
R01026,P101026,Complete,100,2026-07-11T02:16:37+01:00,2026-07-11T02:27:40+01:00,663,Tablet,Chrome,Panel A,ec48d36e2df7,4a49ccd17264,39,35-44,Woman,South West,Suburban,Not currently employed,"£75,000-£99,999",No,Yes,4-5,Past week,FoodGo,5,7,7,5,6,5,6,6,5,6,5,3,3,48.84,No,,,,Yes,Better tracking when the driver is close.,39.1,91.6,126.7,131.2,114.7,59.6
R01027,P101027,Complete,100,2026-07-13T21:30:46+01:00,2026-07-13T21:40:52+01:00,606,Mobile,Chrome,Panel A,6051d79fee7e,d77b08b16cc1,58,55-64,Woman,Northern Ireland,Urban,Employed full-time,"£35,000-£49,999",Yes,Yes,4-5,Past week,QuickBite,4,4,4,5,4,4,3,5,3,4,6,3,3,34.2,No,,,,No,More environmentally friendly packaging options.,32.4,63.8,110.1,64.4,132.3,129.2
R01028,P101028,Complete,100,2026-07-19T17:25:27+01:00,2026-07-19T17:33:21+01:00,474,Tablet,Chrome,Panel A,fa77b5d33d64,2ebef2bec240,23,18-24,Man,West Midlands,Rural,Employed full-time,"£20,000-£34,999",No,Yes,4-5,Past week,Restaurant direct,6,7,8,4,6,4,5,7,4,6,5,3,5,23.2,No,,,,No,"Lower delivery fees, especially on smaller orders.",57.9,53.0,62.5,111.4,70.6,87.9
R01029,P101029,Complete,100,2026-07-19T15:21:46+01:00,2026-07-19T15:29:26+01:00,460,Desktop,Firefox,Panel B,d2e4d399d44b,1fe932841662,72,65-74,Woman,Scotland,Suburban,Employed full-time,"£50,000-£74,999",No,Yes,1,8-30 days ago,MealDash,7,7,8,7,7,7,7,7,6,7,6,3,7,29.97,No,,,,No,More consistent delivery times at weekends.,33.8,52.4,35,155.4,55.0,50.3
R01030,P101030,Complete,100,2026-07-09T17:43:14+01:00,2026-07-09T17:51:31+01:00,497,Desktop,Safari,Panel C,f58cb17b11b1,a99eba5bc662,25,25-34,Man,Yorkshire and the Humber,Rural,Employed full-time,"£35,000-£49,999",No,Yes,4-5,More than 3 months ago,FoodGo,4,5,4,4,5,4,5,5,5,5,5,3,4,28.71,No,,,,Yes,More consistent delivery times at weekends.,29.2,74.1,80.2,79.3,82.0,40.6
R01031,P101031,Complete,100,2026-07-17T05:48:37+01:00,2026-07-17T05:55:27+01:00,410,Desktop,Chrome,Panel A,31145dd445bc,7cd37bc32dd3,41,35-44,Man,South East,Suburban,Employed full-time,"£35,000-£49,999",No,Yes,0,8-30 days ago,MealDash,4,5,3,4,3,5,2,3,5,4,3,3,4,19.07,Yes,Missing or incorrect items,Yes,5,No,Better tracking when the driver is close.,36.1,40.8,49.0,123.3,39.1,56.8
R01032,P101032,Complete,100,2026-07-18T21:35:15+01:00,2026-07-18T21:37:04+01:00,109,Mobile,Other,Panel A,c2e7fab16b5c,8f55591d00bc,52,45-54,Woman,London,Rural,Not currently employed,"£75,000-£99,999",Yes,Yes,2-3,Past week,Restaurant direct,5,5,4,4,7,5,6,5,6,5,6,3,6,36.23,Yes,Late delivery,Yes,2,Yes,Lower prices overall.,31.7,10.2,32.1,6.5,14.9,3
R01033,P101033,Complete,100,2026-07-15T13:49:19+01:00,2026-07-15T13:59:15+01:00,596,Desktop,Safari,Panel B,d80816d99526,e816ac185e13,50,45-54,Man,South East,Urban,Employed full-time,"£35,000-£49,999",No,Yes,0,31-90 days ago,QuickBite,5,5,5,3,4,4,3,5,6,6,5,3,3,19.35,No,,,,No,More consistent delivery times at weekends.,41.6,52.8,115.0,97.4,73.7,116.1
R01034,P101034,Complete,100,2026-07-20T15:45:22+01:00,2026-07-20T15:56:13+01:00,651,Mobile,Chrome,Panel B,7fb4fd3b4ac2,e2e988eef056,23,18-24,Man,South East,Urban,Student,"£35,000-£49,999",No,Yes,1,8-30 days ago,FoodGo,5,3,8,6,6,5,5,5,6,5,4,3,5,39.33,No,,,,No,"Better offers for existing customers, not just new users.",39.9,107.1,106.5,111.4,84.6,109.9
R01035,P101035,Complete,100,2026-07-17T01:26:25+01:00,2026-07-17T01:34:19+01:00,474,Desktop,Chrome,Panel A,78225462f016,6a7b7cb483f4,25,25-34,Woman,East Midlands,Urban,Employed full-time,"£35,000-£49,999",No,Yes,4-5,Past week,Restaurant direct,4,4,5,6,4,4,4,4,5,4,4,3,4,16.83,Yes,Driver or handoff issue,Yes,1,No,"Better offers for existing customers, not just new users.",44.2,60.7,93.2,45.0,53.1,93.2
R01036,P101036,Complete,100,2026-07-20T11:04:08+01:00,2026-07-20T11:13:59+01:00,591,Mobile,Chrome,Panel B,7a4f99912118,8521a01cb0d0,45,45-54,Man,South East,Urban,Employed full-time,"£20,000-£34,999",Yes,Yes,1,Past week,Restaurant direct,6,6,10,7,7,4,5,6,6,5,6,5,4,23.73,No,,,,No,Better tracking when the driver is close.,64.4,62.8,81.8,153.0,87.4,66.8
R01037,P101037,Complete,100,2026-07-08T19:11:02+01:00,2026-07-08T19:19:03+01:00,481,Desktop,Edge,Panel A,d990b8fce125,6f80b841d4b9,45,45-54,Woman,East of England,Urban,Employed full-time,"£50,000-£74,999",No,Yes,1,8-30 days ago,Restaurant direct,5,6,6,6,5,6,6,5,7,5,7,3,5,37.31,No,,,,No,Faster refunds when something goes wrong.,49.2,95.9,85.1,47.4,83.6,24.9
R01038,P101038,Complete,100,2026-07-08T04:49:48+01:00,2026-07-08T04:58:13+01:00,505,Mobile,Chrome,Panel B,ec51b91882f4,cb2e00952372,47,45-54,Woman,South East,Urban,Employed full-time,"£50,000-£74,999",No,Yes,4-5,Past week,QuickBite,4,3,4,3,4,3,2,4,5,4,5,3,4,35.32,No,,,,No,More responsive customer support.,31.2,81.6,107.7,96.2,33.9,77.3
R01039,P101039,Complete,100,2026-07-16T05:48:34+01:00,2026-07-16T05:55:56+01:00,442,Mobile,Chrome,Panel C,0e9aa4df6577,80de05f5d64b,32,25-34,Woman,North East,Suburban,Retired,"£50,000-£74,999",Yes,Yes,6-9,Past week,MealDash,6,7,8,7,7,6,6,5,5,6,7,4,6,57.12,No,,,,No,More consistent delivery times at weekends.,42.8,64.0,70.9,92.4,90.3,40.7
R01040,P101040,Complete,100,2026-07-07T21:56:31+01:00,2026-07-07T22:05:34+01:00,543,Mobile,Chrome,Panel A,987e1f10be06,b0e0caa79cc3,21,18-24,Woman,East Midlands,Urban,Employed full-time,"£75,000-£99,999",Yes,Yes,10+,Today,QuickBite,6,5,9,7,7,7,5,6,5,6,7,3,5,32.52,No,,,,Yes,Let customers edit an order for a short time after placing it.,22.2,85.4,164.6,113.5,38.3,65.2
R01041,P101041,Complete,100,2026-07-12T03:02:10+01:00,2026-07-12T03:09:58+01:00,468,Mobile,Chrome,Panel B,d5515ed56278,274049b595b1,36,35-44,Woman,London,Suburban,Employed part-time,"£75,000-£99,999",No,Yes,1,8-30 days ago,Restaurant direct,4,6,4,4,4,3,4,4,4,4,3,3,5,23.42,Yes,Driver or handoff issue,Yes,5,No,Nothing major; the service generally works well for me.,41.3,81.5,72.7,70.6,60.0,38.2
R01042,P101042,Complete,100,2026-07-13T22:57:54+01:00,2026-07-13T23:06:23+01:00,509,Mobile,Safari,Panel C,5892ff1d7983,103b6206d9c9,30,25-34,Woman,East of England,Urban,Employed full-time,Prefer not to say,No,Yes,4-5,Today,QuickBite,4,4,5,3,4,4,6,4,4,3,6,3,4,32.93,Yes,Late delivery,No,,No,Fewer missing items and clearer substitutions.,40.1,66.1,122.3,116.1,54.3,81.9
R01043,P101043,Complete,100,2026-07-20T12:16:51+01:00,2026-07-20T12:18:58+01:00,127,Mobile,Chrome,Panel A,621db3fa1e46,b6aa5ce0d943,23,18-24,Man,East Midlands,Rural,Employed full-time,"£50,000-£74,999",No,Yes,4-5,Past week,QuickBite,4,3,2,3,3,4,2,4,4,4,3,3,4,16.61,Yes,Food arrived cold,Yes,2,Yes,More restaurant choice in my area.,15.9,42.4,27.6,13.6,7.4,8.1
R01044,P101044,Complete,100,2026-07-16T22:42:20+01:00,2026-07-16T22:51:52+01:00,572,Desktop,Safari,Panel A,265a67281c93,62242ac04b51,21,18-24,Woman,Yorkshire and the Humber,Suburban,Retired,"£75,000-£99,999",No,Yes,6-9,Past week,QuickBite,6,6,7,6,5,6,5,6,5,4,4,3,4,19.39,No,,,,No,"Lower delivery fees, especially on smaller orders.",52.1,63.8,107.0,131.1,64.1,72.5
R01045,P101045,Complete,100,2026-07-07T20:46:26+01:00,2026-07-07T20:54:40+01:00,494,Mobile,Chrome,Panel C,d2e02587fcba,082ea58fed53,57,55-64,Woman,North West,Urban,Employed part-time,"£75,000-£99,999",Yes,Yes,4-5,Past week,QuickBite,4,4,5,3,4,4,3,5,3,3,3,3,5,21.04,No,,,,No,Make service charges easier to understand before checkout.,29.8,64.4,96.0,112.4,73.6,33.6
R01046,P101046,Complete,100,2026-07-07T10:47:17+01:00,2026-07-07T10:57:37+01:00,620,Mobile,Edge,Panel A,a82f5ecddcd5,a074e68fba78,69,65-74,Woman,South East,Suburban,Self-employed,"£50,000-£74,999",No,Yes,1,8-30 days ago,Restaurant direct,4,4,5,4,4,5,3,4,4,4,4,3,3,29.81,No,,,,No,Improve the accuracy of map tracking.,54.6,68.2,134.2,118.7,76.6,93.0
R01047,P101047,Complete,100,2026-07-15T10:37:12+01:00,2026-07-15T10:45:19+01:00,487,Mobile,Chrome,Panel B,0f1a3d87ac49,628696a1fc59,66,65-74,Man,South East,Urban,Employed full-time,Prefer not to say,Yes,Yes,1,8-30 days ago,FoodGo,4,3,4,3,4,3,3,4,4,4,3,3,3,36.84,No,,,,Yes,Let customers edit an order for a short time after placing it.,34.1,61.9,130.3,102.5,30.2,32.8
R01048,P101048,Complete,100,2026-07-08T10:42:23+01:00,2026-07-08T10:44:01+01:00,98,Mobile,Chrome,Panel A,141f6ad00a71,b2f7b44de591,51,45-54,Man,South East,Urban,Employed full-time,"£50,000-£74,999",No,Yes,0,31-90 days ago,Restaurant direct,6,7,10,6,6,6,6,7,7,6,6,3,5,18.8,No,,,,No,Reduce minimum order values.,12.6,45.4,3,3.1,19.2,4.0
R01049,P101049,Complete,100,2026-07-13T21:56:54+01:00,2026-07-13T22:06:09+01:00,555,Mobile,Chrome,Panel A,7b12e225e668,c735ea164ae9,27,25-34,Woman,Northern Ireland,Urban,Not currently employed,"£20,000-£34,999",No,Yes,6-9,Today,Restaurant direct,6,7,7,4,6,6,5,6,6,6,4,3,4,13.34,No,,,,Yes,Show unavailable items before I start ordering.,40.8,101.0,92.8,151.5,93.1,21.1
R01050,P101050,Complete,100,2026-07-15T16:17:29+01:00,2026-07-15T16:25:21+01:00,472,Mobile,Safari,Panel A,def5c28aa3f3,3f7efd5fa790,52,45-54,Man,London,Urban,Not currently employed,"£100,000+",No,Yes,4-5,Past week,Other,6,6,6,4,5,6,5,7,7,6,5,3,7,21.02,No,,,,No,Nothing major; the service generally works well for me.,38.5,86.7,66.5,119.0,88.0,41.3
R01051,P101051,Complete,100,2026-07-14T01:50:09+01:00,2026-07-14T02:00:47+01:00,638,Mobile,Chrome,Panel C,03ba1eddc979,f7c5781071c1,37,35-44,Woman,South East,Urban,Employed full-time,"£20,000-£34,999",Yes,Yes,6-9,Past week,QuickBite,4,5,4,4,6,4,3,4,5,3,5,3,3,29.62,Yes,Late delivery,Yes,3,No,Lower prices overall.,19.4,43.5,158.5,143.5,96.4,104.9
R01052,P101052,Complete,100,2026-07-14T11:58:06+01:00,2026-07-14T12:07:22+01:00,556,Mobile,Safari,Panel A,c398450aaaf7,03329d0d5f0b,28,25-34,Woman,Scotland,Suburban,Employed part-time,Prefer not to say,Yes,Yes,2-3,Past week,QuickBite,3,3,4,3,3,3,3,3,1,4,3,3,2,29.96,Yes,Missing or incorrect items,No,,Yes,Faster refunds when something goes wrong.,48.4,89.6,96.5,115.2,80.8,78.0
R01053,P101053,Complete,100,2026-07-08T12:27:26+01:00,2026-07-08T12:36:50+01:00,564,Mobile,Chrome,Panel B,d714cbecca88,4189b450034d,20,18-24,Man,London,Suburban,Employed full-time,"£20,000-£34,999",No,Yes,10+,Past week,FoodGo,5,5,9,3,5,5,2,6,4,6,5,3,5,40.71,No,,,,No,Better loyalty rewards.,46.6,66.1,111.1,147.0,64.8,49.5
R01054,P101054,Complete,100,2026-07-06T20:40:58+01:00,2026-07-06T20:52:12+01:00,674,Mobile,Chrome,Panel C,62e07fa27809,a98275cc8762,21,18-24,Non-binary,London,Suburban,Employed full-time,"£100,000+",No,Yes,2-3,8-30 days ago,QuickBite,6,6,9,6,7,6,5,5,7,6,5,3,7,38.02,No,,,,No,Faster refunds when something goes wrong.,49.5,86.5,142.1,112.0,117.5,81.3
R01055,P101055,Complete,100,2026-07-17T00:43:02+01:00,2026-07-17T00:50:44+01:00,462,Mobile,Safari,Panel C,e509293156db,8a745c5bc2fd,37,35-44,Woman,East of England,Rural,Employed part-time,"£35,000-£49,999",No,Yes,10+,Today,QuickBite,3,3,4,2,4,3,3,5,3,4,3,3,3,35.36,No,,,,Yes,Better tracking when the driver is close.,42.6,69.0,37.8,120.9,58.2,60.4
R01056,P101056,Complete,100,2026-07-14T00:36:11+01:00,2026-07-14T00:44:10+01:00,479,Mobile,Firefox,Panel A,ffafc5cbc2bc,eb543e392433,35,35-44,Man,Yorkshire and the Humber,Urban,Employed full-time,"£35,000-£49,999",Yes,Yes,2-3,Past week,QuickBite,5,6,7,5,6,5,4,6,6,5,6,3,4,29.16,Yes,Missing or incorrect items,Yes,7,No,Faster refunds when something goes wrong.,22.8,45.9,124.0,144.3,79.3,37.7
R01057,P101057,Complete,100,2026-07-16T15:43:23+01:00,2026-07-16T15:51:45+01:00,502,Mobile,Chrome,Panel B,c48415e5a0a8,af493fdf1b51,19,18-24,Man,East Midlands,Suburban,Student,"Under £20,000",Yes,Yes,4-5,Past week,Restaurant direct,5,5,7,5,4,4,4,6,5,5,4,1,5,20.45,No,,,,No,Better loyalty rewards.,42.9,44.5,64.3,129.4,143.8,31.4
R01058,P101058,Complete,100,2026-07-07T06:05:17+01:00,2026-07-07T06:14:00+01:00,523,Mobile,Chrome,Panel B,9d0f6d462095,a5abae5a2484,29,25-34,Woman,Yorkshire and the Humber,Urban,Employed part-time,"£50,000-£74,999",Yes,Yes,4-5,Today,MealDash,6,6,6,6,5,7,5,6,7,6,5,3,6,25.45,No,,,,No,Improve the accuracy of map tracking.,19.4,86.3,143.6,71.0,84.0,94.5
R01059,P101059,Complete,100,2026-07-15T10:24:21+01:00,2026-07-15T10:32:29+01:00,488,Mobile,Safari,Panel A,785034a96803,5489324e155b,40,35-44,Man,London,Suburban,Self-employed,"£20,000-£34,999",Yes,Yes,1,Past week,FoodGo,5,5,6,6,6,5,5,6,7,3,5,3,4,21.99,No,,,,No,More restaurant choice in my area.,37.8,86.2,101.2,92.9,92.5,42.1
R01060,P101060,Complete,100,2026-07-08T21:55:37+01:00,2026-07-08T22:04:42+01:00,545,Mobile,Chrome,Panel C,35aee809c04f,0015bde3b630,36,35-44,Woman,South West,Urban,Employed full-time,"£35,000-£49,999",Yes,Yes,1,8-30 days ago,MealDash,5,6,4,3,5,4,5,6,4,5,5,3,5,18.61,No,,,,No,Give drivers clearer instructions for flats and apartment buildings.,60.3,81.2,63.2,52.5,92.1,111.5
R01061,P101061,Complete,100,2026-07-19T17:20:41+01:00,2026-07-19T17:29:13+01:00,512,Desktop,Chrome,Panel A,6b2f8d6b3a6b,1b951341a3fa,20,18-24,Woman,East Midlands,Urban,Employed full-time,"£35,000-£49,999",Yes,Yes,6-9,Past week,MealDash,6,7,8,7,6,4,4,5,5,5,6,3,4,37.25,No,,,,No,More consistent delivery times at weekends.,54.1,89.3,78.8,99.8,72.7,61.0
R01062,P101062,Complete,100,2026-07-15T12:58:23+01:00,2026-07-15T13:06:58+01:00,515,Desktop,Chrome,Panel B,5f32e0971327,36bd3b027fd4,43,35-44,Man,South East,Rural,Employed part-time,"Under £20,000",No,Yes,4-5,Past week,MealDash,5,6,6,5,6,6,5,5,5,5,4,3,5,21.79,No,,,,No,"Better offers for existing customers, not just new users.",38.3,48.8,127.0,98.9,67.2,73.6
R01063,P101063,Complete,100,2026-07-13T14:51:54+01:00,2026-07-13T15:02:14+01:00,620,Mobile,Chrome,Panel A,c77d46f08a5a,f2bced03c6a5,52,45-54,Woman,North West,Urban,Employed full-time,"£75,000-£99,999",Yes,Yes,10+,Today,MealDash,5,5,7,5,4,6,5,7,5,5,5,3,6,42.29,No,,,,No,"Better offers for existing customers, not just new users.",73.1,84.2,117.7,129.3,78.0,60.9
R01064,P101064,Complete,100,2026-07-11T21:16:21+01:00,2026-07-11T21:25:05+01:00,524,Mobile,Chrome,Panel C,fc9d237adfc8,67bcc67c9a1e,53,45-54,Woman,London,Urban,Self-employed,"£20,000-£34,999",No,Yes,2-3,Past week,FoodGo,5,5,7,6,5,6,6,6,7,4,6,3,4,21.03,No,,,,No,Let customers edit an order for a short time after placing it.,48.4,88.1,122.9,95.4,86.5,35.3
R01065,P101065,Complete,100,2026-07-17T19:54:50+01:00,2026-07-17T20:05:07+01:00,617,Mobile,Safari,Panel A,8b4d950be4d7,c157fd57751c,26,25-34,Woman,Wales,Suburban,Student,"Under £20,000",No,Yes,6-9,Today,MealDash,6,6,9,6,6,7,6,7,6,6,5,3,6,27.34,No,,,,No,Faster refunds when something goes wrong.,50.8,67.7,70.7,149.2,92.0,101.3
R01066,P101066,Complete,100,2026-07-16T13:04:57+01:00,2026-07-16T13:12:28+01:00,451,Mobile,Chrome,Panel A,212d6c647df0,671fdf85de0c,46,45-54,Woman,South East,Rural,Employed part-time,"£50,000-£74,999",No,Yes,4-5,Today,MealDash,5,5,8,5,6,4,5,6,5,6,2,3,3,28.79,No,,,,No,Lower prices overall.,61.9,45.0,60.5,138.0,72.3,33.1
R01067,P101067,Complete,100,2026-07-19T03:04:00+01:00,2026-07-19T03:14:22+01:00,622,Mobile,Safari,Panel A,8bb6c2ff6a15,7c56c5227791,56,55-64,Man,London,Suburban,Employed full-time,"£75,000-£99,999",No,Yes,2-3,Past week,Restaurant direct,4,2,4,3,3,1,2,6,4,3,3,3,2,20.93,No,,,,No,Let customers edit an order for a short time after placing it.,54.1,72.8,158.9,108.3,79.9,63.7
R01068,P101068,Complete,100,2026-07-13T21:14:23+01:00,2026-07-13T21:22:11+01:00,468,Mobile,Chrome,Panel C,a7da9be60dc9,e86cfe3e17d4,53,45-54,Non-binary,Wales,Rural,Not currently employed,"£50,000-£74,999",No,Yes,10+,Past week,QuickBite,6,5,9,6,5,6,6,7,6,4,4,3,4,21.87,No,,,,No,Give drivers clearer instructions for flats and apartment buildings.,35.6,45.4,79.4,107.7,82.9,29.2
R01069,P101069,Complete,100,2026-07-13T18:52:54+01:00,2026-07-13T18:59:59+01:00,425,Mobile,Safari,Panel C,1e2aa35792cb,6df11fea41e0,50,45-54,Woman,South East,Suburban,Employed full-time,"£50,000-£74,999",No,Yes,0,31-90 days ago,FoodGo,3,4,4,4,3,5,3,5,4,4,4,3,4,52.2,Yes,Missing or incorrect items,No,,No,Show unavailable items before I start ordering.,49.0,67.9,93.6,77.2,48.7,19.4
R01070,P101070,Complete,100,2026-07-20T18:53:21+01:00,2026-07-20T19:00:28+01:00,427,Mobile,Firefox,Panel C,1bd114a38c52,a5d4d276abe1,19,18-24,Woman,South East,Suburban,Employed full-time,"Under £20,000",Yes,Yes,1,8-30 days ago,Restaurant direct,4,4,6,4,5,3,3,5,4,4,5,4,3,32.14,No,,,,No,Nothing major; the service generally works well for me.,63.8,40.6,60.0,129.2,30.2,44.1
R01071,P101071,Complete,100,2026-07-10T23:39:14+01:00,2026-07-10T23:47:52+01:00,518,Mobile,Chrome,Panel B,ac6548b9f1eb,5a66db4b714f,26,25-34,Man,Yorkshire and the Humber,Rural,Employed full-time,"£20,000-£34,999",Yes,Yes,6-9,Past week,MealDash,4,5,6,4,4,4,4,5,5,6,4,3,2,27.84,No,,,,Yes,More environmentally friendly packaging options.,39.2,60.4,106.6,85.4,66.3,72.0
R01072,P101072,Complete,100,2026-07-08T03:01:02+01:00,2026-07-08T03:10:35+01:00,573,Mobile,Chrome,Panel A,11993be38f37,62d0ec90fe22,30,25-34,Man,South East,Urban,Employed part-time,"£75,000-£99,999",No,Yes,2-3,8-30 days ago,QuickBite,5,6,6,5,4,6,4,5,7,5,5,3,5,15.7,No,,,,No,More accurate delivery time estimates.,25.2,113.2,110.7,125.3,87.8,70.6
R01073,P101073,Complete,100,2026-07-10T23:38:32+01:00,2026-07-10T23:47:31+01:00,539,Mobile,Safari,Panel C,01d97106f77c,73941b5b5209,44,35-44,Man,South East,Suburban,Employed full-time,"£75,000-£99,999",Yes,Yes,6-9,Today,QuickBite,5,7,7,5,4,7,4,5,5,5,5,3,4,29.9,No,,,,Yes,"Lower delivery fees, especially on smaller orders.",61.6,112.8,63.2,115.7,60.8,100.4
R01074,P101074,Complete,100,2026-07-13T21:54:02+01:00,2026-07-13T22:02:18+01:00,496,Desktop,Chrome,Panel A,41d087abf61f,396005e616a1,27,25-34,Man,South East,Suburban,Employed full-time,"£20,000-£34,999",Yes,Yes,4-5,Past week,MealDash,5,5,6,5,6,4,3,5,5,5,5,3,4,41.24,No,,,,Yes,Better tracking when the driver is close.,18,77.7,116.7,101.4,67.2,70.9
R01075,P101075,Complete,100,2026-07-12T10:29:06+01:00,2026-07-12T10:37:36+01:00,510,Mobile,Edge,Panel A,7b0990cc9933,53c0e74c7897,32,25-34,Woman,Scotland,Suburban,Not currently employed,"Under £20,000",No,Yes,1,Past week,FoodGo,4,6,4,4,4,4,2,5,6,4,3,3,4,41.45,Yes,Late delivery,Yes,4,No,"Lower delivery fees, especially on smaller orders.",54.4,75.0,87.1,109.1,48.1,58.8
R01076,P101076,Complete,100,2026-07-10T19:14:08+01:00,2026-07-10T19:21:24+01:00,436,Mobile,Safari,Panel C,ea96d0692fe4,ea5f61fa4d86,59,55-64,Man,London,Urban,Not currently employed,"Under £20,000",No,Yes,6-9,Past week,Restaurant direct,5,6,2,4,5,2,5,6,5,5,5,3,4,25.42,Yes,Order cancelled,Yes,3,No,Nothing major; the service generally works well for me.,33.1,46.6,62.8,97.6,103.8,52.3
R01077,P101077,Complete,100,2026-07-08T15:38:54+01:00,2026-07-08T15:40:16+01:00,82,Mobile,Chrome,Panel B,6ccc88105d1c,25a74089f0b5,22,18-24,Woman,East of England,Urban,Employed full-time,Prefer not to say,Yes,Yes,6-9,Today,QuickBite,3,4,2,3,2,2,2,3,1,1,3,3,2,31.64,Yes,Late delivery,Yes,3,Yes,More responsive customer support.,14.1,6.7,6.2,15.8,27.0,3
R01078,P101078,Complete,100,2026-07-18T14:38:09+01:00,2026-07-18T14:49:05+01:00,656,Mobile,Safari,Panel B,6c958aab52ee,7449ee380092,42,35-44,Woman,North East,Urban,Employed full-time,"£50,000-£74,999",No,Yes,2-3,Past week,FoodGo,5,6,5,6,6,4,3,4,6,5,7,3,6,24.29,No,,,,No,Improve food temperature on longer deliveries.,43.6,83.2,126.0,179.0,92.4,54.9
R01079,P101079,Complete,100,2026-07-10T18:09:54+01:00,2026-07-10T18:17:45+01:00,471,Desktop,Safari,Panel C,724ecb358ddd,1c87a564ebde,26,25-34,Woman,Wales,Urban,Student,"£35,000-£49,999",Yes,Yes,4-5,Today,QuickBite,3,3,4,4,2,3,2,3,5,3,2,3,2,28.39,Yes,Late delivery,Yes,2,Yes,Nothing major; the service generally works well for me.,37.1,92.4,79.9,91.4,96.2,36.1
R01080,P101080,Complete,100,2026-07-17T20:38:07+01:00,2026-07-17T20:47:14+01:00,547,Desktop,Safari,Panel C,fc4e108aaeed,4e4f240a17bd,35,35-44,Man,South East,Urban,Retired,"£35,000-£49,999",No,Yes,1,8-30 days ago,QuickBite,5,7,6,4,4,4,4,7,4,4,5,3,4,32.76,No,,,,No,More restaurant choice in my area.,34.5,64.9,129.1,118.6,49.4,58.1
R01081,P101081,Complete,100,2026-07-20T15:13:20+01:00,2026-07-20T15:22:51+01:00,571,Mobile,Safari,Panel C,4072bbe09ea7,dd4f08dfa745,48,45-54,Man,South East,Rural,Employed full-time,"£20,000-£34,999",No,Yes,4-5,Today,Restaurant direct,5,6,9,5,6,6,6,5,4,7,4,3,2,40.99,No,,,,Yes,Reduce minimum order values.,35.2,92.7,118.9,102.9,93.0,53.3
R01082,P101082,Complete,100,2026-07-18T21:15:34+01:00,2026-07-18T21:24:09+01:00,515,Mobile,Chrome,Panel C,3ef8e98e11a4,8e67a26b4143,53,45-54,Man,North East,Suburban,Not currently employed,"£50,000-£74,999",Yes,Yes,4-5,Past week,FoodGo,4,4,9,3,4,6,4,5,4,3,4,3,5,47.32,No,,,,No,Reduce minimum order values.,31.5,83.0,76.7,118.5,50.6,83.3
R01083,P101083,Complete,100,2026-07-17T19:09:18+01:00,2026-07-17T19:18:25+01:00,547,Desktop,Firefox,Panel A,3372fa5fa701,bf3ce2eb9f3d,73,65-74,Man,East of England,Suburban,Employed part-time,"£20,000-£34,999",Yes,Yes,1,Past week,QuickBite,6,6,7,7,6,6,6,5,6,7,6,3,7,14.51,No,,,,No,"Better offers for existing customers, not just new users.",19.0,80.0,102.3,100.1,87.8,91.8
R01084,P101084,Complete,100,2026-07-14T07:38:17+01:00,2026-07-14T07:47:27+01:00,550,Desktop,Chrome,Panel B,c392cfefdda5,35c1fc993e96,55,55-64,Woman,West Midlands,Suburban,Retired,"£50,000-£74,999",No,Yes,0,8-30 days ago,QuickBite,6,6,10,6,6,6,6,6,6,6,6,3,5,38.2,No,,,,Yes,"Better offers for existing customers, not just new users.",39.7,98.9,102.9,114.9,84.6,56.7
R01085,P101085,Complete,100,2026-07-14T15:25:30+01:00,2026-07-14T15:35:01+01:00,571,Mobile,Chrome,Panel C,472183ea4956,c1b2fe5c42bc,28,25-34,Woman,West Midlands,Rural,Self-employed,"£50,000-£74,999",No,Yes,2-3,Past week,QuickBite,4,4,7,4,4,5,4,5,4,3,4,3,5,17.63,No,,,,No,Better loyalty rewards.,20.0,71.1,113.6,140.6,117.0,48.7
R01086,P101086,Complete,100,2026-07-18T12:55:03+01:00,2026-07-18T13:05:20+01:00,617,Mobile,Safari,Panel A,1c27927343a9,8b2dcaed527a,41,35-44,Woman,London,Urban,Student,"£35,000-£49,999",No,Yes,1,Past week,FoodGo,4,5,9,6,4,4,4,5,5,4,5,3,4,35.96,No,,,,No,"Better offers for existing customers, not just new users.",38.0,83.9,121.7,93.3,79.1,104.4
R01087,P101087,Complete,100,2026-07-12T13:20:48+01:00,2026-07-12T13:29:21+01:00,513,Mobile,Chrome,Panel C,6f1ba16eb417,60fd5d5f65a8,37,35-44,Man,West Midlands,Urban,Student,"£100,000+",No,Yes,2-3,Past week,Other,6,7,8,4,6,7,3,6,5,4,6,3,6,35.34,No,,,,Yes,Let customers edit an order for a short time after placing it.,24.0,30.2,55.3,175.6,118.9,40.4
R01088,P101088,Complete,100,2026-07-14T14:18:09+01:00,2026-07-14T14:25:44+01:00,455,Mobile,Safari,Panel A,465bd05b6ecb,8d8500dbeeb6,27,25-34,Non-binary,South East,Suburban,Retired,"£20,000-£34,999",Yes,Yes,10+,Past week,Restaurant direct,5,5,7,6,3,4,4,5,4,4,5,3,4,44.89,No,,,,No,More responsive customer support.,50.5,46.1,99.1,84.1,93.5,40.5
R01089,P101089,Complete,100,2026-07-08T19:08:25+01:00,2026-07-08T19:14:20+01:00,355,Desktop,Safari,Panel A,72020560f400,694666da97ca,19,18-24,Man,Wales,Urban,Employed full-time,"£50,000-£74,999",Yes,Yes,1,Past week,MealDash,5,6,6,6,6,6,5,6,6,6,6,3,4,26.92,No,,,,No,Give drivers clearer instructions for flats and apartment buildings.,59.5,39.2,84.4,54.9,51.5,26.9
R01090,P101090,Complete,100,2026-07-14T15:49:57+01:00,2026-07-14T15:58:04+01:00,487,Desktop,Chrome,Panel B,aef1b69d5ae6,a1a07601e89d,37,35-44,Woman,South West,Urban,Not currently employed,"£50,000-£74,999",No,Yes,1,8-30 days ago,Restaurant direct,4,4,5,4,4,5,3,3,4,4,3,3,3,32.04,No,,,,No,Improve food temperature on longer deliveries.,34.1,70.1,114.1,104.1,62.8,60.1
R01091,P101091,Complete,100,2026-07-13T19:45:57+01:00,2026-07-13T19:53:53+01:00,476,Mobile,Safari,Panel C,46d9e4fa1040,700e9c4e8978,59,55-64,Man,West Midlands,Urban,Employed full-time,"£75,000-£99,999",No,Yes,2-3,8-30 days ago,MealDash,5,6,6,5,4,4,5,5,5,6,4,3,4,39.76,No,,,,Yes,More responsive customer support.,39.6,98.0,65.7,111.7,66.6,32.6
R01092,P101092,Complete,100,2026-07-11T20:05:51+01:00,2026-07-11T20:14:35+01:00,524,Desktop,Edge,Panel A,3917cfd51c2e,6606b6a03765,27,25-34,Woman,South West,Suburban,Student,"£50,000-£74,999",No,Yes,1,8-30 days ago,MealDash,4,4,3,4,4,3,4,4,5,3,3,3,6,18.59,No,,,,No,Let customers edit an order for a short time after placing it.,50.8,82.2,77.3,99.0,50.7,79.5
R01093,P101093,Complete,100,2026-07-11T20:44:59+01:00,2026-07-11T20:52:57+01:00,478,Mobile,Safari,Panel C,56a338d6a75e,f8db65ffec5f,59,55-64,Woman,South West,Urban,Employed full-time,"£20,000-£34,999",No,Yes,10+,Past week,MealDash,4,4,6,4,4,5,3,5,3,6,3,3,4,29.97,No,,,,No,Fewer missing items and clearer substitutions.,33.1,44.1,76.0,120.6,64.9,62.4
R01094,P101094,Complete,100,2026-07-18T10:08:29+01:00,2026-07-18T10:18:05+01:00,576,Mobile,Other,Panel B,ba8afe3ed3e2,59f2a8d67f92,56,55-64,Man,London,Urban,Employed part-time,"£50,000-£74,999",No,Yes,6-9,Past week,MealDash,4,5,6,4,5,3,4,6,6,4,6,3,5,41.02,No,,,,No,"Lower delivery fees, especially on smaller orders.",56.8,63.3,107.6,159.0,50.9,71.9
R01095,P101095,Complete,100,2026-07-19T14:51:15+01:00,2026-07-19T15:01:14+01:00,599,Mobile,Safari,Panel B,c18820e5c679,09fd8881c33e,27,25-34,Man,East of England,Urban,Not currently employed,"£35,000-£49,999",Yes,Yes,1,Past week,FoodGo,6,5,7,5,6,6,5,6,5,6,5,3,5,24.45,No,,,,No,Show unavailable items before I start ordering.,26.3,107.8,76.5,86.1,98.8,129.6
R01096,P101096,Complete,100,2026-07-14T13:08:02+01:00,2026-07-14T13:17:28+01:00,566,Mobile,Chrome,Panel C,3c651edcf311,40946e274d18,18,18-24,Man,Wales,Rural,Student,"£50,000-£74,999",Yes,Yes,1,8-30 days ago,FoodGo,4,4,6,2,5,5,5,4,4,3,3,3,4,18.68,Yes,Late delivery,Yes,5,No,Reduce minimum order values.,63.6,81.1,93.9,108.7,87.0,95.2
R01097,P101097,Complete,100,2026-07-14T14:45:20+01:00,2026-07-14T14:47:07+01:00,107,Desktop,Chrome,Panel B,79e08f1796c5,d4ba5622bf16,34,25-34,Woman,East of England,Suburban,Employed full-time,"£75,000-£99,999",No,Yes,10+,Past week,QuickBite,3,3,2,3,3,3,4,3,4,2,2,3,3,37.9,Yes,Late delivery,Yes,3,No,Fewer missing items and clearer substitutions.,16.8,6.3,17.8,22.0,25.0,7.1
R01098,P101098,Complete,100,2026-07-18T12:44:15+01:00,2026-07-18T12:53:19+01:00,544,Mobile,Chrome,Panel B,d1e6e6f26596,2c461080aafb,44,35-44,Man,West Midlands,Urban,Not currently employed,"£75,000-£99,999",No,Yes,1,Past week,FoodGo,6,7,7,4,7,6,5,7,5,6,3,3,6,40.74,No,,,,No,More restaurant choice in my area.,24.2,68.3,80.7,173.2,58.0,69.8
R01099,P101099,Complete,100,2026-07-15T22:57:59+01:00,2026-07-15T23:04:33+01:00,394,Desktop,Chrome,Panel B,26f62da6fcec,411df3331cbe,58,55-64,Man,North West,Suburban,Employed full-time,"£75,000-£99,999",No,Yes,6-9,Past week,QuickBite,4,5,5,3,5,4,5,4,5,3,4,3,3,38.35,No,,,,Yes,Make service charges easier to understand before checkout.,57.2,72.9,94.7,43.2,63.9,29.0
R01100,P101100,Complete,100,2026-07-14T03:39:16+01:00,2026-07-14T03:47:51+01:00,515,Mobile,Chrome,Panel C,622223664e3c,672f5713eb52,50,45-54,Man,South West,Urban,Employed full-time,"£20,000-£34,999",Yes,Yes,1,8-30 days ago,MealDash,5,4,5,4,5,4,4,5,4,5,5,3,4,29.22,Yes,Late delivery,Yes,3,No,Faster refunds when something goes wrong.,58.6,35.9,117.9,116.6,90.1,32.1
R01101,P101101,Complete,100,2026-07-13T17:12:31+01:00,2026-07-13T17:20:24+01:00,473,Desktop,Safari,Panel A,bfe29e115661,52b0357a69f3,25,25-34,Man,Yorkshire and the Humber,Urban,Employed full-time,"Under £20,000",No,Yes,2-3,Past week,MealDash,3,4,2,3,4,1,2,2,3,3,3,3,2,19.16,Yes,Late delivery,Yes,3,Yes,Lower prices overall.,41.9,34.4,73.6,98.0,91.4,83.6
R01102,P101102,Complete,100,2026-07-19T03:56:56+01:00,2026-07-19T04:06:52+01:00,596,Mobile,Edge,Panel B,006322c7468c,30a20a5157c5,53,45-54,Woman,South West,Suburban,Employed full-time,"£75,000-£99,999",No,Yes,2-3,8-30 days ago,MealDash,4,4,5,4,4,2,5,4,3,4,4,3,3,19.87,No,,,,No,Nothing major; the service generally works well for me.,48.1,124.5,100.3,143.6,64.8,41.7
R01103,P101103,Complete,100,2026-07-12T18:10:46+01:00,2026-07-12T18:18:47+01:00,481,Desktop,Chrome,Panel A,ac9a99110ed2,1101db310f7c,38,35-44,Man,South East,Rural,Student,"£35,000-£49,999",Yes,Yes,6-9,Past week,FoodGo,3,4,4,2,3,3,3,4,3,1,4,3,2,27.48,Yes,Food arrived cold,No,,No,More restaurant choice in my area.,28.3,56.4,46.6,153.3,58.4,69.4
R01104,P101104,Complete,100,2026-07-08T18:56:15+01:00,2026-07-08T19:07:19+01:00,664,Mobile,Chrome,Panel B,28b1b1708edb,93a8aa6d7fa3,52,45-54,Woman,South East,Urban,Employed full-time,Prefer not to say,Yes,Yes,2-3,Past week,Restaurant direct,4,4,3,4,4,4,3,4,4,4,5,3,4,36.13,Yes,Late delivery,No,,No,Let customers edit an order for a short time after placing it.,61.2,50.1,178.7,131.2,102.5,47.1
R01105,P101105,Complete,100,2026-07-10T01:11:15+01:00,2026-07-10T01:18:40+01:00,445,Mobile,Chrome,Panel A,022dcccacf96,603232ffccea,57,55-64,Woman,South East,Urban,Student,Prefer not to say,No,Yes,1,More than 3 months ago,QuickBite,4,4,3,3,4,3,4,3,4,4,6,3,5,19.09,No,,,,Yes,Lower prices overall.,42.2,76.8,101.8,119.2,52.1,20.4
R01106,P101106,Complete,100,2026-07-12T10:44:01+01:00,2026-07-12T10:54:53+01:00,652,Mobile,Chrome,Panel C,a919afa9d196,4d81a76d1bb9,34,25-34,Man,East of England,Urban,Employed full-time,"£20,000-£34,999",No,Yes,10+,Past week,MealDash,3,5,3,3,4,4,4,3,3,5,3,3,2,39.84,Yes,Driver or handoff issue,Yes,2,No,Make service charges easier to understand before checkout.,70.9,81.0,118.6,113.2,105.3,61.5
R01107,P101107,Complete,100,2026-07-09T08:25:28+01:00,2026-07-09T08:36:15+01:00,647,Desktop,Chrome,Panel C,4f2d198c1e34,ed91f5200f6a,35,35-44,Man,North East,Suburban,Employed full-time,"£50,000-£74,999",No,Yes,10+,Today,MealDash,3,3,2,4,5,4,4,4,3,3,2,3,4,33.99,Yes,Food arrived cold,Yes,3,No,Faster refunds when something goes wrong.,51.3,71.1,41.9,172.0,83.8,109.8
R01108,P101108,Complete,100,2026-07-11T06:19:11+01:00,2026-07-11T06:27:15+01:00,484,Mobile,Edge,Panel A,0df180bb01ef,4e95f20ce6d3,44,35-44,Woman,East Midlands,Suburban,Employed part-time,"£20,000-£34,999",Yes,Yes,1,8-30 days ago,MealDash,4,4,7,5,5,4,4,3,4,3,1,3,2,36.92,Yes,Late delivery,Yes,4,No,Better tracking when the driver is close.,44.9,56.6,74.9,110.1,85.6,74.4
R01109,P101109,Complete,100,2026-07-09T14:46:16+01:00,2026-07-09T14:57:03+01:00,647,Mobile,Safari,Panel B,c46f0af1dab4,6947e4fb6c7d,24,18-24,Man,North East,Urban,Employed part-time,"£50,000-£74,999",No,Yes,4-5,Past week,QuickBite,2,2,1,3,2,4,3,2,2,2,2,3,2,43.4,Yes,Late delivery,Yes,4,No,Better tracking when the driver is close.,22.3,92.2,108.3,169.7,94.8,120.9
R01110,P101110,Complete,100,2026-07-10T19:49:13+01:00,2026-07-10T19:58:00+01:00,527,Mobile,Edge,Panel B,5197ecda282d,03741ceefa7b,39,35-44,Woman,North West,Urban,Employed part-time,"£75,000-£99,999",Yes,Yes,4-5,Today,MealDash,6,7,7,5,7,5,4,6,7,5,4,3,4,52.18,No,,,,No,Better tracking when the driver is close.,48.2,82.4,121.4,113.5,46.7,27.7
R01111,P101111,Complete,100,2026-07-19T04:34:21+01:00,2026-07-19T04:44:06+01:00,585,Mobile,Safari,Panel C,d70c3fbc3569,411708624ed9,46,45-54,Non-binary,London,Urban,Employed part-time,"£20,000-£34,999",No,Yes,1,8-30 days ago,FoodGo,6,6,9,6,5,5,4,5,4,6,6,2,6,26.42,No,,,,Yes,asdfgh,48.1,62.7,102.2,136.8,98.3,82.8
R01112,P101112,Complete,100,2026-07-15T17:54:56+01:00,2026-07-15T17:56:30+01:00,94,Desktop,Chrome,Panel C,3886cfdc8d3c,86836d400e52,42,35-44,Man,London,Suburban,Employed full-time,"£100,000+",No,Yes,2-3,8-30 days ago,FoodGo,6,7,10,5,6,7,5,7,6,6,5,3,5,26.57,No,,,,Yes,Make service charges easier to understand before checkout.,3,3,6.3,3.6,6.8,63.7
R01113,P101113,Complete,100,2026-07-12T00:32:15+01:00,2026-07-12T00:41:09+01:00,534,Mobile,Chrome,Panel B,1a680ae22ef4,311c955b5164,23,18-24,Woman,South West,Suburban,Self-employed,"£50,000-£74,999",Yes,Yes,4-5,Past week,FoodGo,4,4,8,4,3,5,3,5,4,3,4,3,4,50.0,No,,,,No,Make service charges easier to understand before checkout.,51.7,97.5,63.5,79.4,58.5,98.1
R01114,P101114,Complete,100,2026-07-14T00:03:34+01:00,2026-07-14T00:10:32+01:00,418,Desktop,Chrome,Panel A,81075b363f7c,998d83d5758b,49,45-54,Man,Scotland,Rural,Employed full-time,"Under £20,000",No,Yes,4-5,Past week,QuickBite,4,4,5,4,4,3,5,6,6,3,4,3,4,37.48,Yes,Late delivery,Yes,3,No,Fewer missing items and clearer substitutions.,27.1,28,70.7,55.1,79.3,80.0
R01115,P101115,Complete,100,2026-07-09T00:01:23+01:00,2026-07-09T00:09:16+01:00,473,Desktop,Chrome,Panel B,67c35c8cbe9c,5a4b760fc900,39,35-44,Prefer not to say,North West,Suburban,Not currently employed,"£50,000-£74,999",No,Yes,2-3,Past week,QuickBite,6,6,10,6,6,6,6,5,7,6,6,3,6,48.16,No,,,,Yes,"Better offers for existing customers, not just new users.",72.3,42.5,63.8,95.3,87.4,74.5
R01116,P101116,Complete,100,2026-07-08T17:29:45+01:00,2026-07-08T17:39:46+01:00,601,Mobile,Edge,Panel C,635dc413d601,8d9efcff5c48,64,55-64,Woman,Scotland,Urban,Employed full-time,"Under £20,000",No,Yes,1,8-30 days ago,FoodGo,5,5,5,5,5,5,7,5,4,4,6,3,3,27.54,No,,,,No,Fewer missing items and clearer substitutions.,51.4,54.0,109.7,150.7,132.2,54.8
R01117,P101117,Complete,100,2026-07-17T19:51:36+01:00,2026-07-17T20:00:52+01:00,556,Mobile,Chrome,Panel B,83cc8563f107,adb81a46fdd2,61,55-64,Woman,South West,Suburban,Employed full-time,"£75,000-£99,999",No,Yes,6-9,Past week,QuickBite,5,4,6,4,5,4,4,4,6,4,4,3,5,28.16,No,,,,Yes,Reduce minimum order values.,46.6,115.4,117.2,88.0,63.5,67.1
R01118,P101118,Complete,100,2026-07-09T13:32:19+01:00,2026-07-09T13:41:06+01:00,527,Desktop,Chrome,Panel A,b35d0b4645a2,35dd3c04d9d7,22,18-24,Woman,North East,Suburban,Not currently employed,"£100,000+",Yes,Yes,6-9,Past week,QuickBite,4,4,4,3,5,5,5,4,5,4,3,2,4,31.76,No,,,,Yes,"Better offers for existing customers, not just new users.",39.1,57.8,90.2,69.7,68.3,104.5
R01119,P101119,Complete,100,2026-07-19T02:38:15+01:00,2026-07-19T02:39:44+01:00,89,Tablet,Chrome,Panel A,5a7abbc03e2f,732e6a4b9751,40,35-44,Man,North West,Suburban,Employed part-time,"£100,000+",No,Yes,0,31-90 days ago,FoodGo,4,4,6,4,4,4,3,3,4,5,4,3,4,18.05,Yes,Missing or incorrect items,Yes,5,Yes,Lower prices overall.,3.3,3,10.1,32.6,8.1,21.2
R01120,P101120,Complete,100,2026-07-20T20:22:14+01:00,2026-07-20T20:29:26+01:00,432,Mobile,Chrome,Panel A,76f917a0bdfb,91e34d26b1b8,57,55-64,Woman,South East,Suburban,Self-employed,"£35,000-£49,999",Yes,Yes,6-9,Past week,QuickBite,5,4,7,6,6,4,4,5,2,6,5,3,4,12.71,Yes,Driver or handoff issue,Yes,4,No,Fewer missing items and clearer substitutions.,48.7,30.2,102.1,90.8,58.8,47.2
R01121,P101121,Complete,100,2026-07-18T11:09:08+01:00,2026-07-18T11:18:01+01:00,533,Desktop,Safari,Panel B,f404108df227,63a95d4d4024,20,18-24,Woman,South East,Urban,Employed full-time,"£50,000-£74,999",No,Yes,6-9,Past week,MealDash,4,4,5,4,4,4,4,3,4,2,2,3,5,41.88,No,,,,Yes,Improve the accuracy of map tracking.,42.1,63.1,86.8,138.8,84.7,66.9
R01122,P101122,Complete,100,2026-07-13T10:09:08+01:00,2026-07-13T10:18:35+01:00,567,Mobile,Chrome,Panel B,26a2ab4af338,f2d9f28c0527,63,55-64,Man,South West,Suburban,Employed full-time,"£50,000-£74,999",No,Yes,1,Past week,FoodGo,6,6,9,6,5,6,6,6,5,7,5,3,6,19.09,No,,,,No,More restaurant choice in my area.,72.7,53.1,120.2,125.5,66.2,53.7
R01123,P101123,Complete,100,2026-07-09T03:37:56+01:00,2026-07-09T03:47:04+01:00,548,Desktop,Safari,Panel A,644924b3c644,8e3380bc035d,33,25-34,Man,Yorkshire and the Humber,Urban,Employed part-time,"Under £20,000",No,Yes,0,31-90 days ago,FoodGo,6,5,9,6,7,7,5,7,6,5,5,3,5,32.19,No,,,,No,"Lower delivery fees, especially on smaller orders.",50.7,37.8,87.9,157.6,90.7,64.7
R01124,P101124,Complete,100,2026-07-16T21:14:42+01:00,2026-07-16T21:22:06+01:00,444,Mobile,Safari,Panel C,81f499ea8006,e8d5475cac31,74,65-74,Man,North West,Urban,Employed part-time,"£20,000-£34,999",No,Yes,6-9,Past week,FoodGo,5,5,7,5,5,5,5,5,5,5,5,3,5,30.92,No,,,,No,Improve the accuracy of map tracking.,29.5,40.7,45.6,101.0,87.5,47.2
R01125,P101125,Complete,100,2026-07-18T04:42:02+01:00,2026-07-18T04:52:04+01:00,602,Mobile,Safari,Panel B,176fff177a8c,96dee60f074c,48,45-54,Man,North West,Urban,Employed part-time,"£35,000-£49,999",No,Yes,6-9,Past week,MealDash,4,5,4,4,3,3,4,5,5,5,5,3,6,18.63,Yes,Missing or incorrect items,Yes,6,Yes,Make service charges easier to understand before checkout.,36.5,89.8,138.5,113.1,62.7,79.2
R01126,P101126,Complete,100,2026-07-15T02:13:35+01:00,2026-07-15T02:22:18+01:00,523,Desktop,Firefox,Panel A,dd4d56eff11a,f3c574370ffb,27,25-34,Woman,Scotland,Urban,Not currently employed,"£50,000-£74,999",Yes,Yes,1,Past week,Restaurant direct,5,5,6,4,5,3,5,7,6,4,5,3,6,24.87,No,,,,Yes,Show unavailable items before I start ordering.,32.4,68.3,100.0,61.8,91.8,95.6
R01127,P101127,Complete,100,2026-07-08T22:36:07+01:00,2026-07-08T22:45:02+01:00,535,Mobile,Chrome,Panel A,1b543a571e82,b8d1c8e22740,37,35-44,Man,Scotland,Urban,Employed part-time,"Under £20,000",Yes,Yes,2-3,Past week,MealDash,6,5,7,4,6,4,4,6,4,5,5,3,5,34.4,No,,,,No,More consistent delivery times at weekends.,39.8,100.7,42.9,97.6,93.8,92.0
R01128,P101128,Complete,100,2026-07-14T07:58:02+01:00,2026-07-14T08:07:10+01:00,548,Mobile,Chrome,Panel A,3c651edcf311,40946e274d18,18,18-24,Man,Wales,Rural,Student,"£50,000-£74,999",Yes,Yes,1,8-30 days ago,FoodGo,4,4,6,2,5,5,5,4,4,3,3,3,4,18.68,Yes,Late delivery,Yes,5,No,Reduce minimum order values.,23.1,90.1,131.1,118.3,74.7,55.1
R01129,P101129,Complete,100,2026-07-10T11:59:15+01:00,2026-07-10T12:10:00+01:00,645,Mobile,Chrome,Panel A,a8c5c4bc4688,cb68c46ddda1,30,25-34,Woman,East of England,Urban,Employed full-time,"£20,000-£34,999",No,Yes,2-3,8-30 days ago,MealDash,6,6,6,5,6,7,4,5,7,6,5,3,5,18.27,No,,,,No,Give drivers clearer instructions for flats and apartment buildings.,45.3,55.0,102.1,155.0,75.4,139.6
R01130,P101130,Complete,100,2026-07-19T20:38:17+01:00,2026-07-19T20:48:01+01:00,584,Mobile,Safari,Panel A,bc8f43ca1a78,2731575f7f94,54,45-54,Man,London,Suburban,Retired,"Under £20,000",No,Yes,6-9,Past week,Restaurant direct,5,6,5,5,6,6,5,4,6,4,5,3,5,21.84,No,,,,No,idk,46.9,97.8,120.2,160.5,58.4,66.7
R01131,P101131,Complete,100,2026-07-17T08:05:09+01:00,2026-07-17T08:12:17+01:00,428,Desktop,Safari,Panel B,beb14088a23e,9e2b106f601d,25,25-34,Man,Yorkshire and the Humber,Rural,Employed full-time,"£20,000-£34,999",No,Yes,10+,Past week,QuickBite,6,5,9,5,7,6,5,6,6,6,6,3,5,14.93,No,,,,No,More environmentally friendly packaging options.,38.5,66.3,77.8,69.9,67.5,18
R01132,P101132,Complete,100,2026-07-06T21:29:09+01:00,2026-07-06T21:37:17+01:00,488,Mobile,Chrome,Panel C,3638ab4ae953,0dfee50ac1da,57,55-64,Woman,North West,Suburban,Not currently employed,"£35,000-£49,999",Yes,Yes,4-5,Past week,QuickBite,4,5,5,4,4,6,3,5,3,4,5,3,3,23.11,Yes,Missing or incorrect items,Yes,7,No,More accurate delivery time estimates.,65.6,52.4,99.8,107.2,63.3,74.9
R01133,P101133,Complete,100,2026-07-09T11:03:34+01:00,2026-07-09T11:14:26+01:00,652,Mobile,Edge,Panel C,7a2700049076,e29a5ccf8fe3,43,35-44,Woman,South East,Urban,Student,"£75,000-£99,999",No,Yes,2-3,Past week,QuickBite,6,6,10,7,6,6,6,5,6,5,6,3,7,12.8,No,,,,No,More responsive customer support.,37.9,73.4,131.9,175.1,93.3,63.6
R01134,P101134,Complete,100,2026-07-15T09:13:19+01:00,2026-07-15T09:24:09+01:00,650,Mobile,Safari,Panel C,42d1f5f4e220,d494e88f28c9,72,65-74,Man,Scotland,Urban,Employed full-time,"£20,000-£34,999",No,Yes,2-3,8-30 days ago,MealDash,4,3,8,4,5,4,3,4,5,3,3,3,4,53.12,No,Late delivery,Yes,5,No,Give drivers clearer instructions for flats and apartment buildings.,44.9,74.8,105.8,138.9,116.1,62.9
R01135,P101135,Complete,100,2026-07-14T14:45:19+01:00,2026-07-14T14:56:19+01:00,660,Mobile,Safari,Panel A,dff633c606f2,427d10a618ed,59,55-64,Man,East Midlands,Urban,Employed full-time,Prefer not to say,No,Yes,6-9,Past week,FoodGo,6,6,7,7,6,6,5,6,7,4,6,3,4,20.84,No,,,,No,More environmentally friendly packaging options.,50.3,87.7,196.1,106.7,73.8,88.6
R01136,P101136,Complete,100,2026-07-19T06:36:20+01:00,2026-07-19T06:45:30+01:00,550,Mobile,Chrome,Panel B,fbdc1d0c8c58,3cff8a6ff0c5,53,45-54,Man,Scotland,Suburban,Employed part-time,"Under £20,000",Yes,Yes,4-5,Past week,QuickBite,3,4,3,3,3,2,3,4,3,3,2,3,3,34.82,No,,,,No,"Better offers for existing customers, not just new users.",47.2,70.7,139.2,106.1,67.7,69.9
R01137,P101137,Complete,100,2026-07-12T18:11:40+01:00,2026-07-12T18:20:16+01:00,516,Desktop,Other,Panel B,747699609b92,15eb1d9ea8e3,42,35-44,Man,South East,Urban,Employed part-time,"£20,000-£34,999",No,Yes,1,8-30 days ago,QuickBite,5,5,7,5,5,4,6,6,4,4,3,3,6,26.5,Yes,Food arrived cold,No,,Yes,Let customers edit an order for a short time after placing it.,71.8,72.9,116.7,104.5,73.0,18
R01138,P101138,Complete,100,2026-07-16T02:50:58+01:00,2026-07-16T02:58:58+01:00,480,Desktop,Safari,Panel C,092913152f05,e74e7c50e701,35,35-44,Woman,South East,Suburban,Retired,"£50,000-£74,999",No,Yes,4-5,Past week,FoodGo,6,6,8,6,6,5,5,6,7,6,6,3,5,17.26,No,Late delivery,Yes,6,Yes,More accurate delivery time estimates.,37.6,77.2,94.5,141.1,47.1,33.2
R01139,P101139,Complete,100,2026-07-07T22:33:31+01:00,2026-07-07T22:44:10+01:00,639,Mobile,Chrome,Panel A,56c961443946,537db77e2c46,22,18-24,Woman,Northern Ireland,Urban,Employed full-time,"£50,000-£74,999",No,Yes,2-3,8-30 days ago,MealDash,5,5,4,5,5,5,4,5,4,4,3,3,4,38.42,No,,,,Yes,Improve food temperature on longer deliveries.,57.5,142.5,90.9,90.3,41.6,103.0
R01140,P101140,Complete,100,2026-07-08T12:18:05+01:00,2026-07-08T12:27:36+01:00,571,Mobile,Safari,Panel A,04ca6b93b7bb,47e199df8e97,54,45-54,Man,North West,Urban,Retired,"£35,000-£49,999",No,Yes,2-3,Past week,QuickBite,4,4,3,4,5,3,2,4,5,5,3,2,3,24.96,Yes,Late delivery,No,,No,Better loyalty rewards.,39.7,111.7,123.4,82.1,87.7,39.9
R01141,P101141,Complete,100,2026-07-15T17:12:22+01:00,2026-07-15T17:20:48+01:00,506,Desktop,Chrome,Panel B,3e9bab63fe01,037b14298ddd,26,25-34,Man,South West,Suburban,Student,"£20,000-£34,999",No,Yes,1,8-30 days ago,FoodGo,4,4,4,4,4,4,4,4,4,4,3,3,4,32.76,Yes,Driver or handoff issue,No,,No,Let customers edit an order for a short time after placing it.,22.5,46.8,106.7,152.0,69.2,25.9
R01142,P101142,Complete,100,2026-07-11T23:15:31+01:00,2026-07-11T23:24:23+01:00,532,Mobile,Edge,Panel A,d86ea737a18e,a210d44f0ac8,34,25-34,Woman,North West,Urban,Not currently employed,"£50,000-£74,999",No,Yes,4-5,Past week,FoodGo,5,6,8,6,5,5,3,5,5,4,4,3,7,26.3,No,,,,No,Improve the accuracy of map tracking.,24.8,85.5,127.7,105.6,107.4,24.2
R01143,P101143,Complete,100,2026-07-13T13:15:31+01:00,2026-07-13T13:24:08+01:00,517,Desktop,Chrome,Panel C,f9512159533a,b0889660ac20,24,18-24,Man,North East,Urban,Employed part-time,"£50,000-£74,999",No,Yes,4-5,Today,Other,5,4,6,4,7,5,6,5,7,5,5,3,5,27.75,Yes,Missing or incorrect items,Yes,4,No,Reduce minimum order values.,30.2,150.8,88.9,74.6,88.6,21.1
R01144,P101144,Complete,100,2026-07-08T18:16:52+01:00,2026-07-08T18:25:36+01:00,524,Desktop,Chrome,Panel C,c600c461b272,3dceff0b3f31,44,35-44,Woman,South East,Urban,Self-employed,"£35,000-£49,999",Yes,Yes,6-9,Today,QuickBite,6,6,8,7,7,7,4,6,6,7,6,3,7,44.18,No,,,,No,Improve the accuracy of map tracking.,35.9,69.8,107.0,87.7,60.0,61.6
R01145,P101145,Complete,100,2026-07-08T15:15:48+01:00,2026-07-08T15:24:56+01:00,548,Mobile,Safari,Panel B,fa49f01151f9,1787b8a711da,18,18-24,Woman,West Midlands,Suburban,Employed full-time,"£35,000-£49,999",No,Yes,0,31-90 days ago,QuickBite,3,4,2,3,4,3,3,6,4,4,3,3,2,19.13,Yes,Order cancelled,Yes,1,No,Let customers edit an order for a short time after placing it.,34.1,48.1,77.6,139.6,108.4,89.2
R01146,P101146,Complete,100,2026-07-17T18:56:38+01:00,2026-07-17T19:04:07+01:00,449,Tablet,Chrome,Panel C,ac4b6da9d51f,25656f2d19eb,74,65-74,Man,London,Urban,Not currently employed,"£100,000+",No,Yes,6-9,Today,FoodGo,6,7,10,7,7,6,3,7,6,5,5,3,6,44.96,No,,,,No,Better tracking when the driver is close.,41.9,71.7,82.3,72.8,73.7,44.1
R01147,P101147,Complete,100,2026-07-19T14:05:28+01:00,2026-07-19T14:13:44+01:00,496,Desktop,Chrome,Panel C,84067fe01829,095b1e821833,18,18-24,Woman,South East,Urban,Not currently employed,"£20,000-£34,999",No,Yes,2-3,Past week,FoodGo,6,6,9,7,7,6,5,5,7,5,5,3,7,73.92,No,,,,Yes,More responsive customer support.,40.6,40.8,120.6,99.4,66.9,83.2
R01148,P101148,Complete,100,2026-07-10T11:25:32+01:00,2026-07-10T11:32:38+01:00,426,Desktop,Edge,Panel B,b83f916a485f,e7a95df87564,25,25-34,Woman,East Midlands,Urban,Self-employed,"Under £20,000",No,Yes,10+,Today,QuickBite,5,6,7,5,4,5,4,6,6,5,6,3,6,52.62,No,,,,Yes,Give drivers clearer instructions for flats and apartment buildings.,37.7,35.4,67.6,74.8,78.9,47.1
R01149,P101149,Complete,100,2026-07-18T15:08:26+01:00,2026-07-18T15:15:59+01:00,453,Desktop,Firefox,Panel C,b69df21b81f3,450029de004f,18,18-24,Man,East Midlands,Suburban,Employed part-time,"£75,000-£99,999",Yes,Yes,1,8-30 days ago,MealDash,5,6,7,5,6,5,6,5,5,6,5,3,3,24.8,No,,,,No,Better tracking when the driver is close.,39.4,44.7,87.8,125.5,102.9,25.9
R01150,P101150,Complete,100,2026-07-13T09:22:47+01:00,2026-07-13T09:32:57+01:00,610,Mobile,Safari,Panel A,bd486f74c996,335629efd56b,39,35-44,Man,South East,Suburban,Employed full-time,"£35,000-£49,999",No,Yes,4-5,Past week,Restaurant direct,5,5,6,5,5,5,4,6,5,6,5,3,4,22.28,No,,,,No,Better tracking when the driver is close.,40.2,71.8,70.0,140.5,100.7,92.6
R01151,P101151,Complete,100,2026-07-11T20:31:53+01:00,2026-07-11T20:40:44+01:00,531,Desktop,Safari,Panel B,f93378a0b225,b34118a7d8ad,29,25-34,Man,North West,Urban,Employed part-time,"£35,000-£49,999",Yes,Yes,1,8-30 days ago,Other,6,7,8,6,6,6,6,6,6,5,5,3,6,19.24,No,,,,Yes,Fewer missing items and clearer substitutions.,45.6,90.3,44.9,110.8,86.7,67.1
R01152,P101152,Complete,100,2026-07-12T19:34:29+01:00,2026-07-12T19:43:04+01:00,515,Mobile,Edge,Panel A,c6e97f8165dd,fa7e7c9fd228,34,25-34,Woman,Scotland,Rural,Retired,"£35,000-£49,999",No,Yes,0,Past week,QuickBite,5,6,6,5,5,6,5,5,3,4,6,3,5,13.47,Yes,Missing or incorrect items,No,,No,More responsive customer support.,19.9,57.9,86.2,88.5,102.0,98.3
R01153,P101153,Complete,100,2026-07-18T01:15:04+01:00,2026-07-18T01:24:46+01:00,582,Mobile,Chrome,Panel C,ba49ec13734b,f4f979d7787c,24,18-24,Man,South West,Suburban,Retired,"£75,000-£99,999",No,Yes,1,Past week,MealDash,6,6,9,5,7,6,6,7,5,5,5,3,5,34.04,No,,,,No,More accurate delivery time estimates.,41.8,99.2,101.7,109.9,36.1,133.0
R01154,P101154,Complete,100,2026-07-08T11:31:29+01:00,2026-07-08T11:43:29+01:00,720,Mobile,Safari,Panel C,207966a8bd4e,14dab189dd93,23,18-24,Man,East Midlands,Urban,Employed full-time,"Under £20,000",Yes,Yes,6-9,Today,FoodGo,6,6,8,6,5,5,6,7,6,6,6,3,7,40.2,No,,,,No,"Lower delivery fees, especially on smaller orders.",35.1,125.3,109.4,160.2,123.9,79.4
R01155,P101155,Complete,100,2026-07-12T15:34:00+01:00,2026-07-12T15:43:38+01:00,578,Desktop,Edge,Panel A,a800fbb514f9,0030485340d1,20,18-24,Man,East Midlands,Urban,Employed full-time,"Under £20,000",No,Yes,4-5,Past week,QuickBite,6,7,6,6,7,5,5,5,6,6,5,3,6,29.3,No,,,,No,More restaurant choice in my area.,46.7,72.8,126.7,115.5,100.7,73.0
R01156,P101156,Complete,100,2026-07-18T09:42:07+01:00,2026-07-18T09:53:00+01:00,653,Mobile,Edge,Panel B,5f3fe0e2d045,beefc5f448d2,31,25-34,Man,Northern Ireland,Suburban,Retired,"£75,000-£99,999",No,Yes,6-9,Past week,Restaurant direct,3,3,5,2,4,5,2,3,4,3,3,3,1,36.33,Yes,Missing or incorrect items,Yes,5,No,Improve food temperature on longer deliveries.,75.7,102.8,81.7,157.2,99.9,51.2
R01157,P101157,Complete,100,2026-07-14T13:15:09+01:00,2026-07-14T13:23:30+01:00,501,Mobile,Edge,Panel A,7a6a5ec476ba,fb20b1331660,39,35-44,Woman,Yorkshire and the Humber,Urban,Employed full-time,"£50,000-£74,999",Yes,Yes,4-5,Today,QuickBite,4,3,5,4,5,4,4,4,5,4,5,3,4,23.56,Yes,Food arrived cold,Yes,4,Yes,Lower prices overall.,35.6,74.1,120.5,98.8,60.7,86.8
R01158,P101158,Complete,100,2026-07-20T20:04:55+01:00,2026-07-20T20:13:37+01:00,522,Mobile,Safari,Panel A,558a71490dde,62986352a647,54,45-54,Man,London,Urban,Employed full-time,"£100,000+",No,Yes,4-5,Today,FoodGo,3,3,2,3,3,4,2,3,3,2,4,4,3,18.63,Yes,Payment or refund issue,No,,No,Better loyalty rewards.,64.0,68.2,107.6,91.4,80.2,19.4
R01159,P101159,Complete,100,2026-07-06T20:20:29+01:00,2026-07-06T20:30:54+01:00,625,Mobile,Firefox,Panel C,56b06d21c0e0,90d3c071aac7,20,18-24,Woman,London,Suburban,Not currently employed,"£20,000-£34,999",Yes,Yes,0,8-30 days ago,FoodGo,6,6,5,6,6,6,6,5,6,5,4,3,4,42.67,No,,,,No,More responsive customer support.,44.4,80.9,113.9,134.3,108.3,105.1
R01160,P101160,Complete,100,2026-07-08T04:52:56+01:00,2026-07-08T04:59:49+01:00,413,Mobile,Other,Panel B,be4d8e50ff43,52af92f4b4e6,52,45-54,Non-binary,Yorkshire and the Humber,Suburban,Employed part-time,"£20,000-£34,999",No,Yes,4-5,Past week,QuickBite,3,2,4,3,3,2,2,3,3,2,4,3,3,20.47,Yes,Driver or handoff issue,Yes,7,No,Better loyalty rewards.,45.7,30.2,55.7,154.5,54.8,19.4
R01161,P101161,Complete,100,2026-07-19T10:41:38+01:00,2026-07-19T10:50:23+01:00,525,Mobile,Chrome,Panel C,4209274db720,8ae4cf33fb3c,57,55-64,Man,South East,Urban,Employed full-time,"Under £20,000",No,Yes,6-9,Past week,MealDash,5,5,4,3,4,4,5,5,4,4,3,3,4,30.56,No,,,,No,Improve the accuracy of map tracking.,50.6,73.1,53.9,88.3,107.8,58.2
R01162,P101162,Complete,100,2026-07-13T02:59:27+01:00,2026-07-13T03:10:11+01:00,644,Mobile,Chrome,Panel A,697a7825b7cd,f45b158f616b,73,65-74,Woman,East Midlands,Suburban,Employed full-time,"£35,000-£49,999",No,Yes,0,31-90 days ago,FoodGo,5,4,8,7,5,7,3,5,4,4,6,3,5,25.72,No,,,,No,Better loyalty rewards.,63.8,86.7,102.1,117.4,106.7,78.1
R01163,P101163,Complete,100,2026-07-18T18:27:04+01:00,2026-07-18T18:37:53+01:00,649,Mobile,Edge,Panel B,9ddbac1ca45d,324bcba74c2e,43,35-44,Woman,North West,Suburban,Employed full-time,Prefer not to say,Yes,Yes,1,8-30 days ago,MealDash,7,7,10,7,7,6,5,7,7,7,6,3,7,50.77,No,,,,No,Reduce minimum order values.,72.3,91.0,129.3,72.1,76.0,124.1
R01164,P101164,Complete,100,2026-07-09T08:24:21+01:00,2026-07-09T08:32:52+01:00,511,Mobile,Edge,Panel A,39496803d8a7,eb0fe161aacc,21,18-24,Woman,Wales,Urban,Employed full-time,"£50,000-£74,999",Yes,Yes,2-3,8-30 days ago,MealDash,5,7,6,5,4,5,6,7,6,4,6,3,5,31.33,No,,,,No,Better loyalty rewards.,58.4,80.5,99.2,124.3,45.6,47.8
R01165,P101165,Complete,100,2026-07-11T19:25:54+01:00,2026-07-11T19:34:13+01:00,499,Mobile,Edge,Panel B,a81b8329cfec,c9a28201a147,40,35-44,Woman,Yorkshire and the Humber,Urban,Student,"£75,000-£99,999",No,Yes,1,8-30 days ago,FoodGo,5,6,8,6,4,7,5,5,6,6,5,3,6,25.1,No,,,,Yes,Reduce minimum order values.,41.8,30.2,122.6,68.2,103.5,73.4
R01166,P101166,Complete,100,2026-07-10T09:43:49+01:00,2026-07-10T09:53:02+01:00,553,Mobile,Chrome,Panel B,9660e2aa0c8a,4815a11cd660,68,65-74,Woman,East Midlands,Rural,Employed full-time,"£35,000-£49,999",No,Yes,10+,Past week,MealDash,5,5,8,4,5,6,4,6,6,5,5,3,4,30.96,No,,,,No,Lower prices overall.,56.1,58.3,95.9,120.1,110.5,53.7
R01167,P101167,Complete,100,2026-07-17T04:03:25+01:00,2026-07-17T04:13:27+01:00,602,Mobile,Chrome,Panel B,fe39aeef98f5,bd48fb946300,29,25-34,Man,Wales,Suburban,Employed full-time,"£20,000-£34,999",No,Yes,1,Past week,FoodGo,4,5,5,3,6,3,4,5,5,3,5,3,4,18.75,No,,,,Yes,More restaurant choice in my area.,25.8,60.1,142.9,177.5,57.9,58.6
R01168,P101168,Complete,100,2026-07-11T20:48:52+01:00,2026-07-11T20:57:51+01:00,539,Desktop,Chrome,Panel B,4fc0e3b5b865,ff52f6295d8a,36,35-44,Woman,North East,Rural,Self-employed,"£35,000-£49,999",No,Yes,10+,Past week,MealDash,4,5,5,4,3,4,6,4,4,3,4,3,3,64.62,Yes,Late delivery,No,,No,More environmentally friendly packaging options.,35.4,60.5,148.2,76.1,75.0,44.5
R01169,P101169,Complete,100,2026-07-14T02:05:57+01:00,2026-07-14T02:14:47+01:00,530,Tablet,Safari,Panel A,a0adfcd36497,e23989040cda,29,25-34,Woman,London,Urban,Employed full-time,"£20,000-£34,999",Yes,Yes,2-3,Past week,Restaurant direct,4,5,5,4,7,5,4,5,5,6,4,3,3,27.67,Yes,Missing or incorrect items,Yes,3,No,More consistent delivery times at weekends.,42.8,78.0,89.7,160.1,31.1,67.4
R01170,P101170,Complete,100,2026-07-10T15:08:22+01:00,2026-07-10T15:17:52+01:00,570,Mobile,Chrome,Panel A,2b074a61eecc,6fa96a570d5a,47,45-54,Woman,Yorkshire and the Humber,Suburban,Employed full-time,"£75,000-£99,999",No,Yes,1,8-30 days ago,FoodGo,5,5,8,6,6,5,5,4,6,4,6,3,4,15.65,No,,,,Yes,Fewer missing items and clearer substitutions.,52.0,30.6,92.6,148.2,85.4,91.6
R01171,P101171,Complete,100,2026-07-10T19:32:42+01:00,2026-07-10T19:42:27+01:00,585,Mobile,Chrome,Panel A,25b857059382,d3bddc3ad355,34,25-34,Woman,South West,Urban,Employed full-time,"£50,000-£74,999",No,Yes,4-5,Past week,FoodGo,6,7,7,7,7,6,6,7,6,4,6,3,5,30.52,No,,,,No,Lower prices overall.,34.8,96.2,132.9,141.1,77.3,34.7
R01172,P101172,Complete,100,2026-07-07T23:27:45+01:00,2026-07-07T23:35:52+01:00,487,Mobile,Chrome,Panel C,839428c47fc1,9dccc17370a9,18,18-24,Man,East of England,Urban,Employed full-time,"£75,000-£99,999",No,Yes,0,31-90 days ago,QuickBite,5,4,8,5,6,5,5,5,7,5,4,3,6,22.84,No,,,,Yes,"Better offers for existing customers, not just new users.",44.8,65.1,101.7,67.8,78.5,86.8
R01173,P101173,Complete,100,2026-07-08T20:34:14+01:00,2026-07-08T20:43:33+01:00,559,Mobile,Chrome,Panel B,e20743f7830e,1c43f0f9264c,41,35-44,Man,London,Suburban,Not currently employed,"£50,000-£74,999",Yes,Yes,6-9,Today,QuickBite,5,4,7,5,6,6,5,6,3,5,4,3,3,16.82,No,,,,Yes,"Lower delivery fees, especially on smaller orders.",59.1,105.6,124.1,124.3,44.9,23.4
R01174,P101174,Complete,100,2026-07-20T15:34:56+01:00,2026-07-20T15:45:52+01:00,656,Mobile,Firefox,Panel C,061177637787,58dfcda5f75b,20,18-24,Woman,South West,Suburban,Student,"£35,000-£49,999",No,Yes,0,31-90 days ago,MealDash,4,5,6,4,5,2,4,7,3,4,4,3,5,13.78,No,,,,No,Better tracking when the driver is close.,58.4,75.5,147.1,123.3,74.4,108.2
R01175,P101175,Complete,100,2026-07-09T17:34:11+01:00,2026-07-09T17:40:26+01:00,375,Desktop,Safari,Panel B,1ef05275e482,20a8ca0419fe,42,35-44,Woman,London,Urban,Retired,"£35,000-£49,999",No,Yes,10+,Today,MealDash,4,5,5,4,4,2,4,4,3,6,6,3,4,44.66,No,,,,No,Faster refunds when something goes wrong.,24.4,54.3,93.4,35,65.4,18
R01176,P101176,Complete,100,2026-07-07T03:23:44+01:00,2026-07-07T03:32:31+01:00,527,Desktop,Safari,Panel B,0b98d617625d,95ebf4d5ac56,20,18-24,Woman,London,Suburban,Employed part-time,"£50,000-£74,999",No,Yes,1,8-30 days ago,FoodGo,3,4,5,2,4,3,4,5,3,2,1,3,4,19.52,Yes,Missing or incorrect items,Yes,3,Yes,Better loyalty rewards.,44.0,74.3,95.3,99.1,69.8,89.6
R01177,P101177,Complete,100,2026-07-12T18:53:49+01:00,2026-07-12T19:01:46+01:00,477,Desktop,Edge,Panel A,aa776fa62c37,198d3e869b14,49,45-54,Woman,South West,Urban,Employed full-time,"£100,000+",Yes,Yes,0,31-90 days ago,MealDash,5,5,8,5,5,6,5,5,7,2,4,3,6,40.92,No,,,,No,"Better offers for existing customers, not just new users.",52.9,57.6,93.9,97.1,56.9,53.4
R01178,P101178,Complete,100,2026-07-15T17:31:18+01:00,2026-07-15T17:40:44+01:00,566,Mobile,Chrome,Panel A,2cf4a8c37a82,a3a2be588b26,50,45-54,Man,London,Urban,Employed full-time,"£20,000-£34,999",No,Yes,4-5,Past week,QuickBite,5,6,7,4,5,4,5,6,5,5,4,3,5,21.44,No,,,,No,More accurate delivery time estimates.,32.7,72.3,120.2,88.2,116.7,63.6
R01179,P101179,Complete,100,2026-07-08T03:12:43+01:00,2026-07-08T03:20:10+01:00,447,Mobile,Chrome,Panel C,889eb0881af0,b293d46b0aa7,23,18-24,Woman,South East,Rural,Not currently employed,"£100,000+",Yes,Yes,2-3,Past week,QuickBite,4,4,6,5,2,3,4,4,2,4,5,3,4,20.0,No,,,,No,12345,34.2,36.6,93.7,130.7,59.4,45.6
R01180,P101180,Complete,100,2026-07-07T20:50:15+01:00,2026-07-07T20:59:03+01:00,528,Desktop,Chrome,Panel A,27060cdfc2b0,e71f3fff3b19,22,18-24,Man,South West,Urban,Employed full-time,"£20,000-£34,999",No,Yes,1,Past week,FoodGo,6,7,6,6,6,6,6,7,7,7,4,3,6,18.68,No,,,,Yes,Reduce minimum order values.,65.0,104.2,80.7,120.9,45.4,62.4
R01181,P101181,Complete,100,2026-07-13T12:03:08+01:00,2026-07-13T12:10:02+01:00,414,Mobile,Safari,Panel B,260888290009,638bac66bfc1,23,18-24,Woman,South West,Suburban,Employed full-time,"£20,000-£34,999",Yes,Yes,6-9,Past week,QuickBite,6,7,7,7,5,7,5,5,6,7,5,3,7,62.15,No,,,,No,More restaurant choice in my area.,37.0,54.0,105.7,69.1,56.6,19.4
R01182,P101182,Complete,100,2026-07-09T00:07:08+01:00,2026-07-09T00:14:50+01:00,462,Mobile,Chrome,Panel B,0f23e0d5b336,ba7bad1a4945,32,25-34,Man,East Midlands,Urban,Employed full-time,"£75,000-£99,999",No,Yes,4-5,Past week,FoodGo,6,6,8,5,6,5,6,6,6,6,7,3,4,16.68,No,,,,No,Nothing major; the service generally works well for me.,48.7,57.3,63.2,122.2,92.4,26.3
R01183,P101183,Complete,100,2026-07-19T17:48:42+01:00,2026-07-19T17:57:31+01:00,529,Mobile,Chrome,Panel B,2e00aaecd927,a18ffcaa2e95,48,45-54,Woman,West Midlands,Suburban,Employed full-time,"£20,000-£34,999",No,Yes,6-9,Past week,QuickBite,5,6,4,5,5,5,5,5,5,5,5,3,6,78.21,No,,,,Yes,More responsive customer support.,43.9,46.7,112.3,121.1,62.4,77.2
R01184,P101184,Complete,100,2026-07-11T21:44:52+01:00,2026-07-11T21:54:11+01:00,559,Desktop,Safari,Panel A,b31471de4467,1e4057f232d3,36,35-44,Woman,North West,Urban,Employed full-time,"£35,000-£49,999",No,Yes,2-3,Past week,QuickBite,5,5,8,4,4,4,5,6,5,5,5,3,4,52.26,Yes,Late delivery,Yes,5,No,More restaurant choice in my area.,59.4,83.8,53.8,158.0,98.9,18
R01185,P101185,Complete,100,2026-07-20T07:01:07+01:00,2026-07-20T07:11:25+01:00,618,Mobile,Chrome,Panel B,4695c71e5a8f,c376bca7bdb4,54,45-54,Woman,South West,Rural,Employed part-time,"£100,000+",Yes,Yes,0,31-90 days ago,Restaurant direct,4,6,4,4,4,6,4,4,5,3,3,3,4,43.67,No,,,,Yes,Fewer missing items and clearer substitutions.,45.9,67.8,159.3,152.6,80.3,59.2
R01186,P101186,Complete,100,2026-07-08T03:01:09+01:00,2026-07-08T03:09:24+01:00,495,Desktop,Safari,Panel A,f276153f2255,b8fca0dd0614,29,25-34,Woman,East Midlands,Suburban,Employed full-time,"£20,000-£34,999",Yes,Yes,2-3,8-30 days ago,QuickBite,5,5,6,6,5,6,4,7,5,6,7,3,4,17.35,No,,,,Yes,Give drivers clearer instructions for flats and apartment buildings.,41.1,81.3,82.8,117.1,55.9,34.5
R01187,P101187,Complete,100,2026-07-09T13:15:10+01:00,2026-07-09T13:25:47+01:00,637,Mobile,Chrome,Panel B,2649eb5fb9c3,43fed7634cd2,53,45-54,Man,South East,Urban,Employed full-time,Prefer not to say,Yes,Yes,6-9,Today,Restaurant direct,5,5,3,5,5,5,5,5,5,5,5,3,5,32.13,No,,,,No,Give drivers clearer instructions for flats and apartment buildings.,54.9,82.1,103.9,127.4,84.9,93.9
R01188,P101188,Complete,100,2026-07-12T10:20:50+01:00,2026-07-12T10:27:50+01:00,420,Mobile,Chrome,Panel A,826d7447254f,d656229fdb51,63,55-64,Woman,East Midlands,Rural,Employed full-time,"£100,000+",No,Yes,2-3,Past week,Restaurant direct,4,4,7,4,4,4,3,3,3,4,5,3,2,24.99,No,,,,No,"Lower delivery fees, especially on smaller orders.",19.4,66.1,59.1,116.3,54.4,43.3
R01189,P101189,Complete,100,2026-07-08T03:10:51+01:00,2026-07-08T03:20:13+01:00,562,Desktop,Chrome,Panel A,0bb28e8ee9b8,8e103e43355f,66,65-74,Man,East of England,Urban,Not currently employed,"Under £20,000",Yes,Yes,4-5,Past week,FoodGo,4,4,5,3,4,6,5,5,4,5,3,3,4,37.41,No,,,,No,Better tracking when the driver is close.,33.4,97.6,82.0,124.0,64.1,88.4
R01190,P101190,Complete,100,2026-07-08T21:21:58+01:00,2026-07-08T21:29:18+01:00,440,Desktop,Other,Panel A,ca482a358a37,e969ea4ca801,23,18-24,Woman,West Midlands,Urban,Employed full-time,"£35,000-£49,999",Yes,Yes,6-9,Past week,Restaurant direct,6,7,10,5,6,6,6,6,5,5,6,3,5,24.8,No,,,,No,"Lower delivery fees, especially on smaller orders.",49.8,61.9,64.8,117.5,46.3,45.0
R01191,P101191,Complete,100,2026-07-20T21:21:23+01:00,2026-07-20T21:33:06+01:00,703,Mobile,Chrome,Panel C,456838bfb60f,d0df05d747f3,60,55-64,Woman,East Midlands,Urban,Employed part-time,"£35,000-£49,999",No,Yes,1,Past week,FoodGo,4,3,6,4,4,4,4,2,3,5,5,3,3,22.74,No,,,,No,Make service charges easier to understand before checkout.,59.0,89.9,116.3,151.0,113.7,123.9
R01192,P101192,Complete,100,2026-07-18T20:04:03+01:00,2026-07-18T20:16:12+01:00,729,Mobile,Chrome,Panel B,010f30f3afd2,214664afe113,18,18-24,Woman,East of England,Urban,Employed full-time,"£50,000-£74,999",Yes,Yes,2-3,8-30 days ago,MealDash,5,5,7,6,5,6,5,4,5,6,5,3,5,35.49,No,,,,No,Show unavailable items before I start ordering.,31.0,84.2,171.2,214.0,86.6,45.7
R01193,P101193,Complete,100,2026-07-15T13:06:21+01:00,2026-07-15T13:15:15+01:00,534,Desktop,Safari,Panel A,513f752d82b4,949adc7b9fee,52,45-54,Woman,East of England,Rural,Self-employed,"£35,000-£49,999",No,Yes,0,31-90 days ago,FoodGo,3,3,3,3,3,3,2,3,3,4,3,3,3,23.56,No,,,,Yes,More consistent delivery times at weekends.,39.1,64.1,92.9,159.4,74.6,50.3
R01194,P101194,Complete,100,2026-07-19T07:01:23+01:00,2026-07-19T07:11:45+01:00,622,Desktop,Safari,Panel C,df2d3817ffa7,9eddda54a233,42,35-44,Man,South East,Urban,Employed full-time,"£20,000-£34,999",No,Yes,0,31-90 days ago,QuickBite,5,5,8,5,5,5,3,4,6,6,7,3,4,34.77,No,,,,No,Better loyalty rewards.,33.9,83.3,112.4,122.9,86.9,97.0
R01195,P101195,Complete,100,2026-07-13T14:50:53+01:00,2026-07-13T15:00:13+01:00,560,Mobile,Safari,Panel C,400f55ec1534,973a7f46ba0b,19,18-24,Woman,South East,Suburban,Self-employed,"£75,000-£99,999",No,Yes,10+,Past week,QuickBite,5,6,8,7,5,4,4,6,5,4,5,3,5,27.71,No,,,,No,More environmentally friendly packaging options.,53.4,62.5,140.9,140.5,38.7,63.7
R01196,P101196,Complete,100,2026-07-17T02:44:42+01:00,2026-07-17T02:53:11+01:00,509,Mobile,Edge,Panel C,c9c69d34399d,b0ba34818253,53,45-54,Woman,West Midlands,Urban,Employed full-time,"£50,000-£74,999",No,Yes,4-5,Past week,Restaurant direct,5,6,7,7,4,6,5,6,6,6,5,3,5,34.27,No,,,,No,Better loyalty rewards.,49.5,73.5,66.8,146.4,35.7,86.4
R01197,P101197,Complete,100,2026-07-13T05:00:31+01:00,2026-07-13T05:09:19+01:00,528,Desktop,Safari,Panel B,20d945b09bfc,74baed068ecb,30,25-34,Woman,West Midlands,Urban,Employed full-time,"£75,000-£99,999",No,Yes,10+,Today,Restaurant direct,6,5,9,5,6,7,4,5,6,5,5,3,5,14.5,No,,,,No,Improve the accuracy of map tracking.,37.8,54.6,89.2,110.7,80.8,67.0
R01198,P101198,Complete,100,2026-07-06T20:44:48+01:00,2026-07-06T20:52:24+01:00,456,Desktop,Safari,Panel A,148ed07324c7,4093371f2b0b,64,55-64,Man,South East,Suburban,Employed full-time,"£35,000-£49,999",No,Yes,1,8-30 days ago,QuickBite,5,5,6,5,5,5,5,6,5,5,4,3,5,27.76,No,,,,No,Let customers edit an order for a short time after placing it.,47.8,98.0,67.8,142.5,54.9,20.8
R01199,P101199,Complete,100,2026-07-08T22:30:53+01:00,2026-07-08T22:40:01+01:00,548,Desktop,Safari,Panel B,3082c852d39c,839f6d9203af,30,25-34,Woman,East of England,Urban,Employed full-time,Prefer not to say,No,Yes,4-5,Today,FoodGo,6,7,10,5,7,6,6,7,6,6,6,3,6,29.41,No,,,,No,Faster refunds when something goes wrong.,48.8,69.8,131.2,80.2,54.9,104.7
R01200,P101200,Complete,100,2026-07-11T00:51:00+01:00,2026-07-11T01:00:30+01:00,570,Tablet,Chrome,Panel A,1bbfac9d54cf,5c78e68db278,23,18-24,Woman,Yorkshire and the Humber,Urban,Employed full-time,"£35,000-£49,999",Yes,Yes,2-3,Past week,QuickBite,5,5,8,6,5,6,4,6,5,7,4,3,5,40.17,No,,,,No,"Lower delivery fees, especially on smaller orders.",56.5,46.2,141.1,96.1,49.5,111.5
R01201,P101201,Partial,60,2026-07-09T04:50:17+01:00,2026-07-09T04:51:16+01:00,59,Mobile,Chrome,Panel A,7d9a53b29710,513b400ffff9,46,45-54,Man,South West,Urban,Employed full-time,Prefer not to say,No,Yes,4-5,Past week,QuickBite,7,5,10,4,5,4,4,5,6,5,,,,,,,,,,,39.1,37.3,105.8,90.8,65.2,13.0
R01202,P101202,Partial,45,2026-07-09T18:07:36+01:00,2026-07-09T18:13:05+01:00,329,Desktop,Chrome,Panel A,4fcb2e610256,343d51cac634,59,55-64,Woman,Wales,Urban,Employed full-time,"£20,000-£34,999",Yes,Yes,1,Past week,MealDash,7,4,5,5,6,5,,,,,,,,,,,,,,,33.0,50.8,56.0,57.9,85.7,41.6
R01203,P101203,Partial,75,2026-07-20T19:02:43+01:00,2026-07-20T19:08:14+01:00,331,Mobile,Chrome,Panel B,a62f9c25e4d3,1c4b28034049,36,35-44,Woman,West Midlands,Urban,Employed part-time,"£50,000-£74,999",Yes,Yes,6-9,31-90 days ago,MealDash,5,4,9,4,5,4,4,5,6,5,7,3,3,22.84,,,,,,,25.2,51.8,94.8,72.8,51.4,45.6
R01204,P101204,Partial,45,2026-07-08T19:23:53+01:00,2026-07-08T19:26:00+01:00,127,Mobile,Safari,Panel A,edce29e7abef,e82131ba21c2,19,18-24,Man,East Midlands,Suburban,Student,"£35,000-£49,999",Yes,Yes,2-3,8-30 days ago,MealDash,5,5,5,6,3,6,,,,,,,,,,,,,,,33.9,83.2,84.6,45.7,50.4,39.3
R01205,P101205,Partial,45,2026-07-20T20:54:25+01:00,2026-07-20T20:58:42+01:00,257,Mobile,Edge,Panel A,454e86ef96b2,c0263c622f7b,39,35-44,Woman,East of England,Urban,Employed part-time,"£35,000-£49,999",No,Yes,4-5,Past week,Other,6,4,5,4,3,5,,,,,,,,,,,,,,,42.7,65.8,87.9,43.1,56.9,20.8
R01206,P101206,Partial,30,2026-07-12T03:47:57+01:00,2026-07-12T03:49:24+01:00,87,Mobile,Edge,Panel A,c3aa3a595564,887e47993c36,64,55-64,Man,West Midlands,Urban,Employed full-time,"£35,000-£49,999",No,Yes,6-9,Past week,Restaurant direct,5,6,9,,,,,,,,,,,,,,,,,,37.9,39.4,53.2,115.2,51.9,43.0
R01207,P101207,Partial,45,2026-07-14T13:50:51+01:00,2026-07-14T13:52:38+01:00,107,Mobile,Safari,Panel B,7834dafeeccb,acc60ac69c3d,52,45-54,Man,South East,Suburban,Employed full-time,"Under £20,000",Yes,Yes,4-5,31-90 days ago,FoodGo,6,4,10,5,4,6,,,,,,,,,,,,,,,30.7,38.5,96.8,72.9,70.8,54.7
R01208,P101208,Partial,60,2026-07-11T05:17:32+01:00,2026-07-11T05:20:23+01:00,171,Mobile,Chrome,Panel A,3a14e3401de6,498305a7cab2,57,55-64,Man,Scotland,Urban,Self-employed,"£35,000-£49,999",No,Yes,2-3,31-90 days ago,Restaurant direct,4,4,7,4,4,5,4,5,5,5,,,,,,,,,,,44.7,42.6,94.7,88.3,42.6,66.6
R01209,P101209,Partial,45,2026-07-10T15:05:22+01:00,2026-07-10T15:08:58+01:00,216,Mobile,Safari,Panel B,5415a595219c,a55cbf8703cd,43,35-44,Woman,Scotland,Rural,Employed part-time,"£35,000-£49,999",Yes,Yes,2-3,Today,QuickBite,5,5,9,5,4,5,,,,,,,,,,,,,,,69.5,29.8,106.7,118.7,43.2,33.3
R01210,P101210,Partial,60,2026-07-15T06:14:49+01:00,2026-07-15T06:17:49+01:00,180,Mobile,Safari,Panel A,e37bac492f4f,813a95dc5e6e,28,25-34,Man,East of England,Urban,Employed part-time,"Under £20,000",Yes,Yes,4-5,8-30 days ago,QuickBite,4,6,5,6,5,4,3,7,5,5,,,,,,,,,,,72.9,77.5,70.9,69.6,46.8,48.3
R01211,P101211,Partial,60,2026-07-17T03:36:58+01:00,2026-07-17T03:38:05+01:00,67,Tablet,Chrome,Panel B,06454e55175c,6f892ee4dc47,51,45-54,Woman,Scotland,Suburban,Employed full-time,"£75,000-£99,999",Yes,Yes,2-3,8-30 days ago,QuickBite,5,5,10,4,5,3,5,5,6,5,,,,,,,,,,,28.1,12.7,75.2,135.3,63.6,25.3
R01212,P101212,Partial,30,2026-07-12T20:13:17+01:00,2026-07-12T20:14:37+01:00,80,Mobile,Edge,Panel A,cb9be5e4df13,d060fbbaf799,50,45-54,Woman,East Midlands,Rural,Employed full-time,"£50,000-£74,999",No,Yes,4-5,Past week,FoodGo,6,5,7,,,,,,,,,,,,,,,,,,31.7,42.5,100.8,69.4,72.5,47.8
R01213,P101213,Partial,60,2026-07-09T12:15:48+01:00,2026-07-09T12:17:31+01:00,103,Mobile,Chrome,Panel C,7a05f520498d,a3e2e581aee8,43,35-44,Man,Scotland,Suburban,Employed full-time,"£50,000-£74,999",No,Yes,2-3,Today,FoodGo,7,6,5,5,6,4,5,5,6,5,,,,,,,,,,,23.3,70.3,26.8,68.4,60.6,49.6
R01214,P101214,Partial,60,2026-07-07T09:53:53+01:00,2026-07-07T09:58:04+01:00,251,Desktop,Chrome,Panel B,b9b12b305f8c,efc9a0db91b9,23,18-24,Woman,North East,Urban,Employed part-time,"Under £20,000",No,Yes,0,Past week,FoodGo,5,6,9,5,6,5,4,6,5,6,,,,,,,,,,,40.9,75.2,30.8,55.2,90.4,52.7
R01215,P101215,Partial,30,2026-07-13T03:45:03+01:00,2026-07-13T03:48:23+01:00,200,Mobile,Chrome,Panel A,8d44ed3748d6,781a25d23f89,19,18-24,Woman,West Midlands,Urban,Employed full-time,"£20,000-£34,999",No,Yes,4-5,Past week,FoodGo,5,5,7,,,,,,,,,,,,,,,,,,37.9,52.5,77.2,61.0,62.7,42.4
R01216,P101216,Partial,45,2026-07-06T13:05:28+01:00,2026-07-06T13:07:38+01:00,130,Mobile,Safari,Panel B,727cf9f172b5,85adb5dd5ee5,37,35-44,Man,North East,Urban,Retired,"£35,000-£49,999",Yes,Yes,1,Past week,FoodGo,5,6,9,6,5,6,,,,,,,,,,,,,,,49.7,58.5,68.3,133.1,77.9,13.1
R01217,P101217,Partial,60,2026-07-08T09:48:57+01:00,2026-07-08T09:53:55+01:00,298,Desktop,Chrome,Panel A,ba8fe74ad321,df663807b017,20,18-24,Man,Scotland,Urban,Self-employed,"£50,000-£74,999",Yes,Yes,10+,Past week,QuickBite,4,6,10,6,5,4,5,5,5,6,,,,,,,,,,,48.1,50.1,110.6,142.7,57.7,52.9
R01218,P101218,Partial,45,2026-07-10T18:27:01+01:00,2026-07-10T18:32:06+01:00,305,Desktop,Chrome,Panel B,a985d57f5f11,072e545b9cdd,18,18-24,Woman,London,Urban,Employed full-time,"Under £20,000",No,Yes,2-3,Past week,Other,5,5,10,6,5,6,,,,,,,,,,,,,,,30.9,37.7,105.2,83.2,10,37.0
R01219,P101219,Partial,30,2026-07-18T07:58:13+01:00,2026-07-18T08:00:06+01:00,113,Mobile,Edge,Panel C,124affb7891e,1bae514104ea,49,45-54,Woman,Wales,Suburban,Student,"£50,000-£74,999",No,Yes,6-9,Past week,Other,5,6,5,,,,,,,,,,,,,,,,,,34.1,60.4,89.7,98.8,62.1,26.5
R01220,P101220,Partial,30,2026-07-14T01:24:36+01:00,2026-07-14T01:28:30+01:00,234,Mobile,Safari,Panel B,274de51614b9,9779ead97895,58,55-64,Woman,South East,Suburban,Employed full-time,"£50,000-£74,999",No,Yes,2-3,Past week,QuickBite,5,6,4,,,,,,,,,,,,,,,,,,33.7,73.3,101.2,98.9,32.9,36.0
R01221,P101221,Partial,45,2026-07-07T21:03:51+01:00,2026-07-07T21:06:29+01:00,158,Desktop,Safari,Panel A,cc8c3a9049c3,56893f4c588b,34,25-34,Woman,London,Suburban,Employed full-time,"£100,000+",Yes,Yes,6-9,Past week,QuickBite,4,5,10,6,5,4,,,,,,,,,,,,,,,39.6,40.1,48.2,65.6,73.3,50.9
R01222,P101222,Partial,75,2026-07-09T16:09:04+01:00,2026-07-09T16:14:38+01:00,334,Mobile,Safari,Panel B,6388c6670f03,0db4238ab405,32,25-34,Woman,North West,Suburban,Not currently employed,"£100,000+",No,Yes,4-5,Today,QuickBite,4,5,8,6,4,4,4,5,5,6,5,3,3,36.0,,,,,,,47.5,41.3,113.0,57.3,49.7,35.9
R01223,P101223,Partial,60,2026-07-07T05:58:58+01:00,2026-07-07T06:02:33+01:00,215,Mobile,Safari,Panel C,69f7b3cc26ca,bf8536f1efca,35,35-44,Man,North West,Suburban,Student,"£35,000-£49,999",No,Yes,1,Past week,QuickBite,5,5,7,6,5,5,6,4,5,5,,,,,,,,,,,37.2,33.9,63.4,115.8,82.9,58.4
R01224,P101224,Partial,75,2026-07-11T17:24:02+01:00,2026-07-11T17:26:01+01:00,119,Desktop,Chrome,Panel B,7a5a7408478a,3bd117f50b55,34,25-34,Man,South East,Urban,Employed full-time,"£35,000-£49,999",No,Yes,10+,Past week,MealDash,6,4,9,5,6,5,4,6,5,5,6,3,4,24.99,,,,,,,50.8,64.4,75.9,188.2,72.1,33.7
R01225,P101225,Partial,75,2026-07-18T21:21:48+01:00,2026-07-18T21:23:03+01:00,75,Desktop,Chrome,Panel B,0fef9c85fc53,febf45679d30,63,55-64,Woman,South East,Urban,Retired,"£20,000-£34,999",Yes,Yes,2-3,Past week,QuickBite,5,4,4,4,5,5,6,4,5,5,4,3,5,23.37,,,,,,,54.2,59.3,48.1,99.3,54.8,34.9
R01226,P101226,Partial,30,2026-07-09T16:33:56+01:00,2026-07-09T16:37:01+01:00,185,Desktop,Chrome,Panel A,d1b40ab23cdf,e8badd4aab71,42,35-44,Man,South West,Urban,Employed full-time,"£35,000-£49,999",Yes,Yes,10+,Past week,Restaurant direct,6,5,0,,,,,,,,,,,,,,,,,,49.3,35.8,92.8,96.3,59.0,19.5
R01227,P101227,Partial,45,2026-07-09T06:01:40+01:00,2026-07-09T06:05:58+01:00,258,Desktop,Safari,Panel A,1812760dab01,86cdfde75f48,19,18-24,Woman,South West,Suburban,Self-employed,"£100,000+",Yes,Yes,2-3,Past week,Restaurant direct,5,6,10,5,4,7,,,,,,,,,,,,,,,48.1,65.8,105.3,87.9,28.9,56.2
R01228,P101228,Partial,75,2026-07-15T08:28:15+01:00,2026-07-15T08:33:12+01:00,297,Mobile,Chrome,Panel A,1f15bb11b478,b202b455c182,40,35-44,Man,West Midlands,Rural,Not currently employed,"£100,000+",Yes,Yes,6-9,8-30 days ago,QuickBite,6,4,6,5,5,3,4,4,5,5,4,3,7,18.98,,,,,,,43.0,47.6,66.8,122.3,54.5,10.1
R01229,P101229,Partial,60,2026-07-19T03:20:50+01:00,2026-07-19T03:26:25+01:00,335,Mobile,Safari,Panel B,78d2c10c4285,dc4bb63f2375,30,25-34,Prefer not to say,Wales,Rural,Employed full-time,"£50,000-£74,999",No,Yes,4-5,Past week,MealDash,6,5,5,6,5,5,5,6,5,6,,,,,,,,,,,43.4,71.0,128.7,133.7,60.1,43.9
R01230,P101230,Partial,75,2026-07-19T06:31:01+01:00,2026-07-19T06:34:58+01:00,237,Mobile,Chrome,Panel B,dee3dd44d497,e8c0bd1eb00d,48,45-54,Man,South East,Suburban,Self-employed,"£50,000-£74,999",No,Yes,1,8-30 days ago,FoodGo,5,4,4,4,5,4,4,6,7,4,5,3,5,9.89,,,,,,,56.9,89.2,44.5,90.4,75.6,53.9
R01231,P101231,Partial,75,2026-07-11T14:44:32+01:00,2026-07-11T14:48:49+01:00,257,Mobile,Edge,Panel C,4cfad8b08d14,39ea25192e1b,24,18-24,Man,East of England,Urban,Employed full-time,"£35,000-£49,999",No,Yes,6-9,Past week,Restaurant direct,5,4,8,5,5,6,5,5,5,4,6,3,6,29.46,,,,,,,36.2,42.4,94.5,119.7,47.3,28.0
R01232,P101232,Partial,75,2026-07-06T20:50:56+01:00,2026-07-06T20:52:25+01:00,89,Desktop,Safari,Panel A,fe93dc5d8593,0aa0e6e5ceaf,24,18-24,Man,South East,Suburban,Employed full-time,"Under £20,000",No,Yes,2-3,Past week,FoodGo,6,5,7,4,5,6,5,6,6,4,6,3,4,31.33,,,,,,,42.7,69.8,101.0,81.3,55.3,38.7
R01233,P101233,Partial,60,2026-07-15T06:56:01+01:00,2026-07-15T06:57:11+01:00,70,Mobile,Chrome,Panel A,86c7fedeeefd,0ec3902e3cfd,68,65-74,Woman,South East,Suburban,Employed part-time,"£35,000-£49,999",Yes,Yes,2-3,8-30 days ago,QuickBite,4,4,6,6,6,5,4,4,6,4,,,,,,,,,,,23.6,69.7,100.3,93.1,51.4,55.7
R01234,P101234,Partial,45,2026-07-19T08:28:47+01:00,2026-07-19T08:32:23+01:00,216,Mobile,Edge,Panel A,010d7de8e5ac,b42675a78ea8,27,25-34,Woman,London,Urban,Not currently employed,"Under £20,000",No,Yes,2-3,31-90 days ago,MealDash,5,5,8,5,3,4,,,,,,,,,,,,,,,48.7,45.7,88.3,43.4,67.4,66.2
R01235,P101235,Partial,30,2026-07-07T16:46:18+01:00,2026-07-07T16:49:37+01:00,199,Mobile,Chrome,Panel B,b2779650dbe3,0b09f863ddaa,69,65-74,Man,Yorkshire and the Humber,Urban,Not currently employed,Prefer not to say,Yes,Yes,1,8-30 days ago,MealDash,4,4,7,,,,,,,,,,,,,,,,,,25.0,29.6,57.5,10,41.0,45.2
R01236,P101236,Partial,60,2026-07-16T01:42:06+01:00,2026-07-16T01:43:59+01:00,113,Mobile,Edge,Panel B,fa78f5267f61,e267a7570fd2,61,55-64,Man,South East,Urban,Student,"Under £20,000",No,Yes,4-5,8-30 days ago,QuickBite,4,4,10,4,6,5,3,5,3,5,,,,,,,,,,,39.8,50.5,51.8,88.2,51.6,57.0
R01237,P101237,Partial,30,2026-07-10T18:47:59+01:00,2026-07-10T18:51:57+01:00,238,Desktop,Safari,Panel A,742b2f7787f3,250a6434622c,20,18-24,Woman,East of England,Urban,Not currently employed,"£50,000-£74,999",Yes,Yes,0,Past week,Restaurant direct,5,6,2,,,,,,,,,,,,,,,,,,29.1,65.0,83.5,136.9,58.3,49.4
R01238,P101238,Partial,60,2026-07-09T09:42:50+01:00,2026-07-09T09:47:21+01:00,271,Desktop,Safari,Panel B,81369a0c6793,f40931416d5b,36,35-44,Man,West Midlands,Suburban,Employed part-time,"£20,000-£34,999",No,Yes,2-3,Past week,FoodGo,3,4,8,5,5,5,3,5,3,6,,,,,,,,,,,48.2,18.4,53.6,72.9,73.4,42.8
R01239,P101239,Partial,60,2026-07-08T01:36:14+01:00,2026-07-08T01:41:06+01:00,292,Mobile,Safari,Panel A,01f2a4883e3c,b00c51b23916,25,25-34,Man,South East,Suburban,Student,"£20,000-£34,999",No,Yes,4-5,Past week,MealDash,7,6,9,4,5,4,4,6,4,4,,,,,,,,,,,35.8,62.0,92.7,82.2,72.3,14.9
R01240,P101240,Partial,60,2026-07-18T10:10:17+01:00,2026-07-18T10:13:11+01:00,174,Mobile,Chrome,Panel C,60ace4560b2d,808ba3157dc0,35,35-44,Woman,East of England,Urban,Employed full-time,"£20,000-£34,999",Yes,Yes,4-5,8-30 days ago,MealDash,6,4,5,5,3,4,3,5,6,6,,,,,,,,,,,39.4,48.6,80.8,76.1,63.6,53.3
R01241,P101241,Partial,45,2026-07-12T16:06:33+01:00,2026-07-12T16:09:14+01:00,161,Mobile,Edge,Panel A,2233eca57f7f,56e6e05a197d,29,25-34,Man,London,Urban,Employed full-time,Prefer not to say,No,Yes,1,Past week,QuickBite,6,3,3,4,5,4,,,,,,,,,,,,,,,51.5,69.0,76.9,119.6,52.4,55.2
R01242,P101242,Partial,60,2026-07-07T11:01:07+01:00,2026-07-07T11:06:05+01:00,298,Mobile,Edge,Panel A,2458b15ea63f,102b786f2766,36,35-44,Woman,East Midlands,Urban,Employed part-time,"£75,000-£99,999",No,Yes,2-3,8-30 days ago,QuickBite,4,5,5,5,5,4,5,6,7,5,,,,,,,,,,,42.4,52.9,94.6,140.7,59.8,25.2
R01243,P101243,Partial,30,2026-07-16T11:20:27+01:00,2026-07-16T11:22:06+01:00,99,Mobile,Safari,Panel C,c84927705ae7,d6dc7a964b65,29,25-34,Non-binary,South East,Urban,Student,"£50,000-£74,999",Yes,Yes,4-5,Past week,QuickBite,6,6,3,,,,,,,,,,,,,,,,,,36.2,66.9,80.7,66.2,61.5,49.5
R01244,P101244,Partial,60,2026-07-20T01:35:20+01:00,2026-07-20T01:38:26+01:00,186,Mobile,Chrome,Panel A,52abb44eeca0,e40592b22a9a,24,18-24,Man,North West,Rural,Employed full-time,"£35,000-£49,999",No,Yes,2-3,8-30 days ago,FoodGo,5,5,7,5,5,5,5,4,6,5,,,,,,,,,,,35.5,71.8,82.7,114.8,55.4,31.5
R01245,P101245,Partial,60,2026-07-15T16:29:14+01:00,2026-07-15T16:30:32+01:00,78,Mobile,Safari,Panel B,5e739346d08c,0d68cd6834a6,20,18-24,Man,Northern Ireland,Suburban,Employed full-time,"£100,000+",No,Yes,0,8-30 days ago,QuickBite,6,4,10,4,5,4,4,6,6,5,,,,,,,,,,,34.6,35.6,73.7,135.6,41.6,62.1
R01246,P101246,Partial,60,2026-07-09T10:14:15+01:00,2026-07-09T10:17:57+01:00,222,Desktop,Chrome,Panel B,b7527f506ef6,8e6509cd7dc4,32,25-34,Man,Scotland,Urban,Retired,"£20,000-£34,999",Yes,Yes,2-3,Today,QuickBite,4,4,7,5,5,7,4,6,5,6,,,,,,,,,,,29.7,67.9,38.7,131.4,70.4,53.6
R01247,P101247,Partial,45,2026-07-11T02:13:42+01:00,2026-07-11T02:16:30+01:00,168,Mobile,Safari,Panel C,e5723eed71ab,6040f4f38d23,22,18-24,Woman,Scotland,Urban,Student,"£35,000-£49,999",No,Yes,4-5,Today,QuickBite,6,3,6,5,4,4,,,,,,,,,,,,,,,62.7,64.6,69.6,99.6,95.4,26.0
R01248,P101248,Partial,60,2026-07-18T15:29:12+01:00,2026-07-18T15:34:07+01:00,295,Mobile,Chrome,Panel A,bf4a353d28aa,9a1932551aef,32,25-34,Man,South East,Suburban,Employed full-time,"£20,000-£34,999",No,Yes,2-3,Past week,MealDash,5,7,8,5,5,5,5,6,5,4,,,,,,,,,,,46.5,54.0,71.5,123.2,57.5,42.7
R01249,P101249,Partial,30,2026-07-10T14:32:15+01:00,2026-07-10T14:36:51+01:00,276,Mobile,Chrome,Panel B,bf81c48536d3,80b85b5c8e97,43,35-44,Man,East Midlands,Urban,Student,"£20,000-£34,999",No,Yes,6-9,8-30 days ago,MealDash,3,6,8,,,,,,,,,,,,,,,,,,38.1,73.9,93.9,109.6,66.9,55.2
R01250,P101250,Partial,45,2026-07-06T21:20:10+01:00,2026-07-06T21:23:28+01:00,198,Desktop,Edge,Panel A,bd3be52609a5,b0421a30f9bf,38,35-44,Woman,London,Urban,Employed full-time,"£50,000-£74,999",No,Yes,1,Past week,QuickBite,4,6,5,5,6,7,,,,,,,,,,,,,,,29.3,51.2,84.5,69.3,26.9,15.5
